"title","company","location","sector","description","required_skills","required_education","required_experience","required_languages","contract_type","posted_date","source"
"Chargé(e) supply chain | Casablanca (Maroc)","OBK Technologies Auditec","Maroc","Informatique","Offre d'emploi Chargé(e) supply chain - Casablanca - OBK Technologies Auditec Chargé(e) supply chain - Casablanca Achats / Supply Chain - Secteur Indifférent Junior (1 à 3 ans) - Intermédiaire (3 à 5 ans) 1 poste(s) sur Casablanca et région - Maroc Bac +3 - BTS / DUT - Licence Respect des règles CDI Télétravail : Non Publiée aujourd'hui sur ReKrute.com - Postulez avant le 28/06/2026 J'aime Suivre Entreprise : Redonner voix aux instants, redonner goût à la vie. Présentation de l’entreprise Auditec Depuis 2004, Auditec s’est imposée comme un réseau de référence en correction auditive au Maroc, en se démarquant par la qualité de ses produits et ses exigences élevées en matière de service client. Forte de plus de 20 ans d’expérience, l’entreprise poursuit sa mission : offrir à chaque patient des solutions auditives sur mesure, pour leur permettre de retrouver le plaisir de bien entendre et le confort d’une vie épanouie et en pleine santé. Chez Auditec, nos audioprothésistes exercent leur métier avec passion et dévouement, guidés par nos valeurs fondamentales : l’écoute, l’empathie, l’engagement et l’enthousiasme. Pourquoi rejoindre Auditec ? Pour intégrer un réseau humain, engagé au service de la santé auditive au Maroc. Pour travailler dans un environnement où les valeurs d’écoute et de respect guident chaque action. Pour évoluer aux côtés de professionnels passionnés et participer à une mission à fort impact humain. Pour bénéficier d’un cadre de travail stimulant, avec des perspectives d’évolution et une culture d’entreprise bienveillante. Pour intégrer un parcours de développement professionnel complet, où chaque nouvelle recrue bénéficie de formations initiales et continues ainsi que de séminaires trimestriels animés par les meilleurs experts du domaine auditif, au Maroc comme à l’étranger. Cette démarche favorise l’acquisition et le maintien de compétences techniques et relationnelles de haut niveau, essentielles à la réussite et à l’évolution au sein de notre entr","Tableau","Bac+3","Junior","Non spécifié","Non spécifié","2026-04-29","Rekrute | https://www.rekrute.com/offre-emploi-chargee-supply-chain-recrutement-obk-technologies-auditec-casablanca-182304.html"
"Technicien Réseau Informatique | Casablanca (Maroc)","Confidentiel","Maroc","Informatique","Offre d'emploi Technicien Réseau Informatique - Casablanca - Confidential Technicien Réseau Informatique - Casablanca Informatique / Electronique - Télécom / Réseaux - Secteur Indifférent Intermédiaire (3 à 5 ans) 1 poste(s) sur Casablanca et région - Maroc Bac +2 Minimum - Université Créativité Volonté de persuasion Flexibilité Besoin de réflexion Travail en équipe Organisation CDI Télétravail : Non Publiée aujourd'hui sur ReKrute.com - Postulez avant le 19/05/2026 J'aime Entreprise : Rejoignez une entreprise marocaine de référence, acteur clé dans des secteurs stratégiques. Engagé en faveur du développement durable et de l’innovation, le groupe offre à ses talents un environnement stimulant, des parcours de carrière diversifiés et une culture d’entreprise fondée sur la performance et la responsabilité. Vous souhaitez donner du sens à votre parcours professionnel ? Venez construire l’avenir avec nous. Poste : Rejoignez une entreprise dynamique dans son secteur à Casablanca en tant que Technicien Réseau Informatique , ce poste représente une opportunité unique de mettre à profit votre expertise et de contribuer activement à nos opérations stratégiques. Contribuer à la performance et à la fiabilité des infrastructures réseau en assurant leur déploiement, leur maintenance et leur optimisation continue. Votre rôle sera essentiel pour garantir la fluidité des échanges d'information et le bon fonctionnement des systèmes informatiques critiques. Vos responsabilités incluront: L'installation, la configuration et la maintenance des équipements réseau (routeurs, switches, pare-feux). La surveillance proactive des performances du réseau et la résolution des incidents. La participation aux projets d'évolution du réseau et à l'implémentation de nouvelles solutions. La gestion des sauvegardes et la mise en œuvre des politiques de sécurité réseau. La documentation technique et le suivi des procédures opérationnelles. Profil recherché : Pour exceller dans ce rôle, une formation de","Excel","Bac+4","Expert","Non spécifié","Non spécifié","2026-04-29","Rekrute | https://www.rekrute.com/offre-emploi-technicien-reseau-informatique-recrutement-confidentiel-casablanca-180975.html"
"Responsable d'exploitation franchise | Casablanca (Maroc)","Confidentiel","Maroc","Informatique","Offre d'emploi Responsable d'exploitation franchise - Casablanca - Confidential Responsable d'exploitation franchise - Casablanca Hôtellerie / Restauration (métiers de) - Secteur Indifférent Confirmé (5 à 10 ans) 1 poste(s) sur Casablanca et région - Maroc Bac +4 Minimum - Formation professionnelle - Formation spécialisée Créativité Volonté de persuasion Rationalisme Flexibilité Besoin d'action Travail en équipe Implication au travail Organisation CDI Télétravail : Non Publiée aujourd'hui sur ReKrute.com - Postulez avant le 07/06/2026 J'aime Entreprise : Rejoignez une entreprise marocaine de référence, acteur clé dans des secteurs stratégiques. Engagé en faveur du développement durable et de l’innovation, le groupe offre à ses talents un environnement stimulant, des parcours de carrière diversifiés et une culture d’entreprise fondée sur la performance et la responsabilité. Vous souhaitez donner du sens à votre parcours professionnel ? Venez construire l’avenir avec nous. Poste : Rejoignez une entreprise dynamique dans son secteur qui s'étend sur un réseau de franchises prometteur. Situé au cœur de Casablanca , nous recherchons un Responsable d'exploitation franchise pour piloter la réussite de nos points de vente. Ce rôle clé vise à assurer l'excellence opérationnelle de chaque franchise, à maximiser la rentabilité et à garantir une expérience client irréprochable. Il s'agit de déployer les standards de la marque avec rigueur et d'accompagner les franchisés dans leur développement. En tant que Responsable d'exploitation franchise, vos missions principales seront les suivantes : Superviser et coordonner les activités opérationnelles des différentes franchises pour garantir leur conformité aux normes établies. Analyser les performances financières et opérationnelles de chaque site, identifier les axes d'amélioration et proposer des plans d'action pertinents. Apporter un soutien régulier aux franchisés en matière de gestion, de management d'équipe et d'optimisation des","Git, Excel, Vente","Bac+4","Confirmé","Non spécifié","Non spécifié","2026-04-29","Rekrute | https://www.rekrute.com/offre-emploi-responsable-dexploitation-franchise-recrutement-confidentiel-casablanca-181558.html"
"Responsable Logistique (H/F) | Kénitra (Maroc)","Manpower Agences","Maroc","Informatique","Offre d'emploi Responsable Logistique (H/F) - Kénitra - Manpower Agences Responsable Logistique (H/F) - Kénitra Achats / Supply Chain - Logistique / Transport (métiers de) - Secteur Transport / Messagerie / Logistique Intermédiaire (3 à 5 ans) Kénitra et région - Maroc Bac +5 et plus Minimum - Ecole d'ingénieur Recherche de nouveauté Respect des règles Distance émotionnelle Rationalisme Besoin d'action Implication au travail Organisation CDI Télétravail : Non Poste avec Management Publiée aujourd'hui sur ReKrute.com - Postulez avant le 17/06/2026 J'aime Suivre Entreprise : Présent depuis 1997 au Maroc, Manpower Group est un acteur international incontournable de l’emploi et de l’insertion sociale dans le monde. Au sein du Royaume Chérifien, nous couvrons l’ensemble du territoire, de Tanger à Laayoune. Nos équipes sont formées pour appuyer les entreprises dans la promotion de l’excellence en matière de gestion du capital humain : Intérim, CDD/CDI, Solutions & Ingénierie RH, Développement du capital humain… Pour nos salariés intérimaires , nous proposons une expérience unique, notamment avec la déclaration de 100% des heures travaillées, la mise en place d’une mutuelle pour tous et un accompagnement personnalisé pour les démarches administratives (bancarisation, CNSS…). Pour nos candidats , nous offrons, conformément aux standards mondiaux de Manpower Group, un processus de sélection, d’évaluation et d’accompagnement à la réussite dans leur nouvelle mission. Poste : Nous recherchons pour l'un de nos clients un Responsable Logistique. Vous serez responsable de la planification, de la coordination et de l’optimisation de l’ensemble des flux logistiques, depuis l’approvisionnement en matières premières jusqu’à la livraison des produits finis. Vous garantissez la disponibilité des composants, la fiabilité des stocks et la performance globale de la chaîne logistique. Missions principales: Élaborer et suivre le plan d’approvisionnement en matières premières et composants. A","Excel","Bac+5","Non spécifié","Français, Anglais","Non spécifié","2026-04-29","Rekrute | https://www.rekrute.com/offre-emploi-responsable-logistique-hf-recrutement-manpower-agences-kenitra-181886.html"
"Spécialiste SIRH (H/F) | Rabat (Maroc)","Cnexia","Maroc","Informatique","Offre d'emploi Spécialiste SIRH (H/F) - Rabat - Cnexia Spécialiste SIRH (H/F) - Rabat RH / Personnel / Formation - Secteur Indifférent Junior (1 à 3 ans) 1 poste(s) sur Rabat et région - Maroc Bac +4 Minimum - Master Recherche de nouveauté Extraversion Besoin d'objectivité Besoin d'autonomie Implication au travail CDI Télétravail : Non Publiée aujourd'hui sur ReKrute.com - Postulez avant le 21/06/2026 J'aime Suivre Entreprise : Rejoignez Cnexia et faites le choix de faire partie d’un projet qui valorise l’innovation, promeut le développement continu des compétences et donne l’opportunité aux personnes créatives et ambitieuses du domaine des hautes technologies et de la relation client de réaliser leurs objectifs professionnels. Fiers de notre statut de filiale Marocaine exclusive de l’opérateur télécom historique du Canada , nous n’avons cessé d’élargir nos équipes depuis 2021 avec près de 4000 employés principalement basés à Fès et Rabat . Nous venons d’étendre nos activités dans la partie sud du royaume en inaugurant un nouveau site à Casablanca afin d’y poursuivre notre croissance avec comme objectif de devenir la plus grande compagnie de services au Maroc qui dessert le marché Canadien. Outre notre cadence de croissance qui est une des plus fortes et des plus ambitieuses au Maroc, nous sommes conscients que cela n’aurait pu être possible sans l’engagement quotidien et le talent de nos collaborateurs. Pour cela, nous accordons une grande importance à l’équité, le bien être au travail et le développement de carrière de nos employés. Ainsi nous avons été certifiés Best place to work. Nous comptons actuellement une soixantaine de nos employés qui bénéficient de nos différents programmes de parcours qualifiants, 80% de notre staff managérial émane de l’interne et selon le dernier sondage interne de satisfaction, 86% de nos collaborateurs recommanderai cnexia à un ami. Si vous êtes prêts à relever ce défi, nous vous invitons à rejoindre une communauté qui valorise les","SAP, Excel","Bac+5","3 ans","Français, Anglais","Non spécifié","2026-04-29","Rekrute | https://www.rekrute.com/offre-emploi-specialiste-sirh-hf-recrutement-cnexia-rabat-181999.html"
"Consultante/Consultant Data – Snowflake | Casablanca (Maroc)","Capgemini","Maroc","Informatique","Offre d'emploi Consultante/Consultant Data – Snowflake - Casablanca - Capgemini Consultante/Consultant Data – Snowflake - Casablanca Informatique / Electronique - Secteur Informatique Confirmé (5 à 10 ans) Casablanca et région - Maroc Bac +5 et plus Minimum - Ecole d'ingénieur Recherche de nouveauté Ambition Besoin de réflexion Besoin d'autonomie Implication au travail CDI Télétravail : Hybride Poste avec Management Publiée aujourd'hui sur ReKrute.com - Postulez avant le 28/06/2026 J'aime Suivre Entreprise : Capgemini est un leader mondial, responsable et multiculturel, regroupant 325 000 personnes dans plus de 50 pays. Partenaire stratégique des entreprises pour la transformation de leurs activités en tirant profit de toute la puissance de la technologie, le Groupe est guidé au quotidien par sa raison d’être : libérer les énergies humaines par la technologie pour un avenir inclusif et durable. Fort de 55 ans d’expérience et d’une grande expertise des différents secteurs d’activité, Capgemini est reconnu par ses clients pour répondre à l’ensemble de leurs besoins, de la stratégie et du design jusqu’au management des opérations, en tirant parti des innovations dans les domaines en perpétuelle évolution du cloud, de la data, de l’Intelligence Artificielle, de la connectivité, des logiciels, de l’ingénierie digitale et des plateformes. Le Groupe a réalisé un chiffre d'affaires de 18 milliards d'euros en 2021. Quelques raisons pour nous rejoindre : • Qualité de vie au travail : Possibilité de télétravail au Maroc ainsi qu’à l’international et autonomie dans l’organisation de votre quotidien, missions hybrides selon vos préférences. • Apprentissage en continu : accédez aux formations et certifications dédiées à votre techno, accompagnement personnalisé et parcours d’intégration structuré. • Projets variés et à fort impact : intervenez auprès de grands comptés dans des secteurs diversifiés avec des enjeux métiers et technologiques stimulants. • Écosystème d’expertise : fa","SQL, AWS, Azure, Git, Agile","Bac+5","Confirmé","Non spécifié","Non spécifié","2026-04-29","Rekrute | https://www.rekrute.com/offre-emploi-consultanteconsultant-data-snowflake-recrutement-capgemini-casablanca-182265.html"
"Conseiller commercial assurance | Tanger (Maroc)","ELOAN","Maroc","Informatique","Offre d'emploi Conseiller commercial assurance - Tanger - ELOAN Conseiller commercial assurance - Tanger Assurance (métiers de l') - Centre d'appels (métiers de) - Secteur Assurance / Courtage - Centre d'appels Intermédiaire (3 à 5 ans) 2 poste(s) sur Tanger et région - Maroc Bac +3 Minimum - Licence Conventionnel Respect des règles Extraversion Sensibilité émotionnelle Intuition / Spontanéité Implication au travail Ambition CDI Télétravail : Non Publiée aujourd'hui sur ReKrute.com - Postulez avant le 19/05/2026 J'aime Suivre Entreprise : L'expert des solutions financières Créée en 1996, PARTNERS FINANCES est une société experte en solutions financières de restructuration et de réaménagement de crédits. Leader de l’intermédiation en regroupement de crédits sur le marché français en tant que IOBSP, elle doit sa notoriété à son savoir-faire et à son engagement au service de la clientèle et de ses partenaires. Son implantation sur l’hexagone, son expertise et son respect du cadre législatif et réglementaire en ont fait un acteur incontournable de l’intermédiation bancaire. Nous sommes une entreprise ambitieuse, toujours en quête de développement, valorisant les efforts liés aux performances commerciales et favorisant le développement des compétences individuelles et collectives. Culture de l'entreprise : ELOAN se distingue par une culture fortement orientée vers la performance et la compétition , où l’ambition, le goût du challenge et l’atteinte d’objectifs chiffrés constituent des moteurs clés. Cette dynamique est presque équivalemment complétée par une culture de coopération , plaçant l’humain, la confiance et la responsabilisation au cœur du fonctionnement, avec un management de proximité favorisant l’accompagnement et l’engagement des équipes. Une dimension d’ organisation vient structurer l’ensemble, garantissant rigueur, fiabilité des processus et efficacité opérationnelle. L’ innovation , quant à elle, occupe une place très limitée et s’inscrit de manière margin","Excel, Vente, Négociation","Bac+4","Expert","Français","Non spécifié","2026-04-29","Rekrute | https://www.rekrute.com/offre-emploi-conseiller-commercial-assurance-recrutement-eloan-tanger-180984.html"
"Technicien Support IT | Casablanca (Maroc)","Weclose","Maroc","Informatique","Offre d'emploi Technicien Support IT - Casablanca - Weclose Technicien Support IT - Casablanca Informatique / Electronique - Télécom / Réseaux - Secteur Informatique - Telecom Débutant (-1 an) - Junior (1 à 3 ans) 1 poste(s) sur Casablanca et région - Maroc Bac +3 Maximum - Baccalauréat - BTS / DUT Flexibilité Besoin d'action Travail en équipe Implication au travail Organisation CDI Télétravail : Non Salaire proposé : Moins de 4000 DH nets mensuels Publiée il y a 2 jours sur ReKrute.com - Postulez avant le 10/05/2026 J'aime Suivre Entreprise : Entreprise dynamique en pleine croissance basée à Casablanca, nous renforçons actuellement notre équipe informatique afin d’accompagner le développement de nos activités. Dans ce contexte, nous recherchons un Technicien Support IT motivé et disponible immédiatement pour assurer le support technique et contribuer au bon fonctionnement de l’environnement informatique de l’entreprise. Culture de l'entreprise : Weclose se distingue par une culture fortement orientée vers la performance et la compétition , où l’ambition, le dépassement de soi et l’atteinte de résultats concrets structurent le quotidien. Cette exigence est étroitement équilibrée par une culture collaborative solide , favorisant la cohésion d’équipe, la confiance et l’accompagnement des collaborateurs. L’entreprise s’appuie également sur une organisation structurée , garantissant efficacité et rigueur dans l’exécution. La dimension innovation, plus secondaire, vient soutenir l’adaptation et l’évolution des pratiques. Poste : Missions du poste Dans le cadre de ses fonctions, le Technicien Support IT aura pour mission d’assurer le bon fonctionnement des équipements informatiques de l’entreprise et d’accompagner les utilisateurs dans la résolution des incidents techniques. Assurer le support technique de premier niveau auprès des utilisateurs Diagnostiquer et résoudre les incidents liés aux postes de travail, logiciels et équipements informatiques Installer, configurer ","Non spécifié","Bac+4","Débutant","Français, Anglais","Non spécifié","2026-04-29","Rekrute | https://www.rekrute.com/offre-emploi-technicien-support-it-recrutement-weclose-casablanca-180647.html"
"Métreur-Vérificateur | El Jadida (Maroc)","Meski Invest - Riva Industries","Maroc","Informatique","Offre d'emploi Métreur-Vérificateur - El Jadida - Meski Invest - Riva Industries Métreur-Vérificateur - El Jadida Gestion projet / Etudes / R&D - Travaux / Chantiers / BTP - Secteur BTP / Génie Civil - Conseil / Etudes Intermédiaire (3 à 5 ans) 1 poste(s) sur Meknès et région - Maroc Bac +2 Minimum - Ecole d'ingénieur Recherche de nouveauté Rationalisme Besoin d'action Besoin d'autonomie CDI Télétravail : Non Publiée il y a 2 jours sur ReKrute.com - Postulez avant le 27/06/2026 J'aime Suivre Entreprise : Groupe industriel et commercial d'envergure nationale, reconnu pour son expertise dans divers secteurs stratégiques, recherche à renforcer ses équipes dans le cadre de son développement continu. Fort d'une présence établie sur le marché marocain, le groupe se distingue par son engagement envers l'excellence, l'innovation et la durabilité. Nous offrons un environnement stimulant, propice à l'évolution professionnelle, au sein d'une structure valorisant la performance et la collaboration. Poste : Recevoir et analyser des plans d'avant-projet ; Calculer et élaborer des métrés pour l'établissement des devis à la clientèle ; Analyser, étudier et contrôler les techniques des appels d'offre ou des demande de devis pour les besoins des soumissions et des offres de l'entreprise ; Exécuter en routage et façonnage fournit en produits ou matières le poste de travail ou en contrôle l'approvisionnement ; Superviser des plans d’exécution émis en interne ou par les sous-traitants ; Régulariser les actions nécessaires par le biais des attachements qui permettront de retracer les ensembles des modifications ; Contrôler et vérifier des métrés sous-traitants ; Etablir des décomptes provisoires ; Etablir et communiquer des relevés de métrés à la fin des travaux pour les besoins de la facturation ou des décomptes définitifs ; Optimiser les réseaux d'armature tout en respectant les contraintes de coût et de sécurité. Profil recherché : Formation(s) spécifique(s) : Diplôme de technicien en","Excel","Bac+5","Expert","Non spécifié","Non spécifié","2026-04-29","Rekrute | https://www.rekrute.com/offre-emploi-metreur-verificateur-recrutement-meski-invest---riva-industries-el-jadida-182230.html"
"Métreur-Vérificateur | Meknès (Maroc)","Meski Invest - Riva Industries","Maroc","Informatique","Offre d'emploi Métreur-Vérificateur - Meknès - Meski Invest - Riva Industries Métreur-Vérificateur - Meknès Gestion projet / Etudes / R&D - Travaux / Chantiers / BTP - Secteur BTP / Génie Civil - Conseil / Etudes Intermédiaire (3 à 5 ans) - Confirmé (5 à 10 ans) 1 poste(s) sur Meknès et région - Maroc Bac +2 Minimum - Ecole d'ingénieur Recherche de nouveauté Rationalisme Besoin d'action Besoin d'autonomie CDI Télétravail : Non Publiée il y a 2 jours sur ReKrute.com - Postulez avant le 27/06/2026 J'aime Suivre Entreprise : Groupe industriel et commercial d'envergure nationale, reconnu pour son expertise dans divers secteurs stratégiques, recherche à renforcer ses équipes dans le cadre de son développement continu. Fort d'une présence établie sur le marché marocain, le groupe se distingue par son engagement envers l'excellence, l'innovation et la durabilité. Nous offrons un environnement stimulant, propice à l'évolution professionnelle, au sein d'une structure valorisant la performance et la collaboration. Poste : Recevoir et analyser des plans d'avant-projet ; Calculer et élaborer des métrés pour l'établissement des devis à la clientèle ; Analyser, étudier et contrôler les techniques des appels d'offre ou des demande de devis pour les besoins des soumissions et des offres de l'entreprise ; Exécuter en routage et façonnage fournit en produits ou matières le poste de travail ou en contrôle l'approvisionnement ; Superviser des plans d’exécution émis en interne ou par les sous-traitants ; Régulariser les actions nécessaires par le biais des attachements qui permettront de retracer les ensembles des modifications ; Contrôler et vérifier des métrés sous-traitants ; Etablir des décomptes provisoires ; Etablir et communiquer des relevés de métrés à la fin des travaux pour les besoins de la facturation ou des décomptes définitifs ; Optimiser les réseaux d'armature tout en respectant les contraintes de coût et de sécurité. Profil recherché : Formation(s) spécifique(s) : Diplôm","Excel","Bac+5","Confirmé","Non spécifié","Non spécifié","2026-04-29","Rekrute | https://www.rekrute.com/offre-emploi-metreur-verificateur-recrutement-meski-invest---riva-industries-meknes-182229.html"
"Téléopératrice | Meknès (Maroc)","Confidentiel","Maroc","Informatique","Offre d'emploi Téléopératrice - Meknès - Confidential Téléopératrice - Meknès Centre d'appels (métiers de) - Secteur Autres Industries - Autres services Junior (1 à 3 ans) - Intermédiaire (3 à 5 ans) 3 poste(s) sur Meknès et région - Maroc Bac +2 - BTS / DUT - DEUG Flexibilité Equilibre personnel Ambition Organisation CDI Télétravail : Non Publiée il y a 2 jours sur ReKrute.com - Postulez avant le 27/06/2026 J'aime Entreprise : Rejoignez une entreprise dynamique du secteur de la métallurgie / sidérurgie à Meknès en tant que Téléopératrice. Cette opportunité vous place au cœur des échanges, où votre rôle sera essentiel pour assurer une communication fluide et efficace. Poste : Votre mission principale sera de garantir la qualité de la relation client et de contribuer à l'atteinte des objectifs commerciaux par votre efficacité et votre professionnalisme. Vous jouerez un rôle clé dans la satisfaction de nos partenaires. Vos journées seront rythmées par diverses missions stimulantes : Accueillir et traiter les appels téléphoniques entrants et sortants avec courtoisie et professionnalisme. Fournir des informations précises et complètes sur les produits et services de l'entreprise. Gérer les demandes clients, les réclamations et les orienter si nécessaire vers les services compétents. Effectuer des prises de rendez-vous et des relances selon les besoins. Participer à des campagnes de prospection ou de fidélisation. Actualiser les données clients dans les systèmes d'information. Profil recherché : Idéalement, vous possédez un diplôme de niveau Bac +2 , avec une spécialisation dans les métiers des centres d'appels . Une expérience de 1 à 5 ans dans un poste similaire est souhaitée. Cette période vous a permis de développer une aisance relationnelle et une excellente maîtrise des outils de communication. Pour exceller dans ce rôle, plusieurs atouts sont indispensables : Excellente maîtrise de la communication orale et écrite. Sens de l'écoute active et grande capacité d'adap","Excel","Bac+4","Junior","Non spécifié","Non spécifié","2026-04-29","Rekrute | https://www.rekrute.com/offre-emploi-teleoperatrice-recrutement-confidentiel-meknes-182224.html"
"Ingénieure/Ingénieur Data Databricks Senior | Casablanca (Maroc)","Capgemini","Maroc","Informatique","Offre d'emploi Ingénieure/Ingénieur Data Databricks Senior - Casablanca - Capgemini Ingénieure/Ingénieur Data Databricks Senior - Casablanca Informatique / Electronique - Secteur Informatique Confirmé (5 à 10 ans) Casablanca et région - Maroc Bac +5 et plus Minimum - Ecole d'ingénieur Recherche de nouveauté Ambition Besoin de réflexion Besoin d'autonomie Implication au travail CDI Télétravail : Hybride Poste avec Management Publiée il y a 2 jours sur ReKrute.com - Postulez avant le 27/06/2026 J'aime Suivre Entreprise : Capgemini est un leader mondial, responsable et multiculturel, regroupant 325 000 personnes dans plus de 50 pays. Partenaire stratégique des entreprises pour la transformation de leurs activités en tirant profit de toute la puissance de la technologie, le Groupe est guidé au quotidien par sa raison d’être : libérer les énergies humaines par la technologie pour un avenir inclusif et durable. Fort de 55 ans d’expérience et d’une grande expertise des différents secteurs d’activité, Capgemini est reconnu par ses clients pour répondre à l’ensemble de leurs besoins, de la stratégie et du design jusqu’au management des opérations, en tirant parti des innovations dans les domaines en perpétuelle évolution du cloud, de la data, de l’Intelligence Artificielle, de la connectivité, des logiciels, de l’ingénierie digitale et des plateformes. Le Groupe a réalisé un chiffre d'affaires de 18 milliards d'euros en 2021. Quelques raisons pour nous rejoindre : • Qualité de vie au travail : Possibilité de télétravail au Maroc ainsi qu’à l’international et autonomie dans l’organisation de votre quotidien, missions hybrides selon vos préférences. • Apprentissage en continu : accédez aux formations et certifications dédiées à votre techno, accompagnement personnalisé et parcours d’intégration structuré. • Projets variés et à fort impact : intervenez auprès de grands comptés dans des secteurs diversifiés avec des enjeux métiers et technologiques stimulants. • Écosystème d’exp","SQL, AWS, Azure, Git, Data Science, Agile","Bac+5","Senior","Non spécifié","Non spécifié","2026-04-29","Rekrute | https://www.rekrute.com/offre-emploi-ingenieureingenieur-data-databricks-senior-recrutement-capgemini-casablanca-182222.html"
"Supply Chain Engineer | Fès (Maroc)","Capgemini Engineering","Maroc","Informatique","Offre d'emploi Supply Chain Engineer - Fès - Capgemini Engineering Supply Chain Engineer - Fès Logistique / Transport (métiers de) - Méthodes / Process / Industrialisation - Secteur Automobile / Motos / Cycles - Transport / Messagerie / Logistique Débutant (-1 an) 5 poste(s) sur Fès et région - Maroc Bac +5 et plus Minimum - Ecole d'ingénieur - Master Flexibilité Organisation CDI Télétravail : Non Publiée il y a 2 jours sur ReKrute.com - Postulez avant le 27/06/2026 J'aime Suivre Entreprise : Capgemini Engineering est la marque du groupe Capgemini réunissant les services d'ingénierie et de R&D d’Altran, leader mondial du secteur dont Capgemini a finalisé l’acquisition en 2020, et l’expertise de Capgemini dans le domaine du digital manufacturing. Grâce à une connaissance sectorielle approfondie et à la maîtrise des technologies digitales et logicielles de pointe, Capgemini Engineering accompagne la convergence des mondes physique et numérique. Conjuguée avec l’ensemble des capacités du Groupe, elle aide les entreprises à accélérer leur transformation vers l'Intelligent Industry. Capgemini Engineering compte plus de 52 000 ingénieurs et scientifiques dans plus de 30 pays, dans des secteurs tels que l'aéronautique, l'automobile, le ferroviaire, les communications, l'énergie, les sciences de la vie, les semi-conducteurs, les logiciels et l'Internet, le spatial et la défense, et les biens de consommation. Capgemini Engineering fait partie du groupe Capgemini, un leader mondial, responsable et multiculturel, regroupant 300 000 personnes dans près de 50 pays. Partenaire stratégique des entreprises pour la transformation de leurs activités en tirant profit de toute la puissance de la technologie, le Groupe est guidé au quotidien par sa raison d’être : libérer les énergies humaines par la technologie pour un avenir inclusif et durable. Fort de plus de 50 ans d’expérience et d’une grande expertise des différents secteurs d’activité, Capgemini est reconnu par ses clients pour ","Git, Excel","Bac+5","Débutant","Français, Anglais","Non spécifié","2026-04-29","Rekrute | https://www.rekrute.com/offre-emploi-supply-chain-engineer-recrutement-capgemini-engineering-fes-182221.html"
"Ingénieure/Ingénieur Data GCP Senior | Casablanca (Maroc)","Capgemini","Maroc","Informatique","Offre d'emploi Ingénieure/Ingénieur Data GCP Senior - Casablanca - Capgemini Ingénieure/Ingénieur Data GCP Senior - Casablanca Informatique / Electronique - Secteur Informatique Confirmé (5 à 10 ans) 2 poste(s) sur Casablanca et région - Maroc Bac +5 et plus Minimum - Ecole d'ingénieur Recherche de nouveauté Ambition Besoin de réflexion Besoin d'autonomie Implication au travail CDI Télétravail : Hybride Poste avec Management Publiée il y a 2 jours sur ReKrute.com - Postulez avant le 27/06/2026 J'aime Suivre Entreprise : Capgemini est un leader mondial, responsable et multiculturel, regroupant 325 000 personnes dans plus de 50 pays. Partenaire stratégique des entreprises pour la transformation de leurs activités en tirant profit de toute la puissance de la technologie, le Groupe est guidé au quotidien par sa raison d’être : libérer les énergies humaines par la technologie pour un avenir inclusif et durable. Fort de 55 ans d’expérience et d’une grande expertise des différents secteurs d’activité, Capgemini est reconnu par ses clients pour répondre à l’ensemble de leurs besoins, de la stratégie et du design jusqu’au management des opérations, en tirant parti des innovations dans les domaines en perpétuelle évolution du cloud, de la data, de l’Intelligence Artificielle, de la connectivité, des logiciels, de l’ingénierie digitale et des plateformes. Le Groupe a réalisé un chiffre d'affaires de 18 milliards d'euros en 2021. Quelques raisons pour nous rejoindre : • Qualité de vie au travail : Possibilité de télétravail au Maroc ainsi qu’à l’international et autonomie dans l’organisation de votre quotidien, missions hybrides selon vos préférences. • Apprentissage en continu : accédez aux formations et certifications dédiées à votre techno, accompagnement personnalisé et parcours d’intégration structuré. • Projets variés et à fort impact : intervenez auprès de grands comptés dans des secteurs diversifiés avec des enjeux métiers et technologiques stimulants. • Écosystème d’ex","Python, Java, SQL, AWS, Azure, Docker, Git, Machine Learning","Bac+5","Senior","Non spécifié","Non spécifié","2026-04-29","Rekrute | https://www.rekrute.com/offre-emploi-ingenieureingenieur-data-gcp-senior-recrutement-capgemini-casablanca-182220.html"
"Comptable (H/F) | Casablanca (Maroc)","Confidentiel","Maroc","Informatique","Offre d'emploi Comptable (H/F) - Casablanca - Confidential Comptable (H/F) - Casablanca Banque (métiers de la) - Gestion / Comptabilité / Finance - Secteur Comptabilité / Audit - Service public / Administration Junior (1 à 3 ans) - Intermédiaire (3 à 5 ans) 1 poste(s) sur Casablanca et région - Maroc Bac +2 Minimum Respect des règles Rationalisme Conventionnel Flexibilité Implication au travail Organisation CDI Télétravail : Non Publiée il y a 2 jours sur ReKrute.com - Postulez avant le 04/06/2026 J'aime Entreprise : Une grande entreprise, leader dans son secteur, recrute un Comptable à Casablanca . Poste : Rattaché au Chef Comptable, vous avez pour principales missions: Passation des opérations comptables, Analyses des comptes, Participation aux travaux de préparation de bilans. Profil recherché : De formation bac+2/4 en comptabilité avec une expérience de 2 ans au minimum dans un poste similaire de préférence dans une fiduciaire. Vous êtes à jour en matière de comptabilité et de fiscalité et maitrisez l'outil informatique. Sérieux, organisé, dynamique, vous aimez le travail d'équipe et savez coordonner l'information entre vos différents interlocuteurs internes. Traits de personnalité souhaités : Respect des règles Rationalisme Conventionnel Flexibilité Implication au travail Organisation 4K Matching global N/A N/A FineTunePro COMPÉTENCES N/A Kapacity Revealer PERSONNALITÉ N/A Feel Good CULTURE Ici, vous pouvez retrouver un taux de recommandation de cette offre pour vous, ainsi que des informations pour mettre en avant votre candidature. Connectez-vous / Inscrivez-vous pour consulter ces informations personnalisées. ReKrute vous offre ce nouveau test de personnalité pour mieux vous connaitre et valoriser vos candidatures. Passez-le dès maintenant, cela ne prend que 5 minutes maximum. × Je me connecte Je suis nouveau Connectez-vous pour ne manquer aucune opportunité ! Se connecter avec Google Ou E-mail * Mot de passe * Mot de passe oublié ? Rester connecté Je me con","Non spécifié","Bac+2","2 ans","Non spécifié","Non spécifié","2026-04-29","Rekrute | https://www.rekrute.com/offre-emploi-comptable-hf-recrutement-confidentiel-casablanca-181487.html"
"Technicien(ne) Études & SIG - Développement Rural | Salé, Technopolis (Maroc)","Novec","Maroc","Informatique","Offre d'emploi Technicien(ne) Études & SIG - Développement Rural - Salé, Technopolis - Novec Technicien(ne) Études & SIG - Développement Rural - Salé, Technopolis Environnement (métiers de l') - Travaux / Chantiers / BTP - Secteur Agriculture / Environnement - BTP / Génie Civil Débutant (-1 an) 2 poste(s) sur Rabat et région - Maroc Bac +2 Minimum - BTS / DUT Recherche de nouveauté Respect des règles Ténacité Besoin de réflexion Implication au travail Organisation CDI Télétravail : Non Publiée il y a 4 jours sur ReKrute.com - Postulez avant le 29/05/2026 J'aime Suivre Entreprise : Novec est le fruit de la fusion entre les sociétés Ingéma et Scet-scom , dont CDG est l’actionnaire de référence. Fort de l’expertise de ces deux bureaux d’études, Novec est désormais un acteur de premier ordre dans le domaine de l’ingénierie, employant près de 500 collaborateurs, intervenant dans des domaines d’activité variés et disposant d’implantations régionales. Novec ambitionne de doter le pays d’une ingénierie d’excellence offrant des services de haut niveau dans les métiers en rapport avec le développement territorial durable, tant à l’intérieur du Royaume qu’à l’international. Poste : Rattaché à la Direction Agriculture et développement rural, vos avez pour missions: Réaliser des enquêtes terrain et participer à la collecte des données ; Assurer le traitement, l’analyse et la diffusion des données ; Effectuer des analyses spatiales et statistiques à l’aide des outils SIG ; Contribuer à la production de cartes, rapports et notes techniques ; Assurer le support technique aux ingénieurs de la Direction Agriculture et développement rural ; Participer à la coordination des actions et à l’animation de réunions techniques. Novec s’engage à promouvoir la mixité dans les recrutements et à prévenir toute forme de discrimination. Profil recherché : Bac+2 en Agriculture, Topographie, Informatique ou équivalent ; Maîtrise des outils SIG ; Bonnes capacités rédactionnelles, d’analyse et de synt","Excel","Bac+5","Débutant","Non spécifié","Non spécifié","2026-04-29","Rekrute | https://www.rekrute.com/offre-emploi-technicienne-etudes-sig---developpement-rural-recrutement-novec-sale-technopolis-181222.html"
"Contrôleur de Gestion (H/F) | Casablanca (Maroc)","Confidentiel","Maroc","Informatique","Offre d'emploi Contrôleur de Gestion (H/F) - Casablanca - Confidential Contrôleur de Gestion (H/F) - Casablanca Audit / Conseil - Gestion / Comptabilité / Finance - Secteur Banque / Finance - Comptabilité / Audit Junior (1 à 3 ans) - Intermédiaire (3 à 5 ans) 1 poste(s) sur Casablanca et région - Maroc Bac +3 Minimum - Ecole de commerce Respect des règles Distance émotionnelle Rationalisme Besoin d'action Travail en équipe Flexibilité Implication au travail Organisation CDI Télétravail : Non Publiée il y a 5 jours sur ReKrute.com - Postulez avant le 24/06/2026 J'aime Entreprise : Une grande société recrute un(e) Contrôleur(se) de Gestion (H/F). Poste : Elaborer et d’adapter en permanence les outils d’analyse, les indicateurs et les procédures de contrôle. Suivre l’activité en collectant les informations auprès des managers opérationnels Identifier les écarts significatifs entre les réalisations et les prévisions, les commenter et assurer la retransmission des informations à votre hiérarchie. Analyser les demandes portant sur investissements Participer au reporting mensuel des activités de l'entreprise Evaluer les pratiques de contrôle interne Contribuer à la gestion et à la communication des procédures. Fixer les objectifs et le périmètre des missions d’audit. Conduire les entretiens et réaliser les recherches nécessaires auprès des audités. Analyser les résultats des recherches et rédiger les rapports d’audit. Communiquer sur le déroulement des missions avec votre responsable ainsi qu’avec les responsables des entités auditées. S’assurer de la mise en place des recommandations en lien avec toutes les parties prenantes. Profil recherché : De formation supérieure en gestion / Audit / CG, vous bénéficier d’une expérience de deux années en tant que contrôleur de gestion / auditeur. Vous maîtrisez les outils informatiques de gestion. ( Une connaissance de L’ERP SAP serai un plus ) Vos capacités d’écoute, d’analyse et de synthèse vous permettront de réussir à ce poste. T","SAP","Bac+4","Junior","Non spécifié","Non spécifié","2026-04-29","Rekrute | https://www.rekrute.com/offre-emploi-controleur-de-gestion-hf-recrutement-confidentiel-casablanca-182187.html"
"Magasinier Pièces de Rechange (H/F) | Casablanca (Maroc)","M-automotiv","Maroc","Informatique","Offre d'emploi Magasinier Pièces de Rechange (H/F) - Casablanca - M-automotiv J'aime Suivre Magasinier Pièces de Rechange (H/F) - Casablanca Achats / Supply Chain - Administration des ventes / SAV - Secteur Automobile / Motos / Cycles Junior (1 à 3 ans) - Intermédiaire (3 à 5 ans) 2 poste(s) sur Casablanca et région - Maroc Bac +2 - DEUG Recherche de nouveauté Respect des règles Volonté de persuasion Distance émotionnelle Rationalisme Besoin d'action Implication au travail Improvisation CDI Télétravail : Non Publiée il y a 5 jours sur ReKrute.com - Postulez avant le 24/06/2026 Behind The Brand Découvrez le quotidien des équipes et les bureaux ! Visiter l'entreprise Entreprise : Fort d’un réseau de distribution moderne de 7 succursales et 7 agents à travers le Maroc, M-AUTOMOTIV se donne les moyens d'offrir une large gamme de solutions accessibles & innovantes à ses clients, là où ils se trouvent, aux meilleurs standards de qualité. Site Web : M-automotiv Culture de l'entreprise : M-automotiv s’appuie sur une culture dominée par la coopération , où la confiance, la solidarité et le bien-être des collaborateurs structurent le quotidien. L’entreprise valorise un management de proximité, fondé sur l’accompagnement, la responsabilisation et la qualité des relations humaines. Cette dynamique collective est renforcée par une orientation compétitive affirmée , orientée vers la performance et l’atteinte d’objectifs mesurables. Les dimensions innovation et organisation , plus modérées, soutiennent l’agilité des équipes tout en assurant un cadre de travail structuré et efficace. Poste : Poste : Vos principales missions s’articulent autour des axes suivants : - Saisir les commandes de l’atelier sur le système, - Editer les bons de piquage, - Affecter les commandes après réception de la marchandise, - Etablir les bons de réception et de retour éventuel de matières, - Vérifier la conformité des bordereaux de livraison, - Livrer les commandes de l’atelier, - Etablir la liste des d","Excel, Vente","Bac+4","Junior","Non spécifié","Non spécifié","2026-04-29","Rekrute | https://www.rekrute.com/offre-emploi-magasinier-pieces-de-rechange-hf-recrutement-m-automotiv-casablanca-182186.html"
"Chargé de Recouvrement | Casablanca (Maroc)","Richbond","Maroc","Informatique","Offre d'emploi Chargé de Recouvrement - Casablanca - Richbond Chargé de Recouvrement - Casablanca Gestion / Comptabilité / Finance - Secteur Comptabilité / Audit Intermédiaire (3 à 5 ans) Casablanca et région - Maroc Bac +2 Minimum - Formation spécialisée Organisation CDI Télétravail : Non Publiée il y a 5 jours sur ReKrute.com - Postulez avant le 24/06/2026 J'aime Suivre Explorer l'entreprise Entreprise : Crée en 1965, le Groupe Richbond est le leader sur son secteur d’activité. Nous sommes aujourd’hui à la fois fabricant de mousse et de matelas, tisseur, confectionneur, tapissier et menuisier et ne cessons d’améliorer notre activité. le Groupe Richbond à élargi son activité pour couvrir plusieurs branches, allant de l’ameublement à l’immobilier en passant par l’industrie agroalimentaire ou encore l’agencement hôtelier. Le groupe emploie quelque 3000 collaborateurs en plus de 5400 emplois indirects, répartis entre 11 sites de production dont 1 en côte d’Ivoire. Richbond Group a conclu en mars 2018 l’acquisition d’une part majoritaire dans «Silentnight Kenya», entreprise spécialisée dans la production du matelas à ressort et basée à Nairobi. Culture de l'entreprise : Richbond évolue au sein d’une culture majoritairement orientée coopération , où l’humain, la confiance et l’esprit d’équipe constituent des leviers essentiels de performance. L’entreprise privilégie un management de proximité, axé sur l’accompagnement, la responsabilisation et la qualité des relations professionnelles. Cette base collaborative est complétée par une dynamique de compétition affirmée , portée par l’ambition, l’orientation résultats et la recherche de performance. L’innovation et l’organisation viennent soutenir cet ensemble, favorisant l’initiative, la créativité et une efficacité opérationnelle structurée. Poste : Missions principales : Réaliser toutes les activités administratives relatives au recouvrement Soutenir la force de vente dans le bouclage des dossiers commerciaux Assurer l’in","Vente, Négociation","Bac+4","Non spécifié","Non spécifié","Non spécifié","2026-04-29","Rekrute | https://www.rekrute.com/offre-emploi-charge-de-recouvrement-recrutement-richbond-casablanca-182183.html"
"Sales agents perfectly bilingual (French & English) WEEK END OFFS (H/F) | Casablanca (Maroc)","Outsourcia","Maroc","Informatique","Offre d'emploi Sales agents perfectly bilingual (French & English) WEEK END OFFS (H/F) - Casablanca - Outsourcia Sales agents perfectly bilingual (French & English) WEEK END OFFS (H/F) - Casablanca Centre d'appels (métiers de) - Commercial / Vente / Export - Secteur Centre d'appels - Offshoring / Nearshoring Junior (1 à 3 ans) 30 poste(s) sur Casablanca et région - Maroc Bac +2 Minimum - Baccalauréat Volonté de persuasion Extraversion Intuition / Spontanéité Ambition Recherche de nouveauté CDI Télétravail : Non Publiée il y a 5 jours sur ReKrute.com - Postulez avant le 24/06/2026 J'aime Suivre Entreprise : Créé en 2003, le groupe OUTSOURCIA est un opérateur spécialisé dans les métiers de l'outsourcing : gestion de la relation client à distance, multiservice, multilingue et multicanal (centres d'appels, gestion des e-mails, solutions de chats, télémarketing et relation client sur les réseaux sociaux), externalisation de métiers de Back Office (BPO), prestations digitales (développement d'applications spécifiques, web ou mobiles, communication digitale et Community Management) et études. À ce jour, OUTSOURCIA, emploie 3600 collaborateurs sur 12 sites de production au Maroc, en France, en Tunisie, à Madagascar et accompagne des clients de renom tels que : Aquarelle, Renault, Total, Orange, Histoire d'Or, Manutan, Marionnaud, Mister Auto, Seloger.com, Veepee, etc. Pour en savoir plus visitez www.outsourcia.com Culture de l'entreprise : Outsourcia évolue dans une culture principalement orientée vers la performance et la compétition , où l’ambition, le goût du challenge et l’atteinte d’objectifs mesurables constituent des moteurs essentiels. L’entreprise valorise le dépassement de soi, la compétitivité et une forte orientation client, dans une logique de résultats et de positionnement sur le marché. Cette dynamique est complétée par une dimension humaine et collaborative , favorisant la cohésion des équipes, la responsabilisation et le management de proximité. L’innovatio","Git, Vente","Bac","Junior","Français, Anglais","Non spécifié","2026-04-29","Rekrute | https://www.rekrute.com/offre-emploi-sales-agents-perfectly-bilingual-french-english-week-end-offs-hf-recrutement-outsourcia-casablanca-182181.html"
"DATA Analyst H/F | Fès (Maroc)","ALTEN Maroc","Maroc","Data Analyst","Offre d'emploi DATA Analyst H/F - Fès - ALTEN Maroc DATA Analyst H/F - Fès Informatique / Electronique - Secteur Indifférent Junior (1 à 3 ans) - Intermédiaire (3 à 5 ans) Fès et région - Maroc Bac +5 et plus - Ecole d'ingénieur Recherche de nouveauté Besoin de réflexion Besoin d'autonomie Implication au travail Ambition CDI Télétravail : Hybride Publiée il y a 2 jours sur ReKrute.com - Postulez avant le 28/06/2026 J'aime Suivre Entreprise : ALTEN MAROC , Filiale du leader mondial de l’ingénierie et du conseil en technologie créé en 2008 et présent à Fès, Rabat, Tétouan et Casablanca, compte aujourd’hui plus de 2200 collaborateurs et vise un centre d’excellence de 3300 ALTENiens en fin 2027 . Elle s’impose aujourd’hui comme un acteur stratégique dans l’accompagnement du développement professionnel des ingénieurs. Notre mission : répondre aux ambitions technologiques de nos clients — grands donneurs d’ordre internationaux — dans les secteurs de l’automobile, du ferroviaire, de la R&D et de l’IT, des télécommunications et des médias. Rejoindre ALTEN Maroc, c’est intégrer un écosystème d’excellence et bénéficier : • D’un parcours de carrière personnalisé et évolutif • D’une politique ambitieuse de développement des compétences • D’un environnement de travail stimulant, collaboratif et porteur de sens Culture de l'entreprise : Alten Maroc se distingue par une culture profondément collaborative , centrée sur l’humain, la confiance et le soutien entre équipes, avec un management de proximité qui accompagne et fait grandir les talents. Cette dynamique est enrichie par une vraie ouverture à l’innovation , où la créativité, l’initiative et l’expérimentation sont encouragées au quotidien. Le fonctionnement s’appuie aussi sur une organisation structurée , garantissant efficacité, rigueur et qualité dans les projets d’ingénierie. Enfin, l’esprit de performance est présent mais équilibré, soutenant une ambition collective sans nuire au climat bienveillant et participatif. Poste ","Power BI, Tableau, SAP, Excel","Bac+5","Junior","Français, Anglais","Non spécifié","2026-04-29","Rekrute | https://www.rekrute.com/offre-emploi-data-analyst-hf-recrutement-alten-maroc-fes-182240.html"
"Data Analyst (F/H) | Rabat (Maroc)","Sofrecom Maroc","Maroc","Data Analyst","Offre d'emploi Data Analyst (F/H) - Rabat - Sofrecom Maroc Data Analyst (F/H) - Rabat Informatique / Electronique - Secteur Informatique Junior (1 à 3 ans) 1 poste(s) sur Rabat et région - Maroc Bac +5 et plus - Ecole d'ingénieur Recherche de nouveauté Besoin de réflexion Besoin d'autonomie Implication au travail Ambition CDI Télétravail : Non Publiée il y a 5 jours sur ReKrute.com - Postulez avant le 24/06/2026 J'aime Suivre Entreprise : Vous êtes en quête de nouveaux défis et souhaitez donner un nouvel élan à votre carrière ? Rejoignez Sofrecom , une entreprise où l’agilité, l’audace et l’esprit d’équipe sont au cœur de notre culture, et où chacun peut s’épanouir pleinement. Filiale du groupe Orange, Sofrecom est une société de conseil et d’ingénierie spécialisée dans les télécommunications. Nous accompagnons nos clients dans leur transformation numérique, en les aidant à anticiper les évolutions technologiques, adapter leurs activités, moderniser leurs organisations et développer des solutions durables et performantes. Avec plus de 3 000 consultant(e)s et expert(e)s issus de 34 nationalités et répartis sur 9 implantations dans le monde, Sofrecom s’appuie sur la richesse des parcours et des talents pour stimuler l’innovation et viser l’excellence. Notre culture d’entreprise valorise un environnement inclusif, diversifié et équitable, où chaque personne est encouragée à s’épanouir pleinement. Nous favorisons l’intégration des jeunes talents, soutenons l’évolution des collaboratrices et collaborateurs expérimentés, et promouvons l’égalité professionnelle pour toutes et tous. Nous nous engageons également à créer des conditions propices à la pleine participation des personnes en situation de handicap. Ainsi, chacun·e peut développer ses compétences, contribuer activement et progresser dans sa carrière, dans un cadre bienveillant, stimulant et respectueux de la diversité. Rejoindre Sofrecom , c’est participer à des projets passionnants, explorer des parcours variés et","Python, Git, Power BI, Tableau, Excel","Bac+5","Junior","Non spécifié","Non spécifié","2026-04-29","Rekrute | https://www.rekrute.com/offre-emploi-data-analyst-fh-recrutement-sofrecom-maroc-rabat-182174.html"
"Business Intelligence Analyst (H/F) | Rabat (Maroc)","ALTEN Maroc","Maroc","Data Analyst","Offre d'emploi Business Intelligence Analyst (H/F) - Rabat - ALTEN Maroc Business Intelligence Analyst (H/F) - Rabat Informatique / Electronique - Secteur Automobile / Motos / Cycles Intermédiaire (3 à 5 ans) 1 poste(s) sur Rabat et région - Maroc Bac +5 et plus Minimum - Master Recherche de nouveauté Besoin de réflexion Besoin d'autonomie Implication au travail Ambition CDI Télétravail : Hybride Publiée il y a 5 jours sur ReKrute.com - Postulez avant le 24/06/2026 J'aime Suivre Entreprise : ALTEN MAROC , Filiale du leader mondial de l’ingénierie et du conseil en technologie créé en 2008 et présent à Fès, Rabat, Tétouan et Casablanca, compte aujourd’hui plus de 2200 collaborateurs et vise un centre d’excellence de 3300 ALTENiens en fin 2027 . Elle s’impose aujourd’hui comme un acteur stratégique dans l’accompagnement du développement professionnel des ingénieurs. Notre mission : répondre aux ambitions technologiques de nos clients — grands donneurs d’ordre internationaux — dans les secteurs de l’automobile, du ferroviaire, de la R&D et de l’IT, des télécommunications et des médias. Rejoindre ALTEN Maroc, c’est intégrer un écosystème d’excellence et bénéficier : • D’un parcours de carrière personnalisé et évolutif • D’une politique ambitieuse de développement des compétences • D’un environnement de travail stimulant, collaboratif et porteur de sens Culture de l'entreprise : Alten Maroc se distingue par une culture profondément collaborative , centrée sur l’humain, la confiance et le soutien entre équipes, avec un management de proximité qui accompagne et fait grandir les talents. Cette dynamique est enrichie par une vraie ouverture à l’innovation , où la créativité, l’initiative et l’expérimentation sont encouragées au quotidien. Le fonctionnement s’appuie aussi sur une organisation structurée , garantissant efficacité, rigueur et qualité dans les projets d’ingénierie. Enfin, l’esprit de performance est présent mais équilibré, soutenant une ambition collective sans n","Python, SQL, Azure, Git, Power BI, Excel","Bac+5","Expert","Français, Anglais, Allemand","Non spécifié","2026-04-29","Rekrute | https://www.rekrute.com/offre-emploi-business-intelligence-analyst-hf-recrutement-alten-maroc-rabat-182134.html"
"Data Analyste confirmé (H/F) | Rabat (Maroc)","BTechnologie","Maroc","Data Analyst","Offre d'emploi Data Analyste confirmé (H/F) - Rabat - BTechnologie Data Analyste confirmé (H/F) - Rabat Télécom / Réseaux - Secteur Telecom Intermédiaire (3 à 5 ans) 1 poste(s) sur Rabat et région - Maroc Bac +5 et plus Minimum - Ecole d'ingénieur - Master Recherche de nouveauté Besoin de réflexion Besoin d'autonomie Implication au travail Ambition CDI Télétravail : Hybride Publiée il y a 5 jours sur ReKrute.com - Postulez avant le 17/06/2026 J'aime Suivre Entreprise : BTECHNOLOGIE est un centre d’excellence premium au service de Bouygues Telecom filiale du groupe Accenture, visant à augmenter sa capacité de delivery, à améliorer la qualité perçue par ses clients finaux et à accompagner la croissance technologique dans une perspective d’économie décarbonée. Aujourd'hui, le centre compte plus de 500 talents et ambitionne d’atteindre les 1000 talents d’ici 2026. Envie de nouvelles perspectives de carrière ? Nous vous invitons à rejoindre notre centre d'excellence à Rabat, où vous participerez à des projets d'envergure avec une vision à long terme. Chaque jour est une opportunité de relever de nouveaux défis et de contribuer à façonner l'avenir de la technologie. Ensemble, nous bâtissons un avenir innovant, propulsé par votre talent et notre passion pour l'excellence. En intégrant notre équipe, vous serez reconnu(e) comme un collaborateur interne de Bouygues Telecom, acteur majeur des télécommunications. Nos atouts chez BTechnologie : • Bénéficiez d’un accompagnement personnalisé dès votre 1er jour d’arrivée par notre équipe Onboarding et votre futur Manager (accueil au sein de nos locaux à Rabat, journée d’onboarding, petit-déjeuner convivial). • Développez vos compétences techniques, fonctionnelles ou de management, grâce au catalogues de formations Accenture et à l’aide de nos Practice Managers et de leurs communautés. • Faîtes évoluer votre carrière grâce à notre politique de mobilité. Poste : Nous recherchons un(e) Data Analyste confirmé(e) pour rejoindre notre éq","Python, SQL, Data Science, Power BI, Excel","Bac+5","Confirmé","Français","Non spécifié","2026-04-29","Rekrute | https://www.rekrute.com/offre-emploi-data-analyste-confirme-hf-recrutement-btechnologie-rabat-181884.html"
"Data Analyst | Skhirat (Maroc)","Groupe Label'Vie - Carrefour","Maroc","Data Analyst","Offre d'emploi Data Analyst - Skhirat - Groupe Label'Vie - Carrefour Data Analyst - Skhirat Informatique / Electronique - Secteur Autres services Débutant (-1 an) 1 poste(s) sur Rabat et région - Maroc Bac +5 et plus - Master Rationalisme CDI Télétravail : Non Poste avec Management Publiée il y a 13 jours sur ReKrute.com - Postulez avant le 16/06/2026 J'aime Suivre Entreprise : Créé en 1986 et côté à la Bourse de Casablanca depuis 2008, le Groupe marocain LabelVie est un acteur économique de référence et leader de la grande distribution au Maroc. En 2009, à travers la signature du contrat de franchise avec le Groupe Carrefour, il accède à sa centrale d’achat pour optimiser et diversifier son sourcing. Il devient ainsi le premier acteur multi-formats de la grande distribution au Maroc par l’exploitation des hypermarchés Carrefour, des supermarchés Carrefour Market et du format hyper cash Atacadao. Le Groupe LabelVie présente chaque année un plan de développement soutenu renforçant ainsi renforce sa présence territoriale avec ses 121 magasins répartis dans 27 villes du royaume et ses 3 plateformes logistiques. En 2020, il a accueilli 50 millions de visiteurs et a réalisé un chiffre d’affaire de 11 milliards de dirhams. Convaincu que son succès passe à travers le succès de tous les collaborateurs, le Groupe LabelVie est l’un des premiers employeurs privés au Maroc, et place l’humain au centre de toutes ses préoccupations. Ce sont ainsi plus de 8 500 collaborateurs, dont 30% de femmes, qui œuvrent chaque jour à faire du Groupe LabelVie, le leader de la grande distribution au Maroc. Rejoignez un groupe ambitieux qui croit au défi, à la création de valeur ajoutée et à l’engagement sociétal ! Poste : Dans le cadre du développement de notre département Formation, nous recrutons un(e) Data Analyst. Missions : - Collecter, analyser et interpréter les données liées aux actions de formation - Concevoir des tableaux de bord et indicateurs de performance (KPI) - Suivre l’efficaci","Power BI, Tableau, Excel","Bac+5","Débutant","Non spécifié","Non spécifié","2026-04-29","Rekrute | https://www.rekrute.com/offre-emploi-data-analyst-recrutement-groupe-labelvie---carrefour-skhirat-181837.html"
"Rabat - Data Engineer | CDI | Rabat (Maroc)","ADM Value","Maroc","Data Analyst","Offre d'emploi Rabat - Data Engineer | CDI - Rabat - ADM Value Rabat - Data Engineer | CDI - Rabat Centre d'appels (métiers de) - Informatique / Electronique - Secteur Informatique Junior (1 à 3 ans) - Intermédiaire (3 à 5 ans) 1 poste(s) sur Rabat et région - Maroc Bac +2 Minimum - BTS / DUT - Autre Recherche de nouveauté Respect des règles Volonté de persuasion Distance émotionnelle Ténacité Implication au travail Ambition Organisation CDI Télétravail : Non Publiée il y a 23 jours sur ReKrute.com - Postulez avant le 06/06/2026 J'aime Suivre Entreprise : ADM VALUE, filiale du groupe TESSI , se positionne comme un leader incontesté dans le domaine de la relation et de l’expérience client. Avec une présence établie dans 8 pays et 18 sites de production stratégiquement répartis, nous nous engageons à offrir des solutions novatrices et de haute qualité qui rehaussent l’expérience client. Notre impact: Présent dans 8 pays, notre réseau mondial de 18 sites de production nous permet de répondre de manière agile aux besoins de nos clients à l’échelle internationale. Collaborateurs dédiés : Forts d’une équipe de plus de 8000 collaborateurs passionnés et engagés, nous formons une communauté diversifiée qui partage une vision commune de l’excellence en matière de service client. Notre engagement : Qualité et croissance : Nous sommes fiers d’afficher un taux de croissance impressionnant de 8.5%, témoignant de notre engagement continu envers l’innovation, la qualité et la satisfaction client. Cette croissance dynamique renforce notre position en tant que partenaire de confiance pour les entreprises qui cherchent à élever leur niveau d’excellence dans la gestion de la relation client. Chez nous, stabilité et évolution vont de pair : Tous nos postes en production sont proposés en CDI, Une formation initiale rémunérée vous accompagne dès le premier jour, Un package attractif : salaire fixe motivant, primes déplafonnées, prime de transport et panier repas. Intégrer ADM Value, c’est","Python, SQL, Git, Excel, Agile","Bac+5","Junior","Non spécifié","Non spécifié","2026-04-29","Rekrute | https://www.rekrute.com/offre-emploi-rabat---data-engineer-cdi-recrutement-adm-value-rabat-181513.html"
"Data analyst | cdi | Rabat (Maroc)","ADM Value","Maroc","Data Analyst","Offre d'emploi Data analyst | cdi - Rabat - ADM Value Data analyst | cdi - Rabat Centre d'appels (métiers de) - Informatique / Electronique - Secteur Informatique Junior (1 à 3 ans) - Intermédiaire (3 à 5 ans) 1 poste(s) sur Rabat et région - Maroc Bac +2 Minimum - Formation spécialisée Recherche de nouveauté Créativité Volonté de persuasion Distance émotionnelle Ténacité Implication au travail Ambition Organisation CDI Télétravail : Non Publiée il y a 23 jours sur ReKrute.com - Postulez avant le 06/06/2026 J'aime Suivre Entreprise : ADM VALUE, filiale du groupe TESSI , se positionne comme un leader incontesté dans le domaine de la relation et de l’expérience client. Avec une présence établie dans 8 pays et 18 sites de production stratégiquement répartis, nous nous engageons à offrir des solutions novatrices et de haute qualité qui rehaussent l’expérience client. Notre impact: Présent dans 8 pays, notre réseau mondial de 18 sites de production nous permet de répondre de manière agile aux besoins de nos clients à l’échelle internationale. Collaborateurs dédiés : Forts d’une équipe de plus de 8000 collaborateurs passionnés et engagés, nous formons une communauté diversifiée qui partage une vision commune de l’excellence en matière de service client. Notre engagement : Qualité et croissance : Nous sommes fiers d’afficher un taux de croissance impressionnant de 8.5%, témoignant de notre engagement continu envers l’innovation, la qualité et la satisfaction client. Cette croissance dynamique renforce notre position en tant que partenaire de confiance pour les entreprises qui cherchent à élever leur niveau d’excellence dans la gestion de la relation client. Chez nous, stabilité et évolution vont de pair : Tous nos postes en production sont proposés en CDI, Une formation initiale rémunérée vous accompagne dès le premier jour, Un package attractif : salaire fixe motivant, primes déplafonnées, prime de transport et panier repas. Intégrer ADM Value, c’est aussi bénéficier de :","Python, SQL, Power BI, Tableau, Excel, Agile","Bac+4","Junior","Non spécifié","Non spécifié","2026-04-29","Rekrute | https://www.rekrute.com/offre-emploi-data-analyst-cdi-recrutement-adm-value-rabat-181511.html"
"Vulnerability Management Analyst | Sala al Jadida (Maroc)","AXA GBS Morocco","Maroc","Data Analyst","Offre d'emploi Vulnerability Management Analyst - Sala al Jadida - AXA GBS Morocco Vulnerability Management Analyst - Sala al Jadida Production / Qualité / Sécurité / Maintenance - Secteur Informatique Junior (1 à 3 ans) 2 poste(s) sur Rabat et région - Maroc Bac +5 et plus Minimum - Ecole d'ingénieur Organisation CDI Télétravail : Non Publiée il y a 34 jours sur ReKrute.com - Postulez avant le 26/05/2026 J'aime Suivre Entreprise : AXA Global Business Services – AXA GBS At AXA Global Business Services, we believe in the power of partnerships, leveraging our expertise in business services and technology to support AXA entities in their core insurance operations, support functions, and digitization processes. We are committed to developing fresh and innovative approaches that surpass expectations and address unique challenges. Our passionate team is dedicated to driving innovation and pushing boundaries further, leveraging unparalleled technical expertise to deliver top-notch solutions that add outstanding value to AXA entities. With a strong focus on sustainability, corporate social responsibility, and DEI, we take pride in crafting solutions that not only drive business success but also contribute to a more sustainable and inclusive future. Culture de l'entreprise : AXA GBS Morocco évolue dans une culture principalement orientée coopération , où l’humain, la confiance et la qualité des relations professionnelles occupent une place centrale. L’entreprise privilégie un management de proximité, axé sur l’accompagnement, la responsabilisation et le développement des compétences. Cette culture collaborative est structurée par une forte dimension organisationnelle , garantissant rigueur, fiabilité et efficacité opérationnelle. Elle est enrichie par une ouverture à l’ innovation et par une exigence de performance , présentes de manière plus mesurée et encadrée. Poste : The main mission of the Security Engineer Vulnerability and threat Management is to perform scans and rep","Git","Bac+5","Junior","Non spécifié","Non spécifié","2026-04-29","Rekrute | https://www.rekrute.com/offre-emploi-vulnerability-management-analyst-recrutement-axa-gbs-morocco-sala-al-jadida-181169.html"
"Business Analyst - Engineering Inspection Services (H/ F) | Casablanca (Maroc)","Confidentiel","Maroc","Data Analyst","Offre d'emploi Business Analyst - Engineering Inspection Services (H/ F) - Casablanca - Confidential Business Analyst - Engineering Inspection Services (H/ F) - Casablanca Assurance (métiers de l') - Informatique / Electronique - Secteur Banque / Finance - Informatique Intermédiaire (3 à 5 ans) 3 poste(s) sur Casablanca et région - Maroc Bac +5 et plus Minimum - Master Recherche de nouveauté Volonté de persuasion Rationalisme Besoin de réflexion Besoin d'autonomie Implication au travail Ambition Organisation CDI Télétravail : Hybride Poste avec Management Publiée il y a 34 jours sur ReKrute.com - Postulez avant le 26/05/2026 J'aime Entreprise : We are offering an exciting opportunity for a Business Analyst - Engineering Inspection Services. Poste : Gather, analyze, and formalize business requirements from stakeholders Translate business needs into functional specifications and user stories Participate in the design and optimization of insurance process Collaborate closely with IT teams to ensure proper implementation of solutions Support testing phases and validate deliverables Contribute to data analysis and reporting when required Ensure consistency and alignment between business objectives and technical solutions Facilitate workshops and meetings with both business and technical teams Profil recherché : Master’s degree (or equivalent), with a minimum of 5 years’ experience, preferably within the banking or insurance sector Experience as a Business Analyst in the General insurance of Financial Services domain Able to elicit comprehensive requirements and achieve consensus from stakeholders using a variety of analysis techniques, including workshop facilitation Solid experience creating Epics and User Stories using Confluence and Jira Good understanding of Use Cases, Value Streams, and Personas Can apply recognised industry standard modelling techniques including data modelling and BPMN Great stakeholder management skills with the ability to influence at all levels","Agile","Bac+5","Junior","Anglais","Non spécifié","2026-04-29","Rekrute | https://www.rekrute.com/offre-emploi-business-analyst---engineering-inspection-services-h-f-recrutement-confidentiel-casablanca-181145.html"
"Business Analyst Senior – Insurance (H/ F) | Casablanca (Maroc)","Confidentiel","Maroc","Data Analyst","Offre d'emploi Business Analyst Senior – Insurance (H/ F) - Casablanca - Confidential Business Analyst Senior – Insurance (H/ F) - Casablanca Informatique / Electronique - Secteur Assurance / Courtage - Informatique Confirmé (5 à 10 ans) 1 poste(s) sur Casablanca et région - Maroc Bac +5 et plus Minimum - Master Besoin d'autonomie Besoin de réflexion Ambition Implication au travail Recherche de nouveauté CDI Télétravail : Hybride Poste avec Management Publiée il y a 34 jours sur ReKrute.com - Postulez avant le 26/05/2026 J'aime Entreprise : We are offering an exciting opportunity for a Business Analyst Senior – Insurance. Poste : Gather, analyze, and formalize business requirements from stakeholders Translate business needs into functional specifications and user stories Participate in the design and optimization of insurance process Collaborate closely with IT teams to ensure proper implementation of solutions Support testing phases and validate deliverables Contribute to data analysis and reporting when required Ensure consistency and alignment between business objectives and technical solutions Facilitate workshops and meetings with both business and technical teams Profil recherché : 5 to 8+ years of experience as a Business Analyst Mandatory experience in the insurance industry (life, non-life, claims, underwriting, finance…) Strong understanding of insurance processes and business models Experience working on IT or/and data driven projects Solid skills in requirements gathering, documentation, and process modeling Familiarity with Agile methodologies (Scrum, SaFe) Strong analytical and problem-solving abilities Excellent communication and stakeholder managements skills Ability to work in complex, fast-paced environments Strong organizational and prioritization skills Proactive mindset and attention to detail Autonomous, structured, and solution-oriented Languages : English : Strong written and verbal communication skills Traits de personnalité souhaités : Beso","Excel, Agile, Scrum","Bac+5","Senior","Anglais","Non spécifié","2026-04-29","Rekrute | https://www.rekrute.com/offre-emploi-business-analyst-senior-insurance-h-f-recrutement-confidentiel-casablanca-181142.html"
"Data analyste service client (H/F) | Rabat (Maroc)","BTechnologie","Maroc","Data Analyst","Offre d'emploi Data analyste service client (H/F) - Rabat - BTechnologie Data analyste service client (H/F) - Rabat Télécom / Réseaux - Secteur Telecom Confirmé (5 à 10 ans) 1 poste(s) sur Rabat et région - Maroc Bac +5 et plus Minimum - Ecole d'ingénieur - Master Recherche de nouveauté Besoin de réflexion Besoin d'autonomie Implication au travail Ambition CDI Télétravail : Hybride Publiée il y a 42 jours sur ReKrute.com - Postulez avant le 18/05/2026 J'aime Suivre Entreprise : BTECHNOLOGIE est un centre d’excellence premium au service de Bouygues Telecom filiale du groupe Accenture, visant à augmenter sa capacité de delivery, à améliorer la qualité perçue par ses clients finaux et à accompagner la croissance technologique dans une perspective d’économie décarbonée. Aujourd'hui, le centre compte plus de 500 talents et ambitionne d’atteindre les 1000 talents d’ici 2026. Envie de nouvelles perspectives de carrière ? Nous vous invitons à rejoindre notre centre d'excellence à Rabat, où vous participerez à des projets d'envergure avec une vision à long terme. Chaque jour est une opportunité de relever de nouveaux défis et de contribuer à façonner l'avenir de la technologie. Ensemble, nous bâtissons un avenir innovant, propulsé par votre talent et notre passion pour l'excellence. En intégrant notre équipe, vous serez reconnu(e) comme un collaborateur interne de Bouygues Telecom, acteur majeur des télécommunications. Nos atouts chez BTechnologie : • Bénéficiez d’un accompagnement personnalisé dès votre 1er jour d’arrivée par notre équipe Onboarding et votre futur Manager (accueil au sein de nos locaux à Rabat, journée d’onboarding, petit-déjeuner convivial). • Développez vos compétences techniques, fonctionnelles ou de management, grâce au catalogues de formations Accenture et à l’aide de nos Practice Managers et de leurs communautés. • Faîtes évoluer votre carrière grâce à notre politique de mobilité. Poste : Contexte de la Mission : Imaginez-vous au cœur de notre Directi","SQL, Excel","Bac+5","Confirmé","Français","Non spécifié","2026-04-29","Rekrute | https://www.rekrute.com/offre-emploi-data-analyste-service-client-hf-recrutement-btechnologie-rabat-180967.html"
"Data Analyst | Casablanca (Maroc)","CAC (Centrale Automobile Chérifienne)","Maroc","Data Analyst","Offre d'emploi Data Analyst - Casablanca - CAC (Centrale Automobile Chérifienne) J'aime Suivre Data Analyst - Casablanca Informatique / Electronique - Secteur Informatique Intermédiaire (3 à 5 ans) 1 poste(s) sur Casablanca et région - Maroc Bac +5 et plus - Master Recherche de nouveauté Besoin de réflexion Besoin d'autonomie Implication au travail Ambition CDI Télétravail : Non Publiée il y a 49 jours sur ReKrute.com - Postulez avant le 11/05/2026 Behind The Brand Découvrez le quotidien des équipes et les bureaux ! Visiter l'entreprise Entreprise : La Centrale Automobile Chérifienne (CAC) est l'importateur exclusif au Maroc des marques Volkswagen, Volkswagen Utilitaires, Audi, Skoda, Porsche, Bentley, Seat et Cupra , ayant chacune développée une réelle identité les rendant uniques sur leur segment de marché. Dotées d'un fort potentiel de développement au Maroc et à l'international, les marques s'appuient sur des services experts et des compétences mutualisés pour augmenter leur performance et accompagner leur croissance. La politique Ressources Humaines de la CAC se décline autour de 4 grands axes à l’égard de ses collaborateurs : Développer leur expertise par l’accompagnement, l’amélioration des compétences et la responsabilisation; Encourager l'évolution de carrière de ses collaborateurs partageant les mêmes passions et valeurs et qui ont su construire une véritable culture d’entreprise qui favorise la satisfaction client (interne/externe), l’esprit d’équipe et l’expertise; Fidéliser par la motivation et la reconnaissance; Valoriser leur performance en fixant des objectifs clairs, précis et réalisables. Venez participer au développement de marques leader et prestigieuses sur le territoire marocain, au sein d’une entreprise dynamique et innovante !! Découvrez l’interview complète de Maha Ghazani, Responsable RH chez la Centrale Automobile Chérifienne (CAC) ici : https://www.rekrute.com/emplois-decouvrez-les-valeurs-et-la-culture-dentreprise-de-centrale-automobile-","SQL, HTML, Power BI, Tableau","Bac+5","Expert","Non spécifié","Non spécifié","2026-04-29","Rekrute | https://www.rekrute.com/offre-emploi-data-analyst-recrutement-cac-centrale-automobile-cherifienne-casablanca-180723.html"
"Développeur Java / TIBCO (H/F) | Casablanca (Maroc)","Capgemini","Maroc","Développeur","Offre d'emploi Développeur Java / TIBCO (H/F) - Casablanca - Capgemini Développeur Java / TIBCO (H/F) - Casablanca Informatique / Electronique - Secteur Informatique Confirmé (5 à 10 ans) 10 poste(s) sur Casablanca et région - Maroc Bac +5 et plus Minimum - Ecole d'ingénieur Recherche de nouveauté Besoin de réflexion Besoin d'autonomie Implication au travail Ambition CDI Télétravail : Hybride Publiée aujourd'hui sur ReKrute.com - Postulez avant le 29/06/2026 J'aime Suivre Entreprise : Capgemini est un leader mondial, responsable et multiculturel, regroupant 325 000 personnes dans plus de 50 pays. Partenaire stratégique des entreprises pour la transformation de leurs activités en tirant profit de toute la puissance de la technologie, le Groupe est guidé au quotidien par sa raison d’être : libérer les énergies humaines par la technologie pour un avenir inclusif et durable. Fort de 55 ans d’expérience et d’une grande expertise des différents secteurs d’activité, Capgemini est reconnu par ses clients pour répondre à l’ensemble de leurs besoins, de la stratégie et du design jusqu’au management des opérations, en tirant parti des innovations dans les domaines en perpétuelle évolution du cloud, de la data, de l’Intelligence Artificielle, de la connectivité, des logiciels, de l’ingénierie digitale et des plateformes. Le Groupe a réalisé un chiffre d'affaires de 18 milliards d'euros en 2021. Quelques raisons pour nous rejoindre : • Qualité de vie au travail : Possibilité de télétravail au Maroc ainsi qu’à l’international et autonomie dans l’organisation de votre quotidien, missions hybrides selon vos préférences. • Apprentissage en continu : accédez aux formations et certifications dédiées à votre techno, accompagnement personnalisé et parcours d’intégration structuré. • Projets variés et à fort impact : intervenez auprès de grands comptés dans des secteurs diversifiés avec des enjeux métiers et technologiques stimulants. • Écosystème d’expertise : faites partie d’une commun","Java, Azure, Git, Agile","Bac+5","Confirmé","Non spécifié","Non spécifié","2026-04-29","Rekrute | https://www.rekrute.com/offre-emploi-developpeur-java-tibco-hf-recrutement-capgemini-casablanca-182316.html"
"Développeur Java / React (H/F) | Casablanca (Maroc)","Capgemini","Maroc","Développeur","Offre d'emploi Développeur Java / React (H/F) - Casablanca - Capgemini Développeur Java / React (H/F) - Casablanca Informatique / Electronique - Secteur Informatique Confirmé (5 à 10 ans) 10 poste(s) sur Casablanca et région - Maroc Bac +5 et plus Minimum - Ecole d'ingénieur Recherche de nouveauté Besoin de réflexion Besoin d'autonomie Implication au travail Ambition CDI Télétravail : Hybride Publiée aujourd'hui sur ReKrute.com - Postulez avant le 29/06/2026 J'aime Suivre Entreprise : Capgemini est un leader mondial, responsable et multiculturel, regroupant 325 000 personnes dans plus de 50 pays. Partenaire stratégique des entreprises pour la transformation de leurs activités en tirant profit de toute la puissance de la technologie, le Groupe est guidé au quotidien par sa raison d’être : libérer les énergies humaines par la technologie pour un avenir inclusif et durable. Fort de 55 ans d’expérience et d’une grande expertise des différents secteurs d’activité, Capgemini est reconnu par ses clients pour répondre à l’ensemble de leurs besoins, de la stratégie et du design jusqu’au management des opérations, en tirant parti des innovations dans les domaines en perpétuelle évolution du cloud, de la data, de l’Intelligence Artificielle, de la connectivité, des logiciels, de l’ingénierie digitale et des plateformes. Le Groupe a réalisé un chiffre d'affaires de 18 milliards d'euros en 2021. Quelques raisons pour nous rejoindre : • Qualité de vie au travail : Possibilité de télétravail au Maroc ainsi qu’à l’international et autonomie dans l’organisation de votre quotidien, missions hybrides selon vos préférences. • Apprentissage en continu : accédez aux formations et certifications dédiées à votre techno, accompagnement personnalisé et parcours d’intégration structuré. • Projets variés et à fort impact : intervenez auprès de grands comptés dans des secteurs diversifiés avec des enjeux métiers et technologiques stimulants. • Écosystème d’expertise : faites partie d’une commun","Java, React, Angular, Git, Agile","Bac+5","Confirmé","Non spécifié","Non spécifié","2026-04-29","Rekrute | https://www.rekrute.com/offre-emploi-developpeur-java-react-hf-recrutement-capgemini-casablanca-182315.html"
"Développeur Java / Angular | Casablanca (Maroc)","Capgemini","Maroc","Développeur","Offre d'emploi Développeur Java / Angular - Casablanca - Capgemini Développeur Java / Angular - Casablanca Informatique / Electronique - Secteur Informatique Confirmé (5 à 10 ans) 10 poste(s) sur Casablanca et région - Maroc Bac +5 et plus Minimum - Ecole d'ingénieur Recherche de nouveauté Besoin de réflexion Besoin d'autonomie Implication au travail Ambition CDI Télétravail : Hybride Publiée aujourd'hui sur ReKrute.com - Postulez avant le 29/06/2026 J'aime Suivre Entreprise : Capgemini est un leader mondial, responsable et multiculturel, regroupant 325 000 personnes dans plus de 50 pays. Partenaire stratégique des entreprises pour la transformation de leurs activités en tirant profit de toute la puissance de la technologie, le Groupe est guidé au quotidien par sa raison d’être : libérer les énergies humaines par la technologie pour un avenir inclusif et durable. Fort de 55 ans d’expérience et d’une grande expertise des différents secteurs d’activité, Capgemini est reconnu par ses clients pour répondre à l’ensemble de leurs besoins, de la stratégie et du design jusqu’au management des opérations, en tirant parti des innovations dans les domaines en perpétuelle évolution du cloud, de la data, de l’Intelligence Artificielle, de la connectivité, des logiciels, de l’ingénierie digitale et des plateformes. Le Groupe a réalisé un chiffre d'affaires de 18 milliards d'euros en 2021. Quelques raisons pour nous rejoindre : • Qualité de vie au travail : Possibilité de télétravail au Maroc ainsi qu’à l’international et autonomie dans l’organisation de votre quotidien, missions hybrides selon vos préférences. • Apprentissage en continu : accédez aux formations et certifications dédiées à votre techno, accompagnement personnalisé et parcours d’intégration structuré. • Projets variés et à fort impact : intervenez auprès de grands comptés dans des secteurs diversifiés avec des enjeux métiers et technologiques stimulants. • Écosystème d’expertise : faites partie d’une communauté d’e","Java, Angular, Git, Agile","Bac+5","Confirmé","Non spécifié","Non spécifié","2026-04-29","Rekrute | https://www.rekrute.com/offre-emploi-developpeur-java-angular-recrutement-capgemini-casablanca-182314.html"
"Développeur python | Rabat/casa (Maroc)","Sofrecom Maroc","Maroc","Développeur","Offre d'emploi Développeur python - Rabat/casa - Sofrecom Maroc Développeur python - Rabat/casa Informatique / Electronique - Secteur Informatique Confirmé (5 à 10 ans) 1 poste(s) sur Rabat et région - Maroc Bac +5 et plus Minimum - Ecole d'ingénieur Recherche de nouveauté Besoin de réflexion Besoin d'autonomie Implication au travail Ambition CDI Télétravail : Hybride Publiée il y a 2 jours sur ReKrute.com - Postulez avant le 27/06/2026 J'aime Suivre Entreprise : Vous êtes en quête de nouveaux défis et souhaitez donner un nouvel élan à votre carrière ? Rejoignez Sofrecom , une entreprise où l’agilité, l’audace et l’esprit d’équipe sont au cœur de notre culture, et où chacun peut s’épanouir pleinement. Filiale du groupe Orange, Sofrecom est une société de conseil et d’ingénierie spécialisée dans les télécommunications. Nous accompagnons nos clients dans leur transformation numérique, en les aidant à anticiper les évolutions technologiques, adapter leurs activités, moderniser leurs organisations et développer des solutions durables et performantes. Avec plus de 3 000 consultant(e)s et expert(e)s issus de 34 nationalités et répartis sur 9 implantations dans le monde, Sofrecom s’appuie sur la richesse des parcours et des talents pour stimuler l’innovation et viser l’excellence. Notre culture d’entreprise valorise un environnement inclusif, diversifié et équitable, où chaque personne est encouragée à s’épanouir pleinement. Nous favorisons l’intégration des jeunes talents, soutenons l’évolution des collaboratrices et collaborateurs expérimentés, et promouvons l’égalité professionnelle pour toutes et tous. Nous nous engageons également à créer des conditions propices à la pleine participation des personnes en situation de handicap. Ainsi, chacun·e peut développer ses compétences, contribuer activement et progresser dans sa carrière, dans un cadre bienveillant, stimulant et respectueux de la diversité. Rejoindre Sofrecom , c’est participer à des projets passionnants, explor","Python, Docker, Excel, Agile","Bac+5","Confirmé","Non spécifié","Non spécifié","2026-04-29","Rekrute | https://www.rekrute.com/offre-emploi-developpeur-python-recrutement-sofrecom-maroc-rabatcasa-182214.html"
"Concepteur Développeur PHP (F/H) | Casablanca (Maroc)","Sofrecom Maroc","Maroc","Développeur","Offre d'emploi Concepteur Développeur PHP (F/H) - Casablanca - Sofrecom Maroc Concepteur Développeur PHP (F/H) - Casablanca Informatique / Electronique - Secteur Telecom Confirmé (5 à 10 ans) Casablanca et région - Maroc Bac +5 et plus Minimum - Ecole d'ingénieur - Master Recherche de nouveauté Besoin de réflexion Besoin d'autonomie Implication au travail Ambition CDI Télétravail : Hybride Publiée il y a 5 jours sur ReKrute.com - Postulez avant le 24/06/2026 J'aime Suivre Entreprise : Vous êtes en quête de nouveaux défis et souhaitez donner un nouvel élan à votre carrière ? Rejoignez Sofrecom , une entreprise où l’agilité, l’audace et l’esprit d’équipe sont au cœur de notre culture, et où chacun peut s’épanouir pleinement. Filiale du groupe Orange, Sofrecom est une société de conseil et d’ingénierie spécialisée dans les télécommunications. Nous accompagnons nos clients dans leur transformation numérique, en les aidant à anticiper les évolutions technologiques, adapter leurs activités, moderniser leurs organisations et développer des solutions durables et performantes. Avec plus de 3 000 consultant(e)s et expert(e)s issus de 34 nationalités et répartis sur 9 implantations dans le monde, Sofrecom s’appuie sur la richesse des parcours et des talents pour stimuler l’innovation et viser l’excellence. Notre culture d’entreprise valorise un environnement inclusif, diversifié et équitable, où chaque personne est encouragée à s’épanouir pleinement. Nous favorisons l’intégration des jeunes talents, soutenons l’évolution des collaboratrices et collaborateurs expérimentés, et promouvons l’égalité professionnelle pour toutes et tous. Nous nous engageons également à créer des conditions propices à la pleine participation des personnes en situation de handicap. Ainsi, chacun·e peut développer ses compétences, contribuer activement et progresser dans sa carrière, dans un cadre bienveillant, stimulant et respectueux de la diversité. Rejoindre Sofrecom , c’est participer à des projet","SQL, PHP, Excel","Bac+5","Confirmé","Français (Courant), Anglais (Courant)","Non spécifié","2026-04-29","Rekrute | https://www.rekrute.com/offre-emploi-concepteur-developpeur-php-fh-recrutement-sofrecom-maroc-casablanca-182146.html"
"Développeur(se) Salesforce (H/F) | Rabat (Maroc)","BTechnologie","Maroc","Développeur","Offre d'emploi Développeur(se) Salesforce (H/F) - Rabat - BTechnologie Développeur(se) Salesforce (H/F) - Rabat Informatique / Electronique - Télécom / Réseaux - Secteur Informatique - Internet / Multimédia Intermédiaire (3 à 5 ans) 1 poste(s) sur Rabat et région - Maroc Bac +5 et plus Minimum - Ecole d'ingénieur - Master Recherche de nouveauté Ambition Besoin de réflexion Besoin d'autonomie Implication au travail CDI Télétravail : Hybride Publiée il y a 7 jours sur ReKrute.com - Postulez avant le 16/06/2026 J'aime Suivre Entreprise : BTECHNOLOGIE est un centre d’excellence premium au service de Bouygues Telecom filiale du groupe Accenture, visant à augmenter sa capacité de delivery, à améliorer la qualité perçue par ses clients finaux et à accompagner la croissance technologique dans une perspective d’économie décarbonée. Aujourd'hui, le centre compte plus de 500 talents et ambitionne d’atteindre les 1000 talents d’ici 2026. Envie de nouvelles perspectives de carrière ? Nous vous invitons à rejoindre notre centre d'excellence à Rabat, où vous participerez à des projets d'envergure avec une vision à long terme. Chaque jour est une opportunité de relever de nouveaux défis et de contribuer à façonner l'avenir de la technologie. Ensemble, nous bâtissons un avenir innovant, propulsé par votre talent et notre passion pour l'excellence. En intégrant notre équipe, vous serez reconnu(e) comme un collaborateur interne de Bouygues Telecom, acteur majeur des télécommunications. Nos atouts chez BTechnologie : • Bénéficiez d’un accompagnement personnalisé dès votre 1er jour d’arrivée par notre équipe Onboarding et votre futur Manager (accueil au sein de nos locaux à Rabat, journée d’onboarding, petit-déjeuner convivial). • Développez vos compétences techniques, fonctionnelles ou de management, grâce au catalogues de formations Accenture et à l’aide de nos Practice Managers et de leurs communautés. • Faîtes évoluer votre carrière grâce à notre politique de mobilité. Poste : Missi","Excel, Agile, Scrum","Bac+5","Non spécifié","Non spécifié","Non spécifié","2026-04-29","Rekrute | https://www.rekrute.com/offre-emploi-developpeurse-salesforce-hf-recrutement-btechnologie-rabat-179732.html"
"Développeur Mobile- Computer Vision | Rabat (Maroc)","ALTEN Maroc","Maroc","Développeur","Offre d'emploi Développeur Mobile- Computer Vision - Rabat - ALTEN Maroc Développeur Mobile- Computer Vision - Rabat Informatique / Electronique - Secteur Automobile / Motos / Cycles Intermédiaire (3 à 5 ans) 1 poste(s) sur Rabat et région - Maroc Bac +5 et plus Minimum - Master Recherche de nouveauté Besoin de réflexion Besoin d'autonomie Implication au travail Ambition CDI Télétravail : Hybride Publiée il y a 8 jours sur ReKrute.com - Postulez avant le 21/06/2026 J'aime Suivre Entreprise : ALTEN Maroc, filiale du leader mondial du conseil en ingénierie et technologies, a été créée en 2008 et est aujourd’hui présente à Fès, Rabat, Tétouan et Casablanca. Aujourd’hui, l’entreprise compte plus de 2 200 collaborateurs et ambitionne de devenir un centre d’excellence avec 3 300 ALTENiens d’ici fin 2027. Elle s’est positionnée comme un acteur stratégique dans l’accompagnement du développement professionnel des ingénieurs.Notre mission : Répondre aux ambitions technologiques de nos clients — de grandes entreprises internationales — dans les secteurs de l’automobile, du ferroviaire, de la R&D et de l’IT, des télécommunications et des médias. Rejoindre ALTEN Maroc, c’est intégrer un écosystème d’excellence et bénéficier : • D’un parcours de carrière personnalisé et évolutif, • D’une politique ambitieuse de développement des compétences, D’un environnement de travail stimulant, collaboratif et porteur de sens. Culture de l'entreprise : Alten Maroc se distingue par une culture profondément collaborative , centrée sur l’humain, la confiance et le soutien entre équipes, avec un management de proximité qui accompagne et fait grandir les talents. Cette dynamique est enrichie par une vraie ouverture à l’innovation , où la créativité, l’initiative et l’expérimentation sont encouragées au quotidien. Le fonctionnement s’appuie aussi sur une organisation structurée , garantissant efficacité, rigueur et qualité dans les projets d’ingénierie. Enfin, l’esprit de performance est présent ma","Python, C++, Excel","Bac+5","Non spécifié","Anglais","Non spécifié","2026-04-29","Rekrute | https://www.rekrute.com/offre-emploi-developpeur-mobile--computer-vision-recrutement-alten-maroc-rabat-182007.html"
"Leader Développeur (H/F) (Tout le Maroc) | Casablanca (Maroc)","Centrale Danone","Maroc","Développeur","Offre d'emploi Leader Développeur (H/F) (Tout le Maroc) - Casablanca - Centrale Danone Leader Développeur (H/F) (Tout le Maroc) - Casablanca Commercial / Vente / Export - Secteur Agroalimentaire - Distribution Junior (1 à 3 ans) - Intermédiaire (3 à 5 ans) 1 poste(s) sur Tout le Maroc - Maroc Bac +2 Minimum - Licence Recherche de nouveauté Extraversion Volonté de persuasion Intuition / Spontanéité Ambition CDI Télétravail : Non Poste avec Management Publiée il y a 9 jours sur ReKrute.com - Postulez avant le 20/06/2026 J'aime Suivre Entreprise : REJOINDRE DANONE : C’EST… Rencontrer des danoners aux personnalités singulières et aux parcours professionnels variés ; Grandir dans des environnements différents : sites de production, bases logistiques, centre de recherche et innovation ou encore sièges sociaux ; Se construire un parcours de carrière sur mesure, adapté à ta personnalité, tes compétences et tes envies ; Apprendre grâce à des missions responsabilisantes, riches et apprenantes. DANONE ENTREPRISE A MISSION En Juin 2020, Danone est devenue la première entreprise cotée à adopter le statut d’Entreprise à Mission. Nous avons en effet décidé de nous doter d'une raison d'être et d'objectifs sociaux, sociétaux et environnementaux associés inscrits dans nos statuts. Il s’agit d’une étape historique pour continuer à réaliser chaque jour notre mission – « apporter la santé par l’alimentation au plus grand nombre » - dans notre cadre d’action « One Planet. One Health ». Poste : Dans le cadre de son développement commercial, Centrale Danone recrute plusieurs Leader Développeurs (H/F) à travers tout le Maroc, pour accompagner la croissance de ses activités sur le terrain. Ces postes s’adressent aussi bien à des jeunes diplômés à fort potentiel qu’à des profils expérimentés souhaitant évoluer dans un environnement exigeant, formateur et porteur de sens. La mission consiste à développer le chiffre d’affaires sur un secteur défini, à accompagner et à former les équipes de vent","Git, Vente","Bac+3","Junior","Non spécifié","Non spécifié","2026-04-29","Rekrute | https://www.rekrute.com/offre-emploi-leader-developpeur-hf-tout-le-maroc-recrutement-centrale-danone-casablanca-181947.html"
"Développeur Confirmé (.NET / WinForms / Visual Basic) | Rabat (Maroc)","ALTEN Maroc","Maroc","Développeur","Offre d'emploi Développeur Confirmé (.NET / WinForms / Visual Basic) - Rabat - ALTEN Maroc Développeur Confirmé (.NET / WinForms / Visual Basic) - Rabat Informatique / Electronique - Secteur Informatique Confirmé (5 à 10 ans) 1 poste(s) sur Rabat et région - Maroc Bac +5 et plus Minimum - Master Recherche de nouveauté Besoin de réflexion Besoin d'autonomie Implication au travail Ambition CDI Télétravail : Hybride Publiée il y a 15 jours sur ReKrute.com - Postulez avant le 15/06/2026 J'aime Suivre Entreprise : ALTEN MAROC , Filiale du leader mondial de l’ingénierie et du conseil en technologie créé en 2008 et présent à Fès, Rabat, Tétouan et Casablanca, compte aujourd’hui plus de 2200 collaborateurs et vise un centre d’excellence de 3300 ALTENiens en fin 2027 . Elle s’impose aujourd’hui comme un acteur stratégique dans l’accompagnement du développement professionnel des ingénieurs. Notre mission : répondre aux ambitions technologiques de nos clients — grands donneurs d’ordre internationaux — dans les secteurs de l’automobile, du ferroviaire, de la R&D et de l’IT, des télécommunications et des médias. Rejoindre ALTEN Maroc, c’est intégrer un écosystème d’excellence et bénéficier : • D’un parcours de carrière personnalisé et évolutif • D’une politique ambitieuse de développement des compétences • D’un environnement de travail stimulant, collaboratif et porteur de sens Culture de l'entreprise : Alten Maroc se distingue par une culture profondément collaborative , centrée sur l’humain, la confiance et le soutien entre équipes, avec un management de proximité qui accompagne et fait grandir les talents. Cette dynamique est enrichie par une vraie ouverture à l’innovation , où la créativité, l’initiative et l’expérimentation sont encouragées au quotidien. Le fonctionnement s’appuie aussi sur une organisation structurée , garantissant efficacité, rigueur et qualité dans les projets d’ingénierie. Enfin, l’esprit de performance est présent mais équilibré, soutenant une ambition","SQL, .NET, Git, Excel","Bac+5","Confirmé","Anglais","Non spécifié","2026-04-29","Rekrute | https://www.rekrute.com/offre-emploi-developpeur-confirme-.net-winforms-visual-basic-recrutement-alten-maroc-rabat-181798.html"
"Développeur Senior BackEnd Java / Reactive Spring | Casablanca (Maroc)","CGI Technologies et Solutions Maroc","Maroc","Développeur","Offre d'emploi Développeur Senior BackEnd Java / Reactive Spring - Casablanca - CGI Technologies et Solutions Maroc Développeur Senior BackEnd Java / Reactive Spring - Casablanca Informatique / Electronique - Internet / Multimédia - Secteur Informatique Intermédiaire (3 à 5 ans) - Confirmé (5 à 10 ans) 20 poste(s) sur Casablanca et région - Maroc Bac +3 Minimum - Ecole d'ingénieur - Université Flexibilité Travail en équipe CDI Télétravail : Hybride Publiée il y a 17 jours sur ReKrute.com - Postulez avant le 08/06/2026 J'aime Suivre Entreprise : Fondée en 1976 , CGI figure parmi les plus importantes entreprises indépendantes de services de conseil en technologie de l’information (TI) et en management au monde. CGI compte 90 000 conseillers et autres professionnels établis partout dans le monde grâce auxquels l’entreprise offre un portefeuille complet de services et de solutions : des services de conseil en management et en stratégie TI, de l’intégration de systèmes, des services en TI et en gestion des processus d’affaires en mode délégué ainsi que des solutions de propriété intellectuelle. La collaboration de CGI avec ses clients repose sur un modèle axé sur les relations locales, conjugué à un réseau mondial de prestation de services, qui permet aux clients de réaliser la transformation numérique de leur organisation et d’accélérer l’obtention de résultats. Au cours de l’exercice financier 2023, CGI a généré des revenus de 14,30 milliards $ CA. Les actions de CGI sont inscrites à la Bourse de Toronto (GIB.A) ainsi qu’à la Bourse de New York (GIB). Apprenez-en davantage sur cgi.com. La vie chez CGI est ancrée dans l’actionnariat, le travail d’équipe, le respect et un sentiment d’appartenance. Chez nous, vous pourrez parfaire vos compétences, partager votre point de vue et exploiter votre plein potentiel parce que… Nous vous invitons à devenir propriétaire dès votre première année et à continuellement puiser dans cette culture d’actionnariat pour tirer profit des ret","Java, React, Git, Excel, Agile, Scrum","Bac+5","Senior","Français","Non spécifié","2026-04-29","Rekrute | https://www.rekrute.com/offre-emploi-developpeur-senior-backend-java-reactive-spring-recrutement-cgi-technologies-et-solutions-maroc-casablanca-181594.html"
"Développeur Fullstack PHP Symfony | Rabat (Maroc)","BTechnologie","Maroc","Développeur","Offre d'emploi Développeur Fullstack PHP Symfony - Rabat - BTechnologie Développeur Fullstack PHP Symfony - Rabat Informatique / Electronique - Télécom / Réseaux - Secteur Informatique - Telecom Confirmé (5 à 10 ans) - Expert (10 à 20 ans) 1 poste(s) sur Rabat et région - Maroc Bac +5 et plus Minimum - Ecole d'ingénieur - Master Recherche de nouveauté Besoin de réflexion Besoin d'autonomie Implication au travail Ambition CDI Télétravail : Hybride Publiée il y a 19 jours sur ReKrute.com - Postulez avant le 10/06/2026 J'aime Suivre Entreprise : BTECHNOLOGIE est un centre d’excellence premium au service de Bouygues Telecom filiale du groupe Accenture, visant à augmenter sa capacité de delivery, à améliorer la qualité perçue par ses clients finaux et à accompagner la croissance technologique dans une perspective d’économie décarbonée. Aujourd'hui, le centre compte plus de 500 talents et ambitionne d’atteindre les 1000 talents d’ici 2026. Envie de nouvelles perspectives de carrière ? Nous vous invitons à rejoindre notre centre d'excellence à Rabat, où vous participerez à des projets d'envergure avec une vision à long terme. Chaque jour est une opportunité de relever de nouveaux défis et de contribuer à façonner l'avenir de la technologie. Ensemble, nous bâtissons un avenir innovant, propulsé par votre talent et notre passion pour l'excellence. En intégrant notre équipe, vous serez reconnu(e) comme un collaborateur interne de Bouygues Telecom, acteur majeur des télécommunications. Nos atouts chez BTechnologie : • Bénéficiez d’un accompagnement personnalisé dès votre 1er jour d’arrivée par notre équipe Onboarding et votre futur Manager (accueil au sein de nos locaux à Rabat, journée d’onboarding, petit-déjeuner convivial). • Développez vos compétences techniques, fonctionnelles ou de management, grâce au catalogues de formations Accenture et à l’aide de nos Practice Managers et de leurs communautés. • Faîtes évoluer votre carrière grâce à notre politique de mobilité. Poste","SQL, PHP, Git, Excel","Bac+5","Confirmé","Français","Non spécifié","2026-04-29","Rekrute | https://www.rekrute.com/offre-emploi-developpeur-fullstack-php-symfony-recrutement-btechnologie-rabat-181680.html"
"Développeur Java Angular (F/H) | Casablanca (Maroc)","Sofrecom Maroc","Maroc","Développeur","Offre d'emploi Développeur Java Angular (F/H) - Casablanca - Sofrecom Maroc Développeur Java Angular (F/H) - Casablanca Informatique / Electronique - Internet / Multimédia - Secteur Informatique - Internet / Multimédia Intermédiaire (3 à 5 ans) - Confirmé (5 à 10 ans) 1 poste(s) sur Casablanca et région - Maroc Bac +5 et plus Minimum - Ecole d'ingénieur - Université Recherche de nouveauté Besoin de réflexion Besoin d'autonomie Implication au travail Ambition CDI Télétravail : Hybride Publiée il y a 22 jours sur ReKrute.com - Postulez avant le 07/06/2026 J'aime Suivre Entreprise : Vous êtes en quête de nouveaux défis et souhaitez donner un nouvel élan à votre carrière ? Rejoignez Sofrecom , une entreprise où l’agilité, l’audace et l’esprit d’équipe sont au cœur de notre culture, et où chacun peut s’épanouir pleinement. Filiale du groupe Orange, Sofrecom est une société de conseil et d’ingénierie spécialisée dans les télécommunications. Nous accompagnons nos clients dans leur transformation numérique, en les aidant à anticiper les évolutions technologiques, adapter leurs activités, moderniser leurs organisations et développer des solutions durables et performantes. Avec plus de 3 000 consultant(e)s et expert(e)s issus de 34 nationalités et répartis sur 9 implantations dans le monde, Sofrecom s’appuie sur la richesse des parcours et des talents pour stimuler l’innovation et viser l’excellence. Notre culture d’entreprise valorise un environnement inclusif, diversifié et équitable, où chaque personne est encouragée à s’épanouir pleinement. Nous favorisons l’intégration des jeunes talents, soutenons l’évolution des collaboratrices et collaborateurs expérimentés, et promouvons l’égalité professionnelle pour toutes et tous. Nous nous engageons également à créer des conditions propices à la pleine participation des personnes en situation de handicap. Ainsi, chacun·e peut développer ses compétences, contribuer activement et progresser dans sa carrière, dans un cadre bienveill","Java, SQL, Angular, Git, Excel, Agile","Bac+5","5 ans","Non spécifié","Non spécifié","2026-04-29","Rekrute | https://www.rekrute.com/offre-emploi-developpeur-java-angular-fh-recrutement-sofrecom-maroc-casablanca-181541.html"
"Développeur Full Stack Big Data (H/F) | Rabat (Maroc)","BTechnologie","Maroc","Développeur","Offre d'emploi Développeur Full Stack Big Data (H/F) - Rabat - BTechnologie Développeur Full Stack Big Data (H/F) - Rabat Informatique / Electronique - Télécom / Réseaux - Secteur Informatique - Telecom Junior (1 à 3 ans) - Intermédiaire (3 à 5 ans) 1 poste(s) sur Rabat et région - Maroc Bac +5 et plus Minimum Recherche de nouveauté Besoin de réflexion Besoin d'autonomie Implication au travail Ambition CDI Télétravail : Hybride Publiée il y a 27 jours sur ReKrute.com - Postulez avant le 30/05/2026 J'aime Suivre Entreprise : BTECHNOLOGIE est un centre d’excellence premium au service de Bouygues Telecom filiale du groupe Accenture, visant à augmenter sa capacité de delivery, à améliorer la qualité perçue par ses clients finaux et à accompagner la croissance technologique dans une perspective d’économie décarbonée. Aujourd'hui, le centre compte plus de 500 talents et ambitionne d’atteindre les 1000 talents d’ici 2026. Envie de nouvelles perspectives de carrière ? Nous vous invitons à rejoindre notre centre d'excellence à Rabat, où vous participerez à des projets d'envergure avec une vision à long terme. Chaque jour est une opportunité de relever de nouveaux défis et de contribuer à façonner l'avenir de la technologie. Ensemble, nous bâtissons un avenir innovant, propulsé par votre talent et notre passion pour l'excellence. En intégrant notre équipe, vous serez reconnu(e) comme un collaborateur interne de Bouygues Telecom, acteur majeur des télécommunications. Nos atouts chez BTechnologie : • Bénéficiez d’un accompagnement personnalisé dès votre 1er jour d’arrivée par notre équipe Onboarding et votre futur Manager (accueil au sein de nos locaux à Rabat, journée d’onboarding, petit-déjeuner convivial). • Développez vos compétences techniques, fonctionnelles ou de management, grâce au catalogues de formations Accenture et à l’aide de nos Practice Managers et de leurs communautés. • Faîtes évoluer votre carrière grâce à notre politique de mobilité. Poste : Concevoir, dével","Python, Java, JavaScript, SQL, Node.js, Git, Excel, Agile","Bac","Junior","Non spécifié","Non spécifié","2026-04-29","Rekrute | https://www.rekrute.com/offre-emploi-developpeur-full-stack-big-data-hf-recrutement-btechnologie-rabat-181281.html"
"Concepteur Développeur Java Angular (F/H) | Casablanca (Maroc)","Sofrecom Maroc","Maroc","Développeur","Offre d'emploi Concepteur Développeur Java Angular (F/H) - Casablanca - Sofrecom Maroc Concepteur Développeur Java Angular (F/H) - Casablanca Informatique / Electronique - Secteur Telecom Confirmé (5 à 10 ans) 1 poste(s) sur Casablanca et région - Maroc Bac +5 et plus Minimum - Ecole d'ingénieur - Master Recherche de nouveauté Besoin de réflexion Besoin d'autonomie Implication au travail Ambition CDI Télétravail : Hybride Publiée il y a 28 jours sur ReKrute.com - Postulez avant le 01/06/2026 J'aime Suivre Entreprise : Vous êtes en quête de nouveaux défis et souhaitez donner un nouvel élan à votre carrière ? Rejoignez Sofrecom , une entreprise où l’agilité, l’audace et l’esprit d’équipe sont au cœur de notre culture, et où chacun peut s’épanouir pleinement. Filiale du groupe Orange, Sofrecom est une société de conseil et d’ingénierie spécialisée dans les télécommunications. Nous accompagnons nos clients dans leur transformation numérique, en les aidant à anticiper les évolutions technologiques, adapter leurs activités, moderniser leurs organisations et développer des solutions durables et performantes. Avec plus de 3 000 consultant(e)s et expert(e)s issus de 34 nationalités et répartis sur 9 implantations dans le monde, Sofrecom s’appuie sur la richesse des parcours et des talents pour stimuler l’innovation et viser l’excellence. Notre culture d’entreprise valorise un environnement inclusif, diversifié et équitable, où chaque personne est encouragée à s’épanouir pleinement. Nous favorisons l’intégration des jeunes talents, soutenons l’évolution des collaboratrices et collaborateurs expérimentés, et promouvons l’égalité professionnelle pour toutes et tous. Nous nous engageons également à créer des conditions propices à la pleine participation des personnes en situation de handicap. Ainsi, chacun·e peut développer ses compétences, contribuer activement et progresser dans sa carrière, dans un cadre bienveillant, stimulant et respectueux de la diversité. Rejoindre Sofrec","Java, SQL, Angular, Git, Excel, Agile","Bac+5","5 ans","Non spécifié","Non spécifié","2026-04-29","Rekrute | https://www.rekrute.com/offre-emploi-concepteur-developpeur-java-angular-fh-recrutement-sofrecom-maroc-casablanca-181360.html"
"Concepteur Développeur Python (F/H) | Rabat (Maroc)","Sofrecom Maroc","Maroc","Développeur","Offre d'emploi Concepteur Développeur Python (F/H) - Rabat - Sofrecom Maroc Concepteur Développeur Python (F/H) - Rabat Informatique / Electronique - Internet / Multimédia - Secteur Informatique Intermédiaire (3 à 5 ans) 2 poste(s) sur Rabat et région - Maroc Bac +5 et plus Minimum - Master Recherche de nouveauté Ambition Besoin de réflexion Besoin d'autonomie Implication au travail CDI Télétravail : Hybride Publiée il y a 41 jours sur ReKrute.com - Postulez avant le 19/05/2026 J'aime Suivre Entreprise : Vous êtes en quête de nouveaux défis et souhaitez donner un nouvel élan à votre carrière ? Rejoignez Sofrecom , une entreprise où l’agilité, l’audace et l’esprit d’équipe sont au cœur de notre culture, et où chacun peut s’épanouir pleinement. Filiale du groupe Orange, Sofrecom est une société de conseil et d’ingénierie spécialisée dans les télécommunications. Nous accompagnons nos clients dans leur transformation numérique, en les aidant à anticiper les évolutions technologiques, adapter leurs activités, moderniser leurs organisations et développer des solutions durables et performantes. Avec plus de 3 000 consultant(e)s et expert(e)s issus de 34 nationalités et répartis sur 9 implantations dans le monde, Sofrecom s’appuie sur la richesse des parcours et des talents pour stimuler l’innovation et viser l’excellence. Notre culture d’entreprise valorise un environnement inclusif, diversifié et équitable, où chaque personne est encouragée à s’épanouir pleinement. Nous favorisons l’intégration des jeunes talents, soutenons l’évolution des collaboratrices et collaborateurs expérimentés, et promouvons l’égalité professionnelle pour toutes et tous. Nous nous engageons également à créer des conditions propices à la pleine participation des personnes en situation de handicap. Ainsi, chacun·e peut développer ses compétences, contribuer activement et progresser dans sa carrière, dans un cadre bienveillant, stimulant et respectueux de la diversité. Rejoindre Sofrecom , c’est par","Python, Java, JavaScript, Docker, Git, Excel, Agile, Scrum","Bac+5","Expert","Non spécifié","Non spécifié","2026-04-29","Rekrute | https://www.rekrute.com/offre-emploi-concepteur-developpeur-python-fh-recrutement-sofrecom-maroc-rabat-181000.html"
"Stagiaire PFA Développeur Backend (F/H) | Casablanca (Maroc)","Sofrecom Maroc","Maroc","Développeur","Offre d'emploi Stagiaire PFA Développeur Backend (F/H) - Casablanca - Sofrecom Maroc Stagiaire PFA Développeur Backend (F/H) - Casablanca Informatique / Electronique - Internet / Multimédia - Secteur Informatique Débutant (-1 an) 1 poste(s) sur Casablanca et région - Maroc Bac +5 et plus - Ecole d'ingénieur Recherche de nouveauté Besoin de réflexion Besoin d'autonomie Implication au travail Ambition Stage Télétravail : Hybride Publiée il y a 42 jours sur ReKrute.com - Postulez avant le 18/05/2026 J'aime Suivre Entreprise : Vous êtes en quête de nouveaux défis et souhaitez donner un nouvel élan à votre carrière ? Rejoignez Sofrecom , une entreprise où l’agilité, l’audace et l’esprit d’équipe sont au cœur de notre culture, et où chacun peut s’épanouir pleinement. Filiale du groupe Orange, Sofrecom est une société de conseil et d’ingénierie spécialisée dans les télécommunications. Nous accompagnons nos clients dans leur transformation numérique, en les aidant à anticiper les évolutions technologiques, adapter leurs activités, moderniser leurs organisations et développer des solutions durables et performantes. Avec plus de 3 000 consultant(e)s et expert(e)s issus de 34 nationalités et répartis sur 9 implantations dans le monde, Sofrecom s’appuie sur la richesse des parcours et des talents pour stimuler l’innovation et viser l’excellence. Notre culture d’entreprise valorise un environnement inclusif, diversifié et équitable, où chaque personne est encouragée à s’épanouir pleinement. Nous favorisons l’intégration des jeunes talents, soutenons l’évolution des collaboratrices et collaborateurs expérimentés, et promouvons l’égalité professionnelle pour toutes et tous. Nous nous engageons également à créer des conditions propices à la pleine participation des personnes en situation de handicap. Ainsi, chacun·e peut développer ses compétences, contribuer activement et progresser dans sa carrière, dans un cadre bienveillant, stimulant et respectueux de la diversité. Rejoindre S","Java, Angular, Excel, Agile","Bac+5","Débutant","Non spécifié","Non spécifié","2026-04-29","Rekrute | https://www.rekrute.com/offre-emploi-stagiaire-pfa-developpeur-backend-fh-recrutement-sofrecom-maroc-casablanca-180944.html"
"Développeur backend .NET Core / IA (H/F) | Casablanca (Maroc)","Oceane Consulting IT Maroc","Maroc","Développeur","Offre d'emploi Développeur backend .NET Core / IA (H/F) - Casablanca - Oceane Consulting IT Maroc Développeur backend .NET Core / IA (H/F) - Casablanca Informatique / Electronique - Secteur Informatique - Débutant (-1 an) 1 poste(s) sur Casablanca et région - Maroc Bac +2 Minimum Recherche de nouveauté Ambition Besoin de réflexion Besoin d'autonomie Implication au travail CDI Télétravail : Non Publiée il y a 43 jours sur ReKrute.com - Postulez avant le 17/05/2026 J'aime Suivre Entreprise : Pour l'un de nos projets, nous recrutons un Développeur Backend .NET Core ( H/F) qui utilise l'IA générative (ChatGPT, Claude, Gemini, Copilot) pour maximiser sa productivité. Poste : Vous aurez comme mission: Analyser du projet / Compréhension du besoin. Produire un code propre et performant en libérant des tâches fastidieuses grâce à l'IA. Définir la structure technique, les modèles de données et la logique métier en utilisant l'IA comme partenaire de brainstorming pour développer, valider et discuter vos idées architecturales. Piloter les outils IA (Agents, Copilot, Cursor...) pour générer rapidement le code ""boring"" (boilerplate, CRUD, tests unitaires) et implémenter vos directives. Utiliser l'IA pour auditer l'existant, proposer des optimisations et garantir un code ""Clean Architecture"". Profil recherché : Vous avez une formation de Bac+2/ Bac +3 en en Développement Informatique. Niveau : Compétence technique solide requise, pas d'exigence stricte d'années d'expérience. Stack technique: .NET Core 8/9, C# 12, Entity Framework Core SQL Server (architecture multi-tenant, database-per-client) ASP.NET Core Web API, REST API, JWT , Hangfire Clean Architecture, Repository Pattern Git, DevOps, Visual Studio Outils IA : ChatGPT, Claude, Gemini, Cursor Compétences essentielles : Maîtrise avancée de .NET Core, C#, EF Core et SQL Server Expertise en conception d'APIs REST et architecture Clean Expérience avec l'architecture multi-tenant (atout majeur) Capacité à formuler des prompts IA p","SQL, C#, .NET, Git","Bac+4","Débutant","Non spécifié","Non spécifié","2026-04-29","Rekrute | https://www.rekrute.com/offre-emploi-developpeur-backend-.net-core-ia-hf-recrutement-oceane-consulting-it-maroc-casablanca-180889.html"
"Développeur Web WordPress Junior / Stage préembauche Casablanca | Casablanca (Maroc)","Distamed sarl","Maroc","Développeur","Offre d'emploi Développeur Web WordPress Junior / Stage préembauche Casablanca - Casablanca - Distamed sarl Développeur Web WordPress Junior / Stage préembauche Casablanca - Casablanca Informatique / Electronique - Secteur Informatique Junior (1 à 3 ans) - Intermédiaire (3 à 5 ans) Casablanca et région - Maroc Bac +1 Minimum - Formation spécialisée - Licence Recherche de nouveauté Créativité Besoin de réflexion Equilibre personnel Ambition Organisation CDI Télétravail : Non Publiée il y a 44 jours sur ReKrute.com - Postulez avant le 17/05/2026 J'aime Suivre Entreprise : Distamed occupe une place de leader sur le marché marocain des dispositifs médicaux, avec un réseau puissant de partenaires, publics et privés et de nombreuses installations à travers le pays. Depuis sa création, Distamed n’a cessé d’améliorer son savoir-faire et ses compétences pour pouvoir poursuivre les changements des systèmes de santé et concevoir des solutions globales et efficace, pour affronter les défis du quotidien. Distamed se démarque par son expertise dans la vente du matériel médical le plus utilisé les domaines de cardiologie, pneumologie,neurologie, exploration du sommeil, réadaptation multidisciplinaire et recherche scientifique en offrant des équipements de haute qualité auprès de fournisseurs reconnus. Poste : Nous recherchons un **développeur web WordPress** pour rejoindre notre équipe et participer au développement, à la maintenance et à l’amélioration de nos différents sites web. Le candidat travaillera principalement sur des sites WordPress vitrines et e-commerce, ainsi que sur l’intégration de nouvelles fonctionnalités et de pages marketing (landing pages). Missions principales : Assurer la maintenance et l’amélioration continue de nos sites web existants. Développer et personnaliser des sites WordPress (vitrine et e-commerce). Intégrer des maquettes et créer des pages avec Elementor et d’autres page builders. Participer à la conception des landing pages optimisées. Développer","Java, JavaScript, HTML, CSS, PHP, Git, Excel, Vente","Bac+4","Junior","Non spécifié","Non spécifié","2026-04-29","Rekrute | https://www.rekrute.com/offre-emploi-developpeur-web-wordpress-junior-stage-preembauche-casablanca-recrutement-distamed-sarl-casablanca-180863.html"
"Senior NodeJs Engineer | Casablanca (Maroc)","Confidentiel","Maroc","Développeur","Offre d'emploi Senior NodeJs Engineer - Casablanca - Confidential Senior NodeJs Engineer - Casablanca Informatique / Electronique - Secteur Informatique Confirmé (5 à 10 ans) 1 poste(s) sur Casablanca et région - Maroc Bac +5 et plus Minimum - Ecole d'ingénieur - Master Recherche de nouveauté Rationalisme Flexibilité Besoin de réflexion Besoin d'autonomie Implication au travail Ambition Organisation CDI Télétravail : Non Publiée il y a 50 jours sur ReKrute.com - Postulez avant le 10/05/2026 J'aime Entreprise : Nous sommes une société spécialisée dans le recrutement et l’intérim, accompagnant entreprises et candidats dans la mise en relation efficace et le développement de carrière. Rejoignez notre réseau pour accéder à des missions variées et des opportunités professionnelles adaptées à votre profil. Poste : Envie de coder sur un produit qui transforme le recrutement et de rejoindre une équipe fun, innovante et ambitieuse ? Nous recrutons, pour le compte de notre client, un Senior Back-End Engineer afin de renforcer et faire évoluer leur plateforme SaaS . Ton quotidien : Concevoir, développer et optimiser des architectures back-end robustes en Node.js et TypeScript. Définir et développer des APIs performantes (API Design, performance, architecture). Participer à l'amélioration continue des pratiques de développement. Collaborer étroitement avec les équipes Produit, QA et Front-End pour assurer la cohérence technique des projets. Profil recherché : Profil recherché : Minimum 7 ans d'expérience en développement logiciel. Formation solide en informatique, développement logiciel ou équivalent (École d'ingénieurs / Bac+5 apprécié). Expertise avancée en Node.js et TypeScript. Approche JS/TS native : un développeur qui conçoit naturellement en JavaScript/TypeScript. Excellentes compétences en architecture logicielle, conception d'API et optimisation des performances. Une expérience en React est un plus (non obligatoire). Rigueur, autonomie, curiosité et capacité à évoluer ","Java, JavaScript, React, Node.js, Excel","Bac+5","7 ans","Non spécifié","Non spécifié","2026-04-29","Rekrute | https://www.rekrute.com/offre-emploi-senior-nodejs-engineer-recrutement-confidentiel-casablanca-180671.html"
"Développeur Fullstack net | Casablanca (Maroc)","Ipanema consulting","Maroc","Développeur","Offre d'emploi Développeur Fullstack net - Casablanca - Ipanema consulting Développeur Fullstack net - Casablanca Informatique / Electronique - Secteur Informatique Intermédiaire (3 à 5 ans) 1 poste(s) sur Casablanca et région - Maroc Bac +5 et plus - Master Flexibilité Travail en équipe Ambition CDI Télétravail : Hybride Publiée il y a 50 jours sur ReKrute.com - Postulez avant le 10/05/2026 J'aime Suivre Entreprise : IPANEMA est un cabinet d’accompagnement à la transformation numérique qui fédère des talents autour du développement web, de la Data, ainsi que du Cloud. Au sein d’ IPANEMA , la révolution numérique est une opportunité à saisir pour chaque entreprise. Nous plaçons la technologie et l’humain au cœur de la transition numérique Avec plus de 30 ans d’expérience dans le domaine informatique, le projet d’ Ipanema est d’accompagner les entreprises à 360° dans la transformation digitale. Nos équipes s’engagent à proposer les solutions les plus pertinentes. Ceci afin d’améliorer l’image, la visibilité et la productivité des entreprises. Cette nouvelle entité, basée à Casablanca, nous permet de consolider notre présence et de nous agrandir, tout en continuant à fournir des services de haute qualité à nos clients. Avec une équipe dédiée et une vision axée sur l'avenir, nous sommes prêts à relever de nouveaux défis et à écrire le prochain chapitre passionnant de notre croissance. Poste : Rattaché au Software Delivery Manager, vous nous accompagnerez dans la transformation de notre SI afin d’assurer le succès des projets majeurs de transformation digitale. En tant que Software Full Stack Developer, vous serez en charge d’architecturer et implémenter des fonctionnalités scalables et réutilisables, aussi bien côté front que côté back. Vous faciliterez la modularisation de nos produits en prônant une approche micro-frontend & micro- service. Fort de votre expertise technique, vous serez en capacité de proposer et diffuser les bonnes pratiques de codage et de test unit","Python, SQL, HTML, CSS, React, Angular, C#, .NET","Bac+5","Expert","Non spécifié","Non spécifié","2026-04-29","Rekrute | https://www.rekrute.com/offre-emploi-developpeur-fullstack-net-recrutement-ipanema-consulting-casablanca-180623.html"
"Gestionnaire Clientèle - Réseau Oujda / Berkane (H/F) | Oujda (Maroc)","Attijariwafa bank","Maroc","Marketing","Offre d'emploi Gestionnaire Clientèle - Réseau Oujda / Berkane (H/F) - Oujda - Attijariwafa bank J'aime Suivre Gestionnaire Clientèle - Réseau Oujda / Berkane (H/F) - Oujda Banque (métiers de la) - Secteur Banque / Finance Débutant (-1 an) 20 poste(s) sur Kénitra et région - Maroc Bac +3 Minimum Volonté de persuasion Conventionnel Flexibilité Implication au travail Autre Télétravail : Non Publiée aujourd'hui sur ReKrute.com - Postulez avant le 21/06/2026 Behind The Brand Découvrez le quotidien des équipes et les bureaux ! Visiter l'entreprise Entreprise : Avec son modèle de banque universelle, sa dimension panafricaine, la complémentarité de ses métiers et ses expertises solides, le groupe Attijariwafa bank est un acteur de référence du secteur financier au Maroc et en Afrique. Attijariwafa bank a su, depuis plus d’un siècle, se réinventer en diversifiant ses métiers, en renouvelant ses offres et en adaptant ses organisations, pour répondre à son ambition de devenir la banque relationnelle de référence. Le groupe Attijariwafa bank accompagne aujourd’hui 12 millions de clients particuliers, professionnels, entreprises et institutionnels et mobilise 20.900 collaborateurs dans 26 pays en Afrique, en Europe et au Moyen-Orient. Culture de l'entreprise : Attijariwafa bank développe une culture majoritairement orientée coopération , plaçant l’humain, la confiance et l’esprit d’équipe au cœur de son fonctionnement. L’entreprise favorise un management de proximité, fondé sur l’accompagnement, la responsabilisation et la qualité des relations professionnelles. Cette approche collaborative est complétée par une forte exigence de performance, valorisant l’ambition, le dépassement de soi et l’orientation client. Elle intègre également une dynamique d’innovation, encadrée par des processus structurés garantissant fiabilité, efficacité et maîtrise des activités. Poste : Dans le cadre de développement de notre activité, nous recherchons des Gestionnaires Clientèles dynamiques et mo","Vente","Bac+4","Débutant","Non spécifié","Non spécifié","2026-04-29","Rekrute | https://www.rekrute.com/offre-emploi-gestionnaire-clientele---reseau-oujda-berkane-hf-recrutement-attijariwafa-bank-oujda-182047.html"
"Gestionnaire Clientèle - Réseau Nador (H/F) | Nador (Maroc)","Attijariwafa bank","Maroc","Marketing","Offre d'emploi Gestionnaire Clientèle - Réseau Nador (H/F) - Nador - Attijariwafa bank J'aime Suivre Gestionnaire Clientèle - Réseau Nador (H/F) - Nador Banque (métiers de la) - Secteur Banque / Finance Débutant (-1 an) 20 poste(s) sur Kénitra et région - Maroc Bac +3 Minimum Volonté de persuasion Conventionnel Flexibilité Implication au travail Autre Télétravail : Non Publiée aujourd'hui sur ReKrute.com - Postulez avant le 21/06/2026 Behind The Brand Découvrez le quotidien des équipes et les bureaux ! Visiter l'entreprise Entreprise : Avec son modèle de banque universelle, sa dimension panafricaine, la complémentarité de ses métiers et ses expertises solides, le groupe Attijariwafa bank est un acteur de référence du secteur financier au Maroc et en Afrique. Attijariwafa bank a su, depuis plus d’un siècle, se réinventer en diversifiant ses métiers, en renouvelant ses offres et en adaptant ses organisations, pour répondre à son ambition de devenir la banque relationnelle de référence. Le groupe Attijariwafa bank accompagne aujourd’hui 12 millions de clients particuliers, professionnels, entreprises et institutionnels et mobilise 20.900 collaborateurs dans 26 pays en Afrique, en Europe et au Moyen-Orient. Culture de l'entreprise : Attijariwafa bank développe une culture majoritairement orientée coopération , plaçant l’humain, la confiance et l’esprit d’équipe au cœur de son fonctionnement. L’entreprise favorise un management de proximité, fondé sur l’accompagnement, la responsabilisation et la qualité des relations professionnelles. Cette approche collaborative est complétée par une forte exigence de performance, valorisant l’ambition, le dépassement de soi et l’orientation client. Elle intègre également une dynamique d’innovation, encadrée par des processus structurés garantissant fiabilité, efficacité et maîtrise des activités. Poste : Dans le cadre de développement de notre activité, nous recherchons des Gestionnaires Clientèles dynamiques et motivé(es). Si vous ré","Vente","Bac+4","Débutant","Non spécifié","Non spécifié","2026-04-29","Rekrute | https://www.rekrute.com/offre-emploi-gestionnaire-clientele---reseau-nador-hf-recrutement-attijariwafa-bank-nador-182048.html"
"Gestionnaire Clientèle - Réseau Beni Nssar / Driouech (H/F) | Nador (Maroc)","Attijariwafa bank","Maroc","Marketing","Offre d'emploi Gestionnaire Clientèle - Réseau Beni Nssar / Driouech (H/F) - Nador - Attijariwafa bank J'aime Suivre Gestionnaire Clientèle - Réseau Beni Nssar / Driouech (H/F) - Nador Banque (métiers de la) - Secteur Banque / Finance Débutant (-1 an) 20 poste(s) sur Kénitra et région - Maroc Bac +3 Minimum Volonté de persuasion Conventionnel Flexibilité Implication au travail Autre Télétravail : Non Publiée aujourd'hui sur ReKrute.com - Postulez avant le 22/06/2026 Behind The Brand Découvrez le quotidien des équipes et les bureaux ! Visiter l'entreprise Entreprise : Avec son modèle de banque universelle, sa dimension panafricaine, la complémentarité de ses métiers et ses expertises solides, le groupe Attijariwafa bank est un acteur de référence du secteur financier au Maroc et en Afrique. Attijariwafa bank a su, depuis plus d’un siècle, se réinventer en diversifiant ses métiers, en renouvelant ses offres et en adaptant ses organisations, pour répondre à son ambition de devenir la banque relationnelle de référence. Le groupe Attijariwafa bank accompagne aujourd’hui 12 millions de clients particuliers, professionnels, entreprises et institutionnels et mobilise 20.900 collaborateurs dans 26 pays en Afrique, en Europe et au Moyen-Orient. Culture de l'entreprise : Attijariwafa bank développe une culture majoritairement orientée coopération , plaçant l’humain, la confiance et l’esprit d’équipe au cœur de son fonctionnement. L’entreprise favorise un management de proximité, fondé sur l’accompagnement, la responsabilisation et la qualité des relations professionnelles. Cette approche collaborative est complétée par une forte exigence de performance, valorisant l’ambition, le dépassement de soi et l’orientation client. Elle intègre également une dynamique d’innovation, encadrée par des processus structurés garantissant fiabilité, efficacité et maîtrise des activités. Poste : Dans le cadre de développement de notre activité, nous recherchons des Gestionnaires Clientèles dyna","Vente","Bac+4","Débutant","Non spécifié","Non spécifié","2026-04-29","Rekrute | https://www.rekrute.com/offre-emploi-gestionnaire-clientele---reseau-beni-nssar-driouech-hf-recrutement-attijariwafa-bank-nador-182068.html"
"Gestionnaire Clientèle - Krona / Midar / Kasseta (H/F) | Nador (Maroc)","Attijariwafa bank","Maroc","Marketing","Offre d'emploi Gestionnaire Clientèle - Krona / Midar / Kasseta (H/F) - Nador - Attijariwafa bank J'aime Suivre Gestionnaire Clientèle - Krona / Midar / Kasseta (H/F) - Nador Banque (métiers de la) - Secteur Banque / Finance Débutant (-1 an) 20 poste(s) sur Kénitra et région - Maroc Bac +3 Minimum Volonté de persuasion Conventionnel Flexibilité Implication au travail Autre Télétravail : Non Publiée aujourd'hui sur ReKrute.com - Postulez avant le 22/06/2026 Behind The Brand Découvrez le quotidien des équipes et les bureaux ! Visiter l'entreprise Entreprise : Avec son modèle de banque universelle, sa dimension panafricaine, la complémentarité de ses métiers et ses expertises solides, le groupe Attijariwafa bank est un acteur de référence du secteur financier au Maroc et en Afrique. Attijariwafa bank a su, depuis plus d’un siècle, se réinventer en diversifiant ses métiers, en renouvelant ses offres et en adaptant ses organisations, pour répondre à son ambition de devenir la banque relationnelle de référence. Le groupe Attijariwafa bank accompagne aujourd’hui 12 millions de clients particuliers, professionnels, entreprises et institutionnels et mobilise 20.900 collaborateurs dans 26 pays en Afrique, en Europe et au Moyen-Orient. Culture de l'entreprise : Attijariwafa bank développe une culture majoritairement orientée coopération , plaçant l’humain, la confiance et l’esprit d’équipe au cœur de son fonctionnement. L’entreprise favorise un management de proximité, fondé sur l’accompagnement, la responsabilisation et la qualité des relations professionnelles. Cette approche collaborative est complétée par une forte exigence de performance, valorisant l’ambition, le dépassement de soi et l’orientation client. Elle intègre également une dynamique d’innovation, encadrée par des processus structurés garantissant fiabilité, efficacité et maîtrise des activités. Poste : Dans le cadre de développement de notre activité, nous recherchons des Gestionnaires Clientèles dynamiques et ","Vente","Bac+4","Débutant","Non spécifié","Non spécifié","2026-04-29","Rekrute | https://www.rekrute.com/offre-emploi-gestionnaire-clientele---krona-midar-kasseta-hf-recrutement-attijariwafa-bank-nador-182069.html"
"Responsable Marketing | Meknès (Maroc)","Meski Invest - Riva Industries","Maroc","Marketing","Offre d'emploi Responsable Marketing - Meknès - Meski Invest - Riva Industries Responsable Marketing - Meknès Communication / Publicité / RP - Marketing - Secteur Automobile / Motos / Cycles - Autres Industries Intermédiaire (3 à 5 ans) - Confirmé (5 à 10 ans) 1 poste(s) sur Meknès et région - Maroc Bac +5 et plus - Master Recherche de nouveauté Créativité Extraversion Flexibilité Besoin de réflexion Travail en équipe CDI Télétravail : Non Poste avec Management Publiée aujourd'hui sur ReKrute.com - Postulez avant le 28/06/2026 J'aime Suivre Entreprise : Fort d’une expérience terrain de plus de 40 ans , MESKI Invest est un groupe marocain multi-métiers ayant fait le choix stratégique de la diversification , en intervenant dans les secteurs clés de l’économie marocaine : • Riva Industrie : Industries sidérurgiques • Entreprises Belmekki : Distribution de matériaux de construction • Nadym : Logistique et services de transport routier, transport de marchandises et location camions remorques • Belmekkimmo : Immobilier • Danub : Location de voitures • Ontario : Transport touristique • Jawda Bois : Distribution de bois • Nouveaux métiers innovants en cours de développement dans le cadre du programme national d’accélération industrielle Créateur de valeurs dans plusieurs régions du Royaume, le Groupe a su confirmer au niveau national sa vocation d’ acteur de référence grâce à une expertise humaine et des technologies de pointe. Rejoindre le Groupe Meski Invest , c’est faire partie d’un groupe familial, visionnaire et audacieux qui continue d’entreprendre et d’investir. Tous ses bénéfices sont réinvestis dans le développement au service de cette politique de croissance. Le Groupe est en outre engagé dans le développement économique local et dans le développement durable , reposant sur le savoir-faire et l’implication de ses salariés . Nos collaborateurs, qui sont plus de 2 500 , font la force de notre Groupe. Pour leur offrir des perspectives de carrière intéressantes et att","Git, Excel, Négociation","Bac+5","Confirmé","Non spécifié","Non spécifié","2026-04-29","Rekrute | https://www.rekrute.com/offre-emploi-responsable-marketing-recrutement-meski-invest---riva-industries-meknes-182295.html"
"PR Manager | Casablanca (Maroc)","Oppo","Maroc","Marketing","Offre d'emploi PR Manager - Casablanca - Oppo PR Manager - Casablanca Communication / Publicité / RP - Marketing - Secteur Indifférent Confirmé (5 à 10 ans) Casablanca et région - Maroc Bac +3 Minimum Recherche de nouveauté Extraversion Flexibilité Ambition Organisation CDI Télétravail : Non Poste avec Management Publiée aujourd'hui sur ReKrute.com - Postulez avant le 28/06/2026 J'aime Suivre Entreprise : OPPO est une entreprise internationale de technologie spécialisée dans la conception et la commercialisation de smartphones, d’objets connectés et de solutions intelligentes . Fondée en 2004, la marque est aujourd’hui présente dans plus de 60 pays et régions, et figure parmi les leaders mondiaux du secteur mobile. Reconnue pour son excellence en recherche et développement, OPPO investit continuellement dans les technologies de pointe, notamment la photographie mobile, la 5G, l’intelligence artificielle et l’optimisation de l’expérience utilisateur. L’innovation, la qualité et le design sont au cœur de l’ADN de la marque. Au Maroc, OPPO développe activement ses activités commerciales et son réseau de distribution, en s’appuyant sur des équipes engagées, orientées performance et satisfaction client. L’entreprise valorise le développement des compétences, la formation continue, la diversité et l’inclusion, ainsi que la création d’un environnement de travail stimulant favorisant l’épanouissement professionnel. OPPO s’inscrit dans une vision durable, visant à proposer des technologies accessibles, responsables et créatrices de valeur pour ses collaborateurs, ses partenaires et ses clients Poste : OPPO recrute un PR Manager (H/F) Dans le cadre de son développement au Maroc, OPPO recrute un PR Manager afin de renforcer la visibilité de la marque, développer les relations médias et piloter des communications à fort impact dans un marché hautement concurrentiel. Missions principales : Définir et déployer la stratégie de relations publiques d’OPPO au Maroc en cohérence avec ","Excel, Gestion de projet","Bac+4","Confirmé","Français, Anglais","Non spécifié","2026-04-29","Rekrute | https://www.rekrute.com/offre-emploi-pr-manager-recrutement-oppo-casablanca-182269.html"
"Customer Service Agent - Check In | Nador (Maroc)","Air Arabia","Maroc","Marketing","Offre d'emploi Customer Service Agent - Check In - Nador - Air Arabia Customer Service Agent - Check In - Nador Tourisme (métiers du) - Secteur Aéronautique / Spatial Junior (1 à 3 ans) 1 poste(s) sur Casablanca et région - Maroc Bac +2 - Formation professionnelle - Université Respect des règles Extraversion Sensibilité émotionnelle Flexibilité Organisation CDI Télétravail : Non Publiée il y a 3 jours sur ReKrute.com - Postulez avant le 27/06/2026 J'aime Suivre Entreprise : Air Arabia (PJSC), listed on the Dubai Financial Market, is the Middle East and North Africa’s first and leading low-cost carrier flying to over 150 destinations across the world. Air Arabia was the first airline to introduce the low-cost carrier concept in the region and is on a mission to serve all Arab countries and beyond, constantly undergoing aggressive route expansion, taking advantage of its ideally located hubs in the United Arab Emirates, Morocco and Egypt. Over the past years, Air Arabia, through continuous market research and customer feedback, has provided a range of value added services to millions of passengers who chose to fly with the airline's fleet of A320 aircraft. The airline commenced operations in October 2003 and achieved financial break-even from its very first year of services and has been profitable ever since. The airline commenced operations in October 2003 and achieved financial break-even from its very first year of services and has been profitable ever since. - Company Presentation: Air Arabia Maroc is part of the Air Arabia Group. Based in Casablanca, Air Arabia Maroc is Morocco's leading Low Cost Carrier (LCC). Focusing on an offer that combines comfort, reliability and excellent value for money, the airline was established in April 2009. Company address : 04 Rue Carthage, Quartier les Iris, Casablanca Company name : Air Arabia Maroc Industry : Airline company Company Video Links : https://www.youtube.com/watch?v=nXcaeHzMwgs Culture de l'entreprise : Air Arabia s","React, Excel","Bac+3","Junior","Français, Anglais","Non spécifié","2026-04-29","Rekrute | https://www.rekrute.com/offre-emploi-customer-service-agent---check-in-recrutement-air-arabia-nador-182194.html"
"Brand Manager | Casablanca (Maroc)","Lesieur Cristal","Maroc","Marketing","Offre d'emploi Brand Manager - Casablanca - Lesieur Cristal Brand Manager - Casablanca Marketing - Secteur Agroalimentaire - Autres Industries Intermédiaire (3 à 5 ans) 1 poste(s) sur Casablanca et région - Maroc Bac +5 et plus Minimum - Ecole d'ingénieur Recherche de nouveauté Extraversion Flexibilité Ambition Organisation CDI Télétravail : Non Poste avec Management Publiée il y a 3 jours sur ReKrute.com - Postulez avant le 14/06/2026 J'aime Suivre Entreprise : Pionnier au Maroc et acteur de référence agro-industriel régional, Lesieur Cristal accompagne depuis près de 80 ans la modernisation des filières oléicole et oléagineuse au Maroc. L’entreprise se positionne également comme le levier de développement du groupe Avril sur le continent africain, capitalisant sur son savoir-faire historique afin de valoriser de nombreuses opportunités de croissance dans le domaine des produits de grande consommation. Intervenant de la graine jusqu’au produit final, Lesieur Cristal dispose d’un dispositif industriel puissant : trois sites de production au Maroc (trituration oléagineuse d’Aïn Sebaâ, complexe industriel d’Aïn Harrouda, trituration d’olives de Kelaat Sraghna), une usine de fabrication de margarine (Indusalim), et deux unités en Tunisie (Cristal Tunise) et au Sénégal (Oleosen). L’entreprise produit et distribue une large gamme d’huiles de table, d’huiles d’olive, de margarine et de savons, qui ont su conquérir l’adhésion et la fidélité renouvelée de plusieurs générations de consommateurs : Lesieur, Cristal, Huilor, Al Horra, Mabrouka, Magdor, Familia, Ledda, Taous, El Kef, El Menjel. Soucieuse de son impact social et environnemental, ouverte vers l’international, Lesieur Cristal investit sur le savoir-faire et l’engagement vers l’excellence de tous ses collaborateurs, acteurs de progrès dans leur environnement. Culture de l'entreprise : Lesieur Cristal se distingue par une culture majoritairement orientée vers la coopération , où l’humain, la confiance et l’esprit d’é","Git, Excel, Vente","Bac+5","Non spécifié","Non spécifié","Non spécifié","2026-04-29","Rekrute | https://www.rekrute.com/offre-emploi-brand-manager-recrutement-lesieur-cristal-casablanca-181789.html"
"Business Analyst Marketing (H/F) | Casablanca (Maroc)","Confidentiel","Maroc","Marketing","Offre d'emploi Business Analyst Marketing (H/F) - Casablanca - Confidential Business Analyst Marketing (H/F) - Casablanca Marketing - Secteur Internet / Multimédia Débutant (-1 an) - Junior (1 à 3 ans) 1 poste(s) sur Casablanca et région - Maroc Bac +5 et plus Minimum Recherche de nouveauté Extraversion Ambition Flexibilité Organisation CDI Télétravail : Non Poste avec Management Publiée il y a 6 jours sur ReKrute.com - Postulez avant le 11/05/2026 J'aime Entreprise : Nous sommes à la recherche d'un.e futur.e Business Analyst Marketing passionné.e par l’analyse de la performance et la gestion de projets internationaux pour rejoindre notre équipe Business Operations. Poste : Vous auriez l'opportunité de jouer un rôle clé dans le développement de nombreux projets digitaux et impacter les décisions d’investissements au quotidien. votre mission consistera à gérer et à coordonner la progression des projets. Mais aussi de suivre la performance des opérations en cours et en particulier des campagnes de marketing digital. 1. Booster la croissance du marché : • Identifier les caractéristiques clés du marché et effectuer des benchmarks réguliers. • Suivre les KPIs à partir des tableaux de bords, analyser et optimiser les performances en lien avec les équipes marketing et techniques. • Améliorer les supports statistiques et leurs modèles. • Travailler avec les équipes de marketing digital pour optimiser les campagnes pub et atteindre les objectifs définis. • Collaborer avec l'équipe produit pour coordonner le lancement de nouveaux services et l’évolution des ceux existants • Réaliser les supports et reportings qui seront transmis aux partenaires / prospects / clients • Conduire les projets du concept initial à la livraison. Assurer la coordination entre toutes les parties prenantes (Business, Technique, Marketing) 2. Gérer opérationnellement : • Analyser, mesurer les performances et le retour sur investissement. • Proposer des actions d'optimisations / d'améliorations • Condui","Git, Tableau, Excel, Marketing digital, Gestion de projet","Bac+4","Débutant","Français, Anglais, Arabe","Non spécifié","2026-04-29","Rekrute | https://www.rekrute.com/offre-emploi-business-analyst-marketing-hf-recrutement-confidentiel-casablanca-180703.html"
"Commercial Grand Comptes- Equipements Médicaux | CASABLANCA (Maroc)","Claes Medical Service","Maroc","Marketing","Offre d'emploi Commercial Grand Comptes- Equipements Médicaux - CASABLANCA - Claes Medical Service Commercial Grand Comptes- Equipements Médicaux - CASABLANCA Commercial / Vente / Export - Secteur Matériel Médical Intermédiaire (3 à 5 ans) 1 poste(s) sur Casablanca et région - Maroc Bac +5 et plus Minimum - Ecole d'ingénieur - Master Recherche de nouveauté Extraversion Volonté de persuasion Ambition Intuition / Spontanéité CDI Télétravail : Non Publiée il y a 6 jours sur ReKrute.com - Postulez avant le 23/06/2026 J'aime Suivre Entreprise : Partenaire d’acteurs majeurs de la santé au niveau mondial , Claes Médical Service se positionne comme leader dans la distribution d’équipements médicaux, de laboratoires et de consommables au Maroc depuis plus d’une vingtaine d’année . Sahmed , notre filiale, assure la distribution de consommables médicaux , notamment en urologie afin de répondre aux besoins du secteur de la santé en terme de qualité et de disponibilité. Nos deux sociétés mettent à la disposition de nos clients une équipe commerciale professionnelle et experte pour répondre aux besoins variés de nos partenaires : ministère de la santé (centre hospitalier universitaire, hôpitaux de province, centre spécialisé…), direction de l’équipement médical, polycliniques de la CNSS, hôpitaux militaires, cliniques et cabinets privés. Poste : Responsabilités principales • Développer le chiffre d’affaires et les marges dans le respect des objectifs fixés. • Préparer et suivre les projets hospitaliers et cliniques en lien avec les investisseurs, médecins, services biomédicaux et directions d’établissements. • Évaluer le potentiel de chaque client et définir une stratégie commerciale adaptée. • Mettre en œuvre des actions de promotion : démonstrations produits, présentations sur site, rendez-vous techniques. • Négocier les conditions commerciales et techniques avec les différents interlocuteurs (médecins, ingénieurs biomédicaux, acheteurs, directions). • Participer à l’élaboratio","Excel, Vente, Négociation","Bac+5","Expert","Anglais","Non spécifié","2026-04-29","Rekrute | https://www.rekrute.com/offre-emploi-commercial-grand-comptes--equipements-medicaux-recrutement-claes-medical-service-casablanca-177939.html"
"Stages Campagne Marocains du Monde - MDM | MAROC (Maroc)","Attijariwafa bank","Maroc","Marketing","Offre d'emploi Stages Campagne Marocains du Monde - MDM - MAROC - Attijariwafa bank J'aime Suivre Stages Campagne Marocains du Monde - MDM - MAROC Administration des ventes / SAV - Gestion / Comptabilité / Finance - Secteur Banque / Finance - Autres services Débutant (-1 an) 1 poste(s) sur Tout le Maroc - Maroc Bac +1 Minimum Respect des règles Extraversion Travail en équipe Conventionnel Besoin d'objectivité Flexibilité Implication au travail Organisation Stage Télétravail : Non Publiée il y a 6 jours sur ReKrute.com - Postulez avant le 23/06/2026 Behind The Brand Découvrez le quotidien des équipes et les bureaux ! Visiter l'entreprise Entreprise : Avec son modèle de banque universelle, sa dimension panafricaine, la complémentarité de ses métiers et ses expertises solides, le Groupe Attijariwafa bank est un acteur de référence du secteur financier au Maroc et en Afrique. Attijariwafa bank a su, depuis plus d’un siècle, se réinventer en diversifiant ses métiers, en renouvelant ses offres et en adaptant ses organisations, pour répondre à son ambition de devenir la banque relationnelle de référence. Le Groupe Attijariwafa bank accompagne aujourd’hui près de 10,2 millions de clients particuliers, professionnels, entreprises et institutionnels et mobilise 20 602 collaborateurs dans 25 pays en Afrique, en Europe et au Moyen-Orient. NOUVEAUTÉ : Découvrez notre 2ème colloque «Talents africains groupe attijariwafa bank» en cliquant ici Premier financeur de l’économie nationale, premier collecteur de l’épargne et premier acteur des paiements électroniques au Maroc, les différentes performances du Groupe Attijariwafa bank le confortent dans ses choix stratégiques et le positionnent comme leader incontesté du secteur bancaire et financier national. Le Groupe est un acteur bancaire et financier de premier plan à l'échelle de la région et dispose du réseau d'agences le plus large en Afrique avec plus 5265 Agences bancaires. Culture de l'entreprise : Attijariwafa bank développe u","Excel, Vente","Bac+4","Débutant","Non spécifié","Non spécifié","2026-04-29","Rekrute | https://www.rekrute.com/offre-emploi-stages-campagne-marocains-du-monde---mdm-recrutement-attijariwafa-bank-maroc-182103.html"
"Déposez votre Candidature Spontanée | Casablanca (Maroc)","Orange Maroc","Maroc","Marketing","Offre d'emploi Déposez votre Candidature Spontanée - Casablanca - Orange Maroc Déposez votre Candidature Spontanée - Casablanca Télécom / Réseaux - Secteur Indifférent Intermédiaire (3 à 5 ans) 10 poste(s) sur Casablanca et région - Maroc Bac +5 et plus Maximum - Université Extraversion Ténacité Travail en équipe Implication au travail Ambition CDI Télétravail : Non Publiée il y a 7 jours sur ReKrute.com - Postulez avant le 15/04/2027 J'aime Suivre Entreprise : Là où la technologie rencontre l’impact. Orange Maroc n’est pas seulement un opérateur télécom. Nous sommes un acteur technologique majeur qui connecte 18,8 millions de clients, déploie les infrastructures du très haut débit et accélère la transformation digitale du Royaume. 5G. Data. AI. Cybersécurité. Orange Money. Digitalisation des entreprises. Depuis 1999, nous construisons un modèle qui conjugue innovation, performance et responsabilité. Entreprise profondément ancrée au Maroc, portée par la puissance d’un Groupe international, nous évoluons vite et où nous faisons évoluer notre écosystème avec nous. Certifiés GEEIS, Label Employeur Sportif, élus Service Client de l’Année pour la 9 année consécutive, nous plaçons l’expérience collaborateur au cœur de notre stratégie. Mais ce qui nous définit vraiment, ce sont les femmes et les hommes d’Orange Maroc, 1 300 femmes et hommes engagés qui transforment chaque jour une ambition en réalité. Poste : Orange ouvre la possibilité de déposer une candidature spontanée afin de rejoindre nos équipes et d’être considéré(e) pour de futurs besoins dans ses différentes directions. Chez Orange , vous faites partie d’une équipe qui partage des valeurs fortes : être attentionnés envers nos clients et parties prenantes et entre collaborateurs, responsables dans nos engagements, et audacieux dans nos actions. Nous vous offrons des opportunités de carrière au sein d’un leader des télécoms et du numérique, solidement implanté au Maroc et sur le continent africain. En nous rejoign","Git, Excel, Marketing digital","Bac","Expert","Non spécifié","Non spécifié","2026-04-29","Rekrute | https://www.rekrute.com/offre-emploi-deposez-votre-candidature-spontanee-recrutement-orange-maroc-casablanca-181455.html"
"Stagiaire Communication & Événementiel Capital Humain (Marketing RH) | Marrakech (Maroc)","Es Saadi Marrakech Resort","Maroc","Marketing","Offre d'emploi Stagiaire Communication & Événementiel Capital Humain (Marketing RH) - Marrakech - Es Saadi Marrakech Resort Stagiaire Communication & Événementiel Capital Humain (Marketing RH) - Marrakech Marketing - RH / Personnel / Formation - Secteur Communication / Evénementiel Débutant (-1 an) - Junior (1 à 3 ans) 1 poste(s) sur Marrakech et région - Maroc Bac +5 et plus Minimum - Master Recherche de nouveauté Extraversion Besoin d'objectivité Flexibilité Besoin d'autonomie Implication au travail Ambition Organisation Stage Télétravail : Non Publiée il y a 7 jours sur ReKrute.com - Postulez avant le 13/06/2026 J'aime Suivre Entreprise : Situé au coeur du prestigieux quartier de l'Hivernage, le Es Saadi Marrakech Resort incarne l'élégance et le raffinement à la marocaine. Le complexe s'étale sur 9 hectares de parc luxuriant et se compose d'un hôtel 5 étoiles de 149 chambres. Ouvert depuis 1966, Es Saadi dispose également d'un somptueux Palace abritant 81 suites, ainsi que de 10 villas privées et 8 ksars au charme authentique. Le Resort propose enfin 13 restaurants et bars, ainsi que deux Spas et un pôle Entertainment. Le Es Saadi Marrakech Resort s'impose comme une référence incontournable du luxe discret, de l'art de recevoir et d'expériences uniques. Rejoindre le Es Saadi Marrakech Resort , c'est bien plus qu'intégrer un établissement d'exception : c'est participer à une aventure humaine portée par des valeurs fortes de passion, d'excellence et d'authenticité. Depuis plus de 50 ans, notre maison cultive un art de vivre unique, en alliant l'élégance du service 5 étoiles à la richesse de la culture marocaine. Nous sommes fiers d'offrir à nos collaborateurs un cadre de travail inspirant, au cœur d'un environnement luxuriant, où la transmission du savoir-faire et la reconnaissance des talents sont au cœur de notre vision managériale. Notre ambition est de rassembler des talents animés par l'envie de s'investir dans une hôtellerie de prestige et de contribuer à des","Git, Excel, Gestion de projet","Bac+5","Débutant","Anglais","Non spécifié","2026-04-29","Rekrute | https://www.rekrute.com/offre-emploi-stagiaire-communication-evenementiel-capital-humain-marketing-rh-recrutement-es-saadi-marrakech-resort-marrakech-181745.html"
"Stage PFE- Marketing et Communication (-à partir de Mai ) | Marrakech (Maroc)","Es Saadi Marrakech Resort","Maroc","Marketing","Offre d'emploi Stage PFE- Marketing et Communication (-à partir de Mai ) - Marrakech - Es Saadi Marrakech Resort Stage PFE- Marketing et Communication (-à partir de Mai ) - Marrakech Communication / Publicité / RP - Marketing - Secteur Indifférent Débutant (-1 an) Casablanca et région - Maroc Bac +5 et plus Maximum - Ecole de commerce - Master Créativité Extraversion Implication au travail Stage Télétravail : Non Publiée il y a 7 jours sur ReKrute.com - Postulez avant le 15/06/2026 J'aime Suivre Entreprise : Situé au coeur du prestigieux quartier de l'Hivernage, le Es Saadi Marrakech Resort incarne l'élégance et le raffinement à la marocaine. Le complexe s'étale sur 9 hectares de parc luxuriant et se compose d'un hôtel 5 étoiles de 149 chambres. Ouvert depuis 1966, Es Saadi dispose également d'un somptueux Palace abritant 81 suites, ainsi que de 10 villas privées et 8 ksars au charme authentique. Le Resort propose enfin 13 restaurants et bars, ainsi que deux Spas et un pôle Entertainment. Le Es Saadi Marrakech Resort s'impose comme une référence incontournable du luxe discret, de l'art de recevoir et d'expériences uniques. Rejoindre le Es Saadi Marrakech Resort , c'est bien plus qu'intégrer un établissement d'exception : c'est participer à une aventure humaine portée par des valeurs fortes de passion, d'excellence et d'authenticité. Depuis plus de 50 ans, notre maison cultive un art de vivre unique, en alliant l'élégance du service 5 étoiles à la richesse de la culture marocaine. Nous sommes fiers d'offrir à nos collaborateurs un cadre de travail inspirant, au cœur d'un environnement luxuriant, où la transmission du savoir-faire et la reconnaissance des talents sont au cœur de notre vision managériale. Notre ambition est de rassembler des talents animés par l'envie de s'investir dans une hôtellerie de prestige et de contribuer à des expériences clients inoubliables. Rejoindre notre équipe, c'est bénéficier d'un accompagnement sur mesure, de formations régulières, et","Excel","Bac+5","Débutant","Français","Non spécifié","2026-04-29","Rekrute | https://www.rekrute.com/offre-emploi-stage-pfe--marketing-et-communication--a-partir-de-mai-recrutement-es-saadi-marrakech-resort-marrakech-181801.html"
"Inspecteur commercial sédentaire | Casablanca (Maroc)","HEOMI","Maroc","Marketing","Offre d'emploi Inspecteur commercial sédentaire - Casablanca - HEOMI Inspecteur commercial sédentaire - Casablanca Assurance (métiers de l') - Commercial / Vente / Export - Secteur Centre d'appels Intermédiaire (3 à 5 ans) 1 poste(s) sur Casablanca et région - Maroc Bac +3 Minimum - Autre Recherche de nouveauté Créativité Volonté de persuasion Flexibilité Besoin d'autonomie Implication au travail Organisation CDI Télétravail : Non Publiée il y a 8 jours sur ReKrute.com - Postulez avant le 03/06/2026 J'aime Suivre Entreprise : Acteur incontournable du courtage en Assurances, HEOMI construit depuis plus de 25 ans, des programmes d’Assurances à destination des particuliers, des travailleurs non-salariés et des entreprises. Leader Français dans la distribution de produits d’assurance en ligne et précurseur en la matière, HEOMI est résolument tournée vers le digital. Notre force c’est d’appartenir au Groupe FINARE qui s’est construit sur des expertises fortes permettant aux structures du Groupe d’intervenir sur l’ensemble de la chaîne de valeur notamment dans les domaines de l’assurance et de l’épargne. Le Groupe FINARE en quelques mots c’est : plus de 1350 collaborateurs répartis dans 3 pays (France, Luxembourg, Maroc), 3 pôles d’activités (assurance, gestion de patrimoine, services). Régulièrement classé parmi le top 10 des meilleurs courtiers grossiste en Assurances, HEOMI est en constante croissance depuis sa création et nous ne comptons pas nous arrêter là ! Notre ambition : devenir le numéro 1 du courtage en Assurances ! Nos valeurs : Engagement, Performance, Innovation, Capital Humain. Si vous êtes sensible à nos valeurs, alors nous sommes sûrement faits pour nous entendre ! Culture de l'entreprise : HEOMI se caractérise par une culture fortement orientée vers la performance et la compétition , où l’ambition, le goût du challenge et l’orientation client constituent des leviers majeurs de réussite. Cette dynamique est complétée par une dimension de coopération , fa","Git, Vente","Bac+5","Expert","Français","Non spécifié","2026-04-29","Rekrute | https://www.rekrute.com/offre-emploi-inspecteur-commercial-sedentaire-recrutement-heomi-casablanca-181459.html"
"Business Communication and Business Development Project Manager | Ifrane (Maroc)","Al Akhawayn University","Maroc","Marketing","Offre d'emploi Business Communication and Business Development Project Manager - Ifrane - Al Akhawayn University Business Communication and Business Development Project Manager - Ifrane Communication / Publicité / RP - Marketing - Secteur Indifférent Intermédiaire (3 à 5 ans) - Confirmé (5 à 10 ans) 1 poste(s) sur Fès et région - Maroc Bac +5 et plus Minimum - Ecole de commerce Recherche de nouveauté Extraversion Flexibilité Ambition Organisation CDI Télétravail : Non Publiée il y a 8 jours sur ReKrute.com - Postulez avant le 22/06/2026 J'aime Suivre Entreprise : Inaugurated in 1995 by His Majesty King Hassan II and Crown Prince Abdallah bin Abdel-Aziz of Saudi Arabia, Al Akhawayn University redefines the classic American liberal arts educational experience on an architecturally stunning modern campus amidst the beauty of Morocco's Middle Atlas Mountains. It boasts: A uniquely international common core program for all undergraduate students, providing the basis for a well-rounded global education. Rich academics, in English, encouraging choice and experimentation, in all schools and programs of study. A comfortable, safe, exciting residential student life on campus, featuring hundreds of University student-run activities, with over 96 percent of undergraduates living on campus with roommates from around Morocco and the four corners of the world. The peace and pleasures of Ifrane, a center for outdoor exploration of mountains, streams, lakes, and more, with many entertainment options and easy access to major cities such as Rabat, Casablanca, Fez, Meknes, and more. Culture de l'entreprise : Al Akhawayn University se caractérise par une culture résolument tournée vers l’innovation , encourageant la créativité, l’expérimentation et l'audace pour faire évoluer l’enseignement et la recherche. Cette dynamique repose sur un esprit fort de coopération , avec des équipes solidaires et un management de proximité qui accompagne les talents académiques et administratifs. La perf","Git, Excel","Bac+5","Confirmé","Français, Anglais, Arabe","Non spécifié","2026-04-29","Rekrute | https://www.rekrute.com/offre-emploi-business-communication-and-business-development-project-manager-recrutement-al-akhawayn-university-ifrane-182057.html"
"Digital Performance Executive | Casablanca (Maroc)","Manpower Agences","Maroc","Marketing","Offre d'emploi Digital Performance Executive - Casablanca - Manpower Agences Digital Performance Executive - Casablanca Commercial / Vente / Export - Marketing - Secteur Indifférent Intermédiaire (3 à 5 ans) Casablanca et région - Maroc Bac +4 Minimum - Master - Université Recherche de nouveauté Extraversion Volonté de persuasion Intuition / Spontanéité Flexibilité Ambition Organisation Intérim Télétravail : Non Publiée il y a 8 jours sur ReKrute.com - Postulez avant le 21/06/2026 J'aime Suivre Entreprise : Présent depuis 1997 au Maroc, Manpower Group est un acteur international incontournable de l’emploi et de l’insertion sociale dans le monde. Au sein du Royaume Chérifien, nous couvrons l’ensemble du territoire, de Tanger à Laayoune. Nos équipes sont formées pour appuyer les entreprises dans la promotion de l’excellence en matière de gestion du capital humain : Intérim, CDD/CDI, Solutions & Ingénierie RH, Développement du capital humain… Pour nos salariés intérimaires , nous proposons une expérience unique, notamment avec la déclaration de 100% des heures travaillées, la mise en place d’une mutuelle pour tous et un accompagnement personnalisé pour les démarches administratives (bancarisation, CNSS…). Pour nos candidats , nous offrons, conformément aux standards mondiaux de Manpower Group, un processus de sélection, d’évaluation et d’accompagnement à la réussite dans leur nouvelle mission. Poste : Manpower recherche pour son client un(e) Digital Performance Executive. Dans le cadre du développement de ses activités digitales, notre client recrute un(e) Digital Performance Executive chargé(e) de piloter et optimiser la performance des canaux en ligne (e-commerce, marketplaces, e-retailers), en ligne avec la stratégie commerciale. Missions principales : • Développer et déployer les activités online en assurant la performance des ventes sur les différents canaux • Garantir le succès des lancements produits en respectant les délais et les standards de qualité • Analyse","Git, Excel, Vente, Marketing digital, Gestion de projet","Bac+5","Non spécifié","Français, Anglais, Arabe","Non spécifié","2026-04-29","Rekrute | https://www.rekrute.com/offre-emploi-digital-performance-executive-recrutement-manpower-agences-casablanca-182054.html"
"Téléconseiller(e)s | Casablanca (Maroc)","Attijariwafa bank","Maroc","Marketing","Offre d'emploi Téléconseiller(e)s - Casablanca - Attijariwafa bank J'aime Suivre Téléconseiller(e)s - Casablanca Centre d'appels (métiers de) - Secteur Banque / Finance - Centre d'appels Junior (1 à 3 ans) - Intermédiaire (3 à 5 ans) 10 poste(s) sur Casablanca et région - Maroc Bac +3 Maximum Respect des règles Volonté de persuasion Distance émotionnelle Ténacité Besoin d'action Travail en équipe Implication au travail Organisation CDI Télétravail : Non Publiée il y a 8 jours sur ReKrute.com - Postulez avant le 02/05/2026 Behind The Brand Découvrez le quotidien des équipes et les bureaux ! Visiter l'entreprise Entreprise : Avec son modèle de banque universelle, sa dimension panafricaine, la complémentarité de ses métiers et ses expertises solides, le groupe Attijariwafa bank est un acteur de référence du secteur financier au Maroc et en Afrique. Attijariwafa bank a su, depuis plus d’un siècle, se réinventer en diversifiant ses métiers, en renouvelant ses offres et en adaptant ses organisations, pour répondre à son ambition de devenir la banque relationnelle de référence. Le groupe Attijariwafa bank accompagne aujourd’hui 12 millions de clients particuliers, professionnels, entreprises et institutionnels et mobilise 20.900 collaborateurs dans 26 pays en Afrique, en Europe et au Moyen-Orient. Culture de l'entreprise : Attijariwafa bank développe une culture majoritairement orientée coopération , plaçant l’humain, la confiance et l’esprit d’équipe au cœur de son fonctionnement. L’entreprise favorise un management de proximité, fondé sur l’accompagnement, la responsabilisation et la qualité des relations professionnelles. Cette approche collaborative est complétée par une forte exigence de performance, valorisant l’ambition, le dépassement de soi et l’orientation client. Elle intègre également une dynamique d’innovation, encadrée par des processus structurés garantissant fiabilité, efficacité et maîtrise des activités. Poste : Assurer au téléphone une relation de qualit","Vente","Bac+4","Junior","Français, Anglais","Non spécifié","2026-04-29","Rekrute | https://www.rekrute.com/offre-emploi-teleconseilleres-recrutement-attijariwafa-bank-casablanca-180380.html"
"Chargé Pilotage Commercial | Casablanca (Maroc)","Attijari Payment Processing","Maroc","Marketing","Offre d'emploi Chargé Pilotage Commercial - Casablanca - Attijari Payment Processing Chargé Pilotage Commercial - Casablanca Commercial / Vente / Export - Secteur Banque / Finance Confirmé (5 à 10 ans) 1 poste(s) sur Tanger et région - Maroc Bac +5 et plus Minimum - Ecole de commerce Recherche de nouveauté Extraversion Volonté de persuasion Ambition Intuition / Spontanéité CDI Télétravail : Non Publiée il y a 8 jours sur ReKrute.com - Postulez avant le 21/06/2026 J'aime Suivre Entreprise : Attijari Payment Processing , Filiale Monétique du Groupe Attijariwafa bank , centralise au Maroc les traitements monétiques de l’ensemble des filiales du Groupe. Elle accompagne ces dernières dans l'optimisation de leurs coûts d’investissement et garantit le bon fonctionnement de l’activité monétique. Elle leur permet, entre autres, d’innover en proposant des produits et des services à forte valeur ajoutée et surtout d'aligner leur stratégie monétique à celle du Groupe. Poste : Définir les objectifs commerciaux et indicateurs de rentabilité avec de Responsable développement commercial et le Responsable Back office commercial Piloter au quotidien les réalisations commerciales et mettre à la disposition de l'ensemble des contributeurs des outils de pilotage et d'analyse pour le développement du fonds de commerce Acquisition d'APP Analyser et identifier les causes et effets des écarts entre les objectifs et réalisations par rubrique d'activité, analyser la rentabilité et proposer les niches de développement du PNB. Synthétiser les réalisations et actions du pôle acquisition à travers les présentations du pôle. Assurer une synergie dans les campagnes lancées par le Marketing dans le suivi de la réalisations commerciales, et des challenges commerciaux. Réaliser et diffuser des études et analyses diverses sur le fonds de commerce du pôle et automatiser les reportings les plus récurrents . Préparer les rapports de suivi de la performance pour le Top Management Supporter les équipes comm","Tableau, Excel, Vente, Négociation","Bac+5","Confirmé","Non spécifié","Non spécifié","2026-04-29","Rekrute | https://www.rekrute.com/offre-emploi-charge-pilotage-commercial-recrutement-attijari-payment-processing-casablanca-182027.html"
"COMMERCIAL REGIONAL | Fès (Maroc)","Attijari Payment Processing","Maroc","Marketing","Offre d'emploi COMMERCIAL REGIONAL - Fès - Attijari Payment Processing COMMERCIAL REGIONAL - Fès Commercial / Vente / Export - Secteur Banque / Finance Confirmé (5 à 10 ans) 1 poste(s) sur Tanger et région - Maroc Bac +5 et plus Minimum - Ecole de commerce Recherche de nouveauté Extraversion Volonté de persuasion Ambition Intuition / Spontanéité CDI Télétravail : Non Publiée il y a 8 jours sur ReKrute.com - Postulez avant le 21/06/2026 J'aime Suivre Entreprise : Attijari Payment Processing , Filiale Monétique du Groupe Attijariwafa bank , centralise au Maroc les traitements monétiques de l’ensemble des filiales du Groupe. Elle accompagne ces dernières dans l'optimisation de leurs coûts d’investissement et garantit le bon fonctionnement de l’activité monétique. Elle leur permet, entre autres, d’innover en proposant des produits et des services à forte valeur ajoutée et surtout d'aligner leur stratégie monétique à celle du Groupe. Poste : Prospecter et développer un portefeuille de nouveaux commerçants et entreprises. Promouvoir l’ensemble des produits et services monétiques de la filiale. Assurer la négociation et la conclusion des contrats d’acquisition. Suivre et fidéliser les clients acquis. Atteindre les objectifs quantitatifs et qualitatifs fixés par la Direction Commerciale. Profil recherché : Formation Bac+5 ou plus en commerce, marketing, gestion ou équivalent. Première expérience réussie dans la vente (B2B ou B2C), idéalement dans le secteur bancaire, monétique ou télécom. Sens aigu du relationnel, bonne capacité de négociation et d’écoute. Goût pour le terrain et pour les challenges. Compétences clés : Maîtrise des techniques de vente et de prospection. Bonne présentation et excellente communication. Esprit d’équipe et autonomie. Adresse de notre siège : 2 Boulevard Moulay Youssef, Casablanca CASABLANCA Traits de personnalité souhaités : Recherche de nouveauté Extraversion Volonté de persuasion Ambition Intuition / Spontanéité 4K Matching global N/A N/A Fin","Excel, Vente, Négociation","Bac+5","Confirmé","Non spécifié","Non spécifié","2026-04-29","Rekrute | https://www.rekrute.com/offre-emploi-commercial-regional-recrutement-attijari-payment-processing-fes-182025.html"
"COMMERCIAL REGIONAL | AGADIR (Maroc)","Attijari Payment Processing","Maroc","Marketing","Offre d'emploi COMMERCIAL REGIONAL - AGADIR - Attijari Payment Processing COMMERCIAL REGIONAL - AGADIR Commercial / Vente / Export - Secteur Banque / Finance Confirmé (5 à 10 ans) 1 poste(s) sur Tanger et région - Maroc Bac +5 et plus Minimum - Ecole de commerce Recherche de nouveauté Extraversion Volonté de persuasion Ambition Intuition / Spontanéité CDI Télétravail : Non Publiée il y a 8 jours sur ReKrute.com - Postulez avant le 21/06/2026 J'aime Suivre Entreprise : Attijari Payment Processing , Filiale Monétique du Groupe Attijariwafa bank , centralise au Maroc les traitements monétiques de l’ensemble des filiales du Groupe. Elle accompagne ces dernières dans l'optimisation de leurs coûts d’investissement et garantit le bon fonctionnement de l’activité monétique. Elle leur permet, entre autres, d’innover en proposant des produits et des services à forte valeur ajoutée et surtout d'aligner leur stratégie monétique à celle du Groupe. Poste : Prospecter et développer un portefeuille de nouveaux commerçants et entreprises. Promouvoir l’ensemble des produits et services monétiques de la filiale. Assurer la négociation et la conclusion des contrats d’acquisition. Suivre et fidéliser les clients acquis. Atteindre les objectifs quantitatifs et qualitatifs fixés par la Direction Commerciale. Profil recherché : Formation Bac+5 ou plus en commerce, marketing, gestion ou équivalent. Première expérience réussie dans la vente (B2B ou B2C), idéalement dans le secteur bancaire, monétique ou télécom. Sens aigu du relationnel, bonne capacité de négociation et d’écoute. Goût pour le terrain et pour les challenges. Compétences clés : Maîtrise des techniques de vente et de prospection. Bonne présentation et excellente communication. Esprit d’équipe et autonomie. Adresse de notre siège : 2 Boulevard Moulay Youssef, Casablanca CASABLANCA Traits de personnalité souhaités : Recherche de nouveauté Extraversion Volonté de persuasion Ambition Intuition / Spontanéité 4K Matching global N/A N","Excel, Vente, Négociation","Bac+5","Confirmé","Non spécifié","Non spécifié","2026-04-29","Rekrute | https://www.rekrute.com/offre-emploi-commercial-regional-recrutement-attijari-payment-processing-agadir-182024.html"
"COMMERCIAL REGIONAL | Marrakech (Maroc)","Attijari Payment Processing","Maroc","Marketing","Offre d'emploi COMMERCIAL REGIONAL - Marrakech - Attijari Payment Processing COMMERCIAL REGIONAL - Marrakech Commercial / Vente / Export - Secteur Banque / Finance Confirmé (5 à 10 ans) 1 poste(s) sur Tanger et région - Maroc Bac +5 et plus Minimum - Ecole de commerce Recherche de nouveauté Extraversion Volonté de persuasion Ambition Intuition / Spontanéité CDI Télétravail : Non Publiée il y a 8 jours sur ReKrute.com - Postulez avant le 21/06/2026 J'aime Suivre Entreprise : Attijari Payment Processing , Filiale Monétique du Groupe Attijariwafa bank , centralise au Maroc les traitements monétiques de l’ensemble des filiales du Groupe. Elle accompagne ces dernières dans l'optimisation de leurs coûts d’investissement et garantit le bon fonctionnement de l’activité monétique. Elle leur permet, entre autres, d’innover en proposant des produits et des services à forte valeur ajoutée et surtout d'aligner leur stratégie monétique à celle du Groupe. Poste : Prospecter et développer un portefeuille de nouveaux commerçants et entreprises. Promouvoir l’ensemble des produits et services monétiques de la filiale. Assurer la négociation et la conclusion des contrats d’acquisition. Suivre et fidéliser les clients acquis. Atteindre les objectifs quantitatifs et qualitatifs fixés par la Direction Commerciale. Profil recherché : Formation Bac+5 ou plus en commerce, marketing, gestion ou équivalent. Première expérience réussie dans la vente (B2B ou B2C), idéalement dans le secteur bancaire, monétique ou télécom. Sens aigu du relationnel, bonne capacité de négociation et d’écoute. Goût pour le terrain et pour les challenges. Compétences clés : Maîtrise des techniques de vente et de prospection. Bonne présentation et excellente communication. Esprit d’équipe et autonomie. Adresse de notre siège : 2 Boulevard Moulay Youssef, Casablanca CASABLANCA Traits de personnalité souhaités : Recherche de nouveauté Extraversion Volonté de persuasion Ambition Intuition / Spontanéité 4K Matching global","Excel, Vente, Négociation","Bac+5","Confirmé","Non spécifié","Non spécifié","2026-04-29","Rekrute | https://www.rekrute.com/offre-emploi-commercial-regional-recrutement-attijari-payment-processing-marrakech-182023.html"
"COMMERCIAL REGIONAL | Casablanca (Maroc)","Attijari Payment Processing","Maroc","Marketing","Offre d'emploi COMMERCIAL REGIONAL - Casablanca - Attijari Payment Processing COMMERCIAL REGIONAL - Casablanca Commercial / Vente / Export - Secteur Banque / Finance Confirmé (5 à 10 ans) 1 poste(s) sur Tanger et région - Maroc Bac +5 et plus Minimum - Ecole de commerce Recherche de nouveauté Extraversion Volonté de persuasion Ambition Intuition / Spontanéité CDI Télétravail : Non Publiée il y a 8 jours sur ReKrute.com - Postulez avant le 21/06/2026 J'aime Suivre Entreprise : Attijari Payment Processing , Filiale Monétique du Groupe Attijariwafa bank , centralise au Maroc les traitements monétiques de l’ensemble des filiales du Groupe. Elle accompagne ces dernières dans l'optimisation de leurs coûts d’investissement et garantit le bon fonctionnement de l’activité monétique. Elle leur permet, entre autres, d’innover en proposant des produits et des services à forte valeur ajoutée et surtout d'aligner leur stratégie monétique à celle du Groupe. Poste : Prospecter et développer un portefeuille de nouveaux commerçants et entreprises. Promouvoir l’ensemble des produits et services monétiques de la filiale. Assurer la négociation et la conclusion des contrats d’acquisition. Suivre et fidéliser les clients acquis. Atteindre les objectifs quantitatifs et qualitatifs fixés par la Direction Commerciale. Profil recherché : Formation Bac+5 ou plus en commerce, marketing, gestion ou équivalent. Première expérience réussie dans la vente (B2B ou B2C), idéalement dans le secteur bancaire, monétique ou télécom. Sens aigu du relationnel, bonne capacité de négociation et d’écoute. Goût pour le terrain et pour les challenges. Compétences clés : Maîtrise des techniques de vente et de prospection. Bonne présentation et excellente communication. Esprit d’équipe et autonomie. Adresse de notre siège : 2 Boulevard Moulay Youssef, Casablanca CASABLANCA Traits de personnalité souhaités : Recherche de nouveauté Extraversion Volonté de persuasion Ambition Intuition / Spontanéité 4K Matching glob","Excel, Vente, Négociation","Bac+5","Confirmé","Non spécifié","Non spécifié","2026-04-29","Rekrute | https://www.rekrute.com/offre-emploi-commercial-regional-recrutement-attijari-payment-processing-casablanca-182020.html"
"COMMERCIAL REGIONAL | Rabat (Maroc)","Attijari Payment Processing","Maroc","Marketing","Offre d'emploi COMMERCIAL REGIONAL - Rabat - Attijari Payment Processing COMMERCIAL REGIONAL - Rabat Commercial / Vente / Export - Secteur Banque / Finance Confirmé (5 à 10 ans) 1 poste(s) sur Tanger et région - Maroc Bac +5 et plus Minimum - Ecole de commerce Recherche de nouveauté Extraversion Volonté de persuasion Ambition Intuition / Spontanéité CDI Télétravail : Non Publiée il y a 8 jours sur ReKrute.com - Postulez avant le 21/06/2026 J'aime Suivre Entreprise : Attijari Payment Processing , Filiale Monétique du Groupe Attijariwafa bank , centralise au Maroc les traitements monétiques de l’ensemble des filiales du Groupe. Elle accompagne ces dernières dans l'optimisation de leurs coûts d’investissement et garantit le bon fonctionnement de l’activité monétique. Elle leur permet, entre autres, d’innover en proposant des produits et des services à forte valeur ajoutée et surtout d'aligner leur stratégie monétique à celle du Groupe. Poste : Prospecter et développer un portefeuille de nouveaux commerçants et entreprises. Promouvoir l’ensemble des produits et services monétiques de la filiale. Assurer la négociation et la conclusion des contrats d’acquisition. Suivre et fidéliser les clients acquis. Atteindre les objectifs quantitatifs et qualitatifs fixés par la Direction Commerciale. Profil recherché : Formation Bac+5 ou plus en commerce, marketing, gestion ou équivalent. Première expérience réussie dans la vente (B2B ou B2C), idéalement dans le secteur bancaire, monétique ou télécom. Sens aigu du relationnel, bonne capacité de négociation et d’écoute. Goût pour le terrain et pour les challenges. Compétences clés : Maîtrise des techniques de vente et de prospection. Bonne présentation et excellente communication. Esprit d’équipe et autonomie. Adresse de notre siège : 2 Boulevard Moulay Youssef, Casablanca CASABLANCA Traits de personnalité souhaités : Recherche de nouveauté Extraversion Volonté de persuasion Ambition Intuition / Spontanéité 4K Matching global N/A N/A","Excel, Vente, Négociation","Bac+5","Confirmé","Non spécifié","Non spécifié","2026-04-29","Rekrute | https://www.rekrute.com/offre-emploi-commercial-regional-recrutement-attijari-payment-processing-rabat-182019.html"
"Chef de Produit Marketing Junior | Casablanca (Maroc)","Confidentiel","Maroc","Marketing","Offre d'emploi Chef de Produit Marketing Junior - Casablanca - Confidential Chef de Produit Marketing Junior - Casablanca Commercial / Vente / Export - Marketing - Secteur Indifférent Junior (1 à 3 ans) 1 poste(s) sur Casablanca et région - Maroc Bac +5 et plus - Formation professionnelle - Master Créativité Volonté de persuasion Rationalisme Flexibilité Besoin d'action Travail en équipe Implication au travail Organisation CDI Télétravail : Non Publiée il y a 8 jours sur ReKrute.com - Postulez avant le 07/06/2026 J'aime Entreprise : Rejoignez une entreprise marocaine de référence, acteur clé dans des secteurs stratégiques. Engagé en faveur du développement durable et de l’innovation, le groupe offre à ses talents un environnement stimulant, des parcours de carrière diversifiés et une culture d’entreprise fondée sur la performance et la responsabilité. Vous souhaitez donner du sens à votre parcours professionnel ? Venez construire l’avenir avec nous. Poste : Rejoignez une entreprise dynamique dans son secteur à Casablanca en tant que Chef de Produit Marketing Junior . C'est une opportunité unique de développer votre carrière au sein d'une structure qui valorise l'innovation et l'expertise. La mission principale sera de contribuer activement à la gestion et au développement des produits ainsi qu’à la stratégie marketing associée. L'objectif principal est de renforcer la performance des produits sur le marché, d'accroître leur visibilité et leur compétitivité, et de générer de nouvelles opportunités de croissance. Il s'agit de participer à la conception et à la mise en œuvre d’actions marketing efficaces, en lien avec les enjeux du secteur. Vos responsabilités incluront : La réalisation de veilles et d’analyses de marché afin d’identifier les tendances et opportunités. La contribution à la définition des offres, des promotions et du positionnement des produits. La participation aux lancements de produits et au suivi des différentes étapes opérationnelles. La coordinati","Git, Excel, Vente, Marketing digital","Bac+5","Junior","Non spécifié","Non spécifié","2026-04-29","Rekrute | https://www.rekrute.com/offre-emploi-chef-de-produit-marketing-junior-recrutement-confidentiel-casablanca-181547.html"
"Chargé de la communication commerciale | Casablanca (Maroc)","Bank Assafa","Maroc","Marketing","Offre d'emploi Chargé de la communication commerciale - Casablanca - Bank Assafa Chargé de la communication commerciale - Casablanca Banque (métiers de la) - Communication / Publicité / RP - Secteur Assurance / Courtage - Banque / Finance Junior (1 à 3 ans) 1 poste(s) sur Casablanca et région - Maroc Bac +5 et plus Minimum - Ecole de commerce Volonté de persuasion Besoin d'action Travail en équipe Ambition Créativité Flexibilité Implication au travail Organisation CDI Télétravail : Non Publiée il y a 8 jours sur ReKrute.com - Postulez avant le 21/06/2026 J'aime Suivre Entreprise : Bank Assafa est un établissement bancaire 100% marocain spécialisé dans la finance participative qui a vu le jour en juillet 2017 suite à la validation du Comité des Établissements de Crédit de la création de cinq banques participatives. Il a pour principal vocation de proposer un ensemble de produits et de services bancaires éthiques, conformes aux directives du conseil supérieur des Oulémas, et adaptés aux meilleurs standards et normes, et ce, en se basant sur ses 5 valeurs fondamentales à savoir, la confiance, l’intégrité, le dévouement, l’innovation et la pureté . Pionnier sur la place de part la présence de Dar Assafaa dans le marché de la finance alternative depuis 2010, les collaborateurs ont pu ainsi développer une expertise métier et une connaissance approfondie des besoins et aspirations des Marocains. Bank Assafa compte aujourd’hui un large réseau de plus de 40 Agences sur tout le territoire marocain, avec un effectif de plus de 330 collaborateurs. Rejoignez une équipe de professionnels, animée par les valeurs de notre Banque, qui met toute son ardeur à développer une activité Bancaire participative dans un environnement en perpétuelle mutation, empreint d’une concurrence ardue. Culture de l'entreprise : Bank Assafa évolue dans une culture principalement orientée performance et compétitivité , où l’ambition, le goût du challenge et l’atteinte d’objectifs mesurables sont des levi","Git, Excel","Bac+4","Junior","Non spécifié","Non spécifié","2026-04-29","Rekrute | https://www.rekrute.com/offre-emploi-charge-de-la-communication-commerciale-recrutement-bank-assafa-casablanca-182013.html"
"Spécialiste Acquisition Digitale & Lead Generation H/F - Casablanca | Casablanca (Maroc)","WOW7H24","Maroc","Marketing","Offre d'emploi Spécialiste Acquisition Digitale & Lead Generation H/F - Casablanca - Casablanca - WOW7H24 Spécialiste Acquisition Digitale & Lead Generation H/F - Casablanca - Casablanca Centre d'appels (métiers de) - Marketing - Secteur Agence pub / Marketing Direct Junior (1 à 3 ans) 2 poste(s) sur Casablanca et région - Maroc Bac +3 Minimum - BTS / DUT Respect des règles Extraversion Volonté de persuasion Distance émotionnelle Besoin d'action Travail en équipe Implication au travail Organisation CDI Télétravail : Non Publiée il y a 9 jours sur ReKrute.com - Postulez avant le 27/05/2026 J'aime Suivre Entreprise : WOW7H24 est une société marocaine basée à Casablanca, spécialisée dans l’offshoring et les solutions digitales de télécommunication . Créée en 2019 , elle réunit aujourd’hui plus de 200 collaborateurs et poursuit sa croissance en attirant de nouveaux talents pour renforcer son expertise et innover dans ses services. Chez WOW7H24, nous croyons que notre succès repose avant tout sur nos équipes. Chaque nouveau talent qui nous rejoint devient une pièce essentielle de notre puzzle, contribuant à construire un environnement stimulant, collaboratif et tourné vers l’excellence. Nous recherchons aujourd’hui des profils passionnés, ambitieux et prêts à relever des défis , afin de compléter notre équipe et écrire ensemble la prochaine étape de notre développement. Poste : Votre mission Vous serez responsable de la génération de leads qualifiés via : • campagnes publicitaires sur les réseaux sociaux (Meta Ads, TikTok Ads, Google Ads) • optimisation du référencement naturel (SEO) et payant (SEA) • gestion stratégique de l’image de l’entreprise sur le web Objectif principal : augmenter le volume de prospects qualifiés et maximiser la conversion. Responsabilités • Concevoir et piloter les campagnes d’acquisition (Facebook/Instagram, TikTok, Google). • Mettre en place des landing pages performantes et optimiser les tunnels de conversion. • Gérer les pixels, tracking, re","Git, Excel, Marketing digital","Bac+3","Junior","Non spécifié","Non spécifié","2026-04-29","Rekrute | https://www.rekrute.com/offre-emploi-specialiste-acquisition-digitale-lead-generation-hf---casablanca-recrutement-wow7h24-casablanca-181204.html"
"Représentant commercial | Casablanca (Maroc)","Inyad","Maroc","Marketing","Offre d'emploi Représentant commercial - Casablanca - Inyad Représentant commercial - Casablanca Commercial / Vente / Export - Marketing - Secteur Indifférent Junior (1 à 3 ans) - Intermédiaire (3 à 5 ans) 1 poste(s) sur Casablanca et région - Maroc Bac +2 Minimum - BTS / DUT Recherche de nouveauté Extraversion Volonté de persuasion Intuition / Spontanéité Flexibilité Ambition Organisation CDI Télétravail : Non Publiée il y a 9 jours sur ReKrute.com - Postulez avant le 20/06/2026 J'aime Suivre Entreprise : Nous sommes une équipe passionnée qui construit une plateforme technologique dédiée aux entrepreneurs et aux commerçants. Plus de 5 millions d'entreprises et de commerçants répartis dans 15 pays ont testé nos produits phares pour gérer et développer leurs activités commerciales. Poste : En tant que Représentant Commercial chez inyad , vous développerez et fidéliserez un réseau de points de vente en identifiant de nouveaux clients et en les accompagnant dans la découverte de nos solutions. Vous travaillerez en étroite collaboration avec les clients et l'équipe produit pour atteindre et dépasser les objectifs de vente, tout en assurant un suivi régulier de votre activité. Une solide expérience commerciale et une bonne compréhension des industries de la restauration, du commerce de détail ou du commerce électronique sont nécessaires pour réussir dans ce rôle. Développer, construire et fidéliser un réseau de points de vente Identifier de nouveaux clients potentiels via prospection directe ou indirecte Rencontrer les prospects pour comprendre leurs besoins et leur faire une démonstration des produits Inyad Atteindre les objectifs quotidiens de génération de leads et de rendez-vous de démonstration Atteindre et dépasser les objectifs de vente mensuels Fournir des rapports de vente détaillés réguliers (hebdomadaires et mensuels ou au besoin) Développer une bonne compréhension des produits inyad et de leurs fonctionnalités Transmettre les feedbacks et retours d'expérience","Excel, Vente, Négociation","Bac+4","2 ans","Non spécifié","Non spécifié","2026-04-29","Rekrute | https://www.rekrute.com/offre-emploi-representant-commercial-recrutement-inyad-casablanca-181893.html"
"Junior Brand Manager (H/F) | Casablanca (Maroc)","Centrale Danone","Maroc","Marketing","Offre d'emploi Junior Brand Manager (H/F) - Casablanca - Centrale Danone Junior Brand Manager (H/F) - Casablanca Marketing - Secteur Agroalimentaire Junior (1 à 3 ans) 1 poste(s) sur Casablanca et région - Maroc Bac +5 et plus Minimum - Ecole de commerce Recherche de nouveauté Extraversion Flexibilité Ambition Organisation CDI Télétravail : Non Publiée il y a 9 jours sur ReKrute.com - Postulez avant le 20/06/2026 J'aime Suivre Entreprise : REJOINDRE DANONE : C’EST… Rencontrer des danoners aux personnalités singulières et aux parcours professionnels variés ; Grandir dans des environnements différents : sites de production, bases logistiques, centre de recherche et innovation ou encore sièges sociaux ; Se construire un parcours de carrière sur mesure, adapté à ta personnalité, tes compétences et tes envies ; Apprendre grâce à des missions responsabilisantes, riches et apprenantes. DANONE ENTREPRISE A MISSION En Juin 2020, Danone est devenue la première entreprise cotée à adopter le statut d’Entreprise à Mission. Nous avons en effet décidé de nous doter d'une raison d'être et d'objectifs sociaux, sociétaux et environnementaux associés inscrits dans nos statuts. Il s’agit d’une étape historique pour continuer à réaliser chaque jour notre mission – « apporter la santé par l’alimentation au plus grand nombre » - dans notre cadre d’action « One Planet. One Health ». Poste : Participer à l’élaboration et à la mise en œuvre des plans marketing opérationnels et stratégiques. Contribuer au suivi des performances des marques (analyse des ventes, des parts de marché, des KPIs). Réaliser des études de marché qualitatives et quantitatives pour identifier les tendances, les attentes consommateurs et les opportunités de croissance. Collaborer à la création et au déploiement des campagnes de communication (digital, média, activation terrain…). Assurer la coordination avec les agences (créatives, média, études) et les autres départements (commercial, finance, supply…). Coordonner les ","Git, Vente","Bac","Junior","Non spécifié","Non spécifié","2026-04-29","Rekrute | https://www.rekrute.com/offre-emploi-junior-brand-manager-hf-recrutement-centrale-danone-casablanca-181951.html"
"Assistante Financière | Casablanca (Maroc)","Oppo","Maroc","Finance","Offre d'emploi Assistante Financière - Casablanca - Oppo Assistante Financière - Casablanca Gestion / Comptabilité / Finance - Secteur Indifférent Junior (1 à 3 ans) 1 poste(s) sur Casablanca et région - Maroc Bac +3 Minimum Conventionnel Respect des règles Besoin d'objectivité Rationalisme Organisation CDD Télétravail : Non Salaire proposé : 4000 - 6000 DH nets mensuels Publiée aujourd'hui sur ReKrute.com - Postulez avant le 29/06/2026 J'aime Suivre Entreprise : OPPO est une entreprise internationale de technologie spécialisée dans la conception et la commercialisation de smartphones, d’objets connectés et de solutions intelligentes . Fondée en 2004, la marque est aujourd’hui présente dans plus de 60 pays et régions, et figure parmi les leaders mondiaux du secteur mobile. Reconnue pour son excellence en recherche et développement, OPPO investit continuellement dans les technologies de pointe, notamment la photographie mobile, la 5G, l’intelligence artificielle et l’optimisation de l’expérience utilisateur. L’innovation, la qualité et le design sont au cœur de l’ADN de la marque. Au Maroc, OPPO développe activement ses activités commerciales et son réseau de distribution, en s’appuyant sur des équipes engagées, orientées performance et satisfaction client. L’entreprise valorise le développement des compétences, la formation continue, la diversité et l’inclusion, ainsi que la création d’un environnement de travail stimulant favorisant l’épanouissement professionnel. OPPO s’inscrit dans une vision durable, visant à proposer des technologies accessibles, responsables et créatrices de valeur pour ses collaborateurs, ses partenaires et ses clients Poste : OPPO recrute une Assistante Financière – Poste basé à Casablanca Dans le cadre du développement de nos activités, nous recherchons une Assistante Financière pour rejoindre notre équipe et contribuer à la bonne gestion des flux financiers de l’entreprise. Missions principales : Assurer la gestion quotidienne de la trésor","Excel","Bac+4","Junior","Français, Anglais","Non spécifié","2026-04-29","Rekrute | https://www.rekrute.com/offre-emploi-assistante-financiere-recrutement-oppo-casablanca-182322.html"
"Auditeur Interne (H/F) | Rabat (Maroc)","Sorec","Maroc","Finance","Offre d'emploi Auditeur Interne (H/F) - Rabat - Sorec Auditeur Interne (H/F) - Rabat Audit / Conseil - Secteur Comptabilité / Audit Junior (1 à 3 ans) 1 poste(s) sur Rabat et région - Maroc Bac +4 Minimum - Master Rationalisme Flexibilité Besoin de réflexion Organisation CDI Télétravail : Non Publiée aujourd'hui sur ReKrute.com - Postulez avant le 29/06/2026 J'aime Suivre Entreprise : Créée en 2003, sous la tutelle du Ministère de l’Agriculture et de la Pêche Maritime, la Société Royale d’Encouragement du Cheval (SOREC) a pour principales missions l’encadrement de l’élevage, le développement des courses hippiques et la gestion des jeux hippiques au Maroc. De par sa mission, la SOREC assure l’encadrement des sociétés hippiques, supporte les programmes d’élevage en tant que partenaire des associations des éleveurs et veille à l’amélioration des infrastructures hippiques nationales. Ajouté à cela, la SOREC est engagée dans une politique visant l’amélioration de la compétitivité de l’élevage marocain et la dynamisation du marché des chevaux. La SOREC couvre l’ensemble du pays avec 5 haras, 43 stations de monte et 11 centres de promotion de l’élevage équin en plus de nombreuses collaborations avec les principales associations équines du royaume. Culture de l'entreprise : Sorec se distingue par une culture fortement orientée vers la coopération , plaçant l’humain, la confiance et le bien-être des collaborateurs au cœur de son fonctionnement. L’entreprise favorise des relations de travail de qualité, un esprit d’équipe solide et un management de proximité jouant un rôle de mentor et d’accompagnateur. Cette culture collaborative est enrichie par une dimension d’innovation mesurée , encourageant l’initiative et l’ouverture aux nouvelles idées. Une organisation structurée vient soutenir l’efficacité opérationnelle, tandis que la performance concurrentielle reste volontairement secondaire. Poste : Rattaché au Responsable Audit Interne, vous aurez pour mission de mener en auton","Non spécifié","Bac+5","Junior","Non spécifié","Non spécifié","2026-04-29","Rekrute | https://www.rekrute.com/offre-emploi-auditeur-interne-hf-recrutement-sorec-rabat-182320.html"
"Chargé de trésorerie Sénior | Sala al Jadida (Maroc)","AXA Services Maroc","Maroc","Finance","Offre d'emploi Chargé de trésorerie Sénior - Sala al Jadida - AXA Services Maroc Chargé de trésorerie Sénior - Sala al Jadida Gestion / Comptabilité / Finance - Secteur Comptabilité / Audit - Autres services Confirmé (5 à 10 ans) 1 poste(s) sur Rabat et région - Maroc Bac +3 Minimum - BTS / DUT Conventionnel Respect des règles Besoin d'objectivité Rationalisme Organisation CDI Télétravail : Non Publiée aujourd'hui sur ReKrute.com - Postulez avant le 29/06/2026 J'aime Suivre Entreprise : AXA Services Maroc est le centre d'expertise en relation client au Maroc des sociétés : AXA France, AXA Direct France, AXA Assistance, AXA Belgique et AXA Suisse Présents à Rabat depuis mai 2004 et à Kénitra depuis 2024, nous sommes à ce jour plus de 4 500 collaborateurs. Nous rejoindre : C'est choisir la première marque d'assurance mondiale C'est bénéficier d'une multitude d'avantages bien au-delà des normes du marché C'est évoluer dans un environnement valorisant proposant une diversité de métiers C'est intégrer un groupe responsable, offrant une véritable culture d'entreprise, basée sur le développement des compétences de chacun Nos métiers : Le savoir-faire de nos équipes couvre les principaux métiers de l'assurance : La vente de contrats La gestion des contrats assurances de dommages et des personnes La gestion des sinistres Auto et Habitation Le règlement des prestations Santé La mise en jeu des garanties Assistance La prise de rendez-vous pour le compte de nos Agents Généraux La gestion des contrats Epargne Culture de l'entreprise : Axa Services Maroc évolue dans une culture largement orientée coopération , où l’humain, la confiance et la qualité des relations constituent des piliers essentiels. L’entreprise encourage un management de proximité, fondé sur l’accompagnement, la responsabilisation et l’esprit d’équipe. Cette dynamique collaborative est structurée par des pratiques organisationnelles solides, garantissant rigueur, fiabilité et efficacité opérationnelle. Elle est c","SAP, Vente","Bac+5","Confirmé","Non spécifié","Non spécifié","2026-04-29","Rekrute | https://www.rekrute.com/offre-emploi-charge-de-tresorerie-senior-recrutement-axa-services-maroc-sala-al-jadida-182318.html"
"Conseiller Commercial | Tanger (Maroc)","ELOAN","Maroc","Finance","Offre d'emploi Conseiller Commercial - Tanger - ELOAN Conseiller Commercial - Tanger Banque (métiers de la) - Centre d'appels (métiers de) - Secteur Banque / Finance - Centre d'appels Junior (1 à 3 ans) 50 poste(s) sur Tanger et région - Maroc Bac +3 Minimum - Licence - Master Respect des règles Volonté de persuasion Distance émotionnelle Besoin d'action Travail en équipe Conventionnel Implication au travail Organisation CDI Télétravail : Non Publiée aujourd'hui sur ReKrute.com - Postulez avant le 14/06/2026 J'aime Suivre Entreprise : L'expert des solutions financières Créée en 1996, PARTNERS FINANCES est une société experte en solutions financières de restructuration et de réaménagement de crédits. Leader de l’intermédiation en regroupement de crédits sur le marché français en tant que IOBSP, elle doit sa notoriété à son savoir-faire et à son engagement au service de la clientèle et de ses partenaires. Son implantation sur l’hexagone, son expertise et son respect du cadre législatif et réglementaire en ont fait un acteur incontournable de l’intermédiation bancaire. Nous sommes une entreprise ambitieuse, toujours en quête de développement, valorisant les efforts liés aux performances commerciales et favorisant le développement des compétences individuelles et collectives. Culture de l'entreprise : ELOAN se distingue par une culture fortement orientée vers la performance et la compétition , où l’ambition, le goût du challenge et l’atteinte d’objectifs chiffrés constituent des moteurs clés. Cette dynamique est presque équivalemment complétée par une culture de coopération , plaçant l’humain, la confiance et la responsabilisation au cœur du fonctionnement, avec un management de proximité favorisant l’accompagnement et l’engagement des équipes. Une dimension d’ organisation vient structurer l’ensemble, garantissant rigueur, fiabilité des processus et efficacité opérationnelle. L’ innovation , quant à elle, occupe une place très limitée et s’inscrit de manière marginale ","Vente","Bac+5","Junior","Français","Non spécifié","2026-04-29","Rekrute | https://www.rekrute.com/offre-emploi-conseiller-commercial-recrutement-eloan-tanger-181794.html"
"Contrôleur interne | Casablanca (Maroc)","M-automotiv","Maroc","Finance","Offre d'emploi Contrôleur interne - Casablanca - M-automotiv J'aime Suivre Contrôleur interne - Casablanca Audit / Conseil - Secteur Automobile / Motos / Cycles Intermédiaire (3 à 5 ans) 1 poste(s) sur Casablanca et région - Maroc Bac +5 et plus Minimum - Ecole de commerce Rationalisme Flexibilité Besoin de réflexion Organisation CDI Télétravail : Non Publiée aujourd'hui sur ReKrute.com - Postulez avant le 09/06/2026 Behind The Brand Découvrez le quotidien des équipes et les bureaux ! Visiter l'entreprise Entreprise : Fort d’un réseau de distribution moderne de 7 succursales et 7 agents à travers le Maroc, M-AUTOMOTIV se donne les moyens d'offrir une large gamme de solutions accessibles & innovantes à ses clients, là où ils se trouvent, aux meilleurs standards de qualité. Site Web : M-automotiv Culture de l'entreprise : M-automotiv s’appuie sur une culture dominée par la coopération , où la confiance, la solidarité et le bien-être des collaborateurs structurent le quotidien. L’entreprise valorise un management de proximité, fondé sur l’accompagnement, la responsabilisation et la qualité des relations humaines. Cette dynamique collective est renforcée par une orientation compétitive affirmée , orientée vers la performance et l’atteinte d’objectifs mesurables. Les dimensions innovation et organisation , plus modérées, soutiennent l’agilité des équipes tout en assurant un cadre de travail structuré et efficace. Poste : Rattaché(e) à la Direction Générale vous aurez pour principales responsabilités : Améliorer le dispositif de contrôle interne, Identifier, évaluer et suivre les risques opérationnels, financiers..., Élaborer et formaliser les procédures internes, Réaliser des missions d’audit interne et formuler des recommandations, Assurer le suivi des plans d’actions correctifs, Sensibiliser les équipes aux bonnes pratiques de contrôle interne, Participer aux projets de transformation et d’amélioration continue. Profil recherché : De formation Bac+5 en finance, audit D","Non spécifié","Bac+5","2 ans","Non spécifié","Non spécifié","2026-04-29","Rekrute | https://www.rekrute.com/offre-emploi-controleur-interne-recrutement-m-automotiv-casablanca-181637.html"
"Responsable Fiscal | Casablanca (Maroc)","Oppo","Maroc","Finance","Offre d'emploi Responsable Fiscal - Casablanca - Oppo Responsable Fiscal - Casablanca Audit / Conseil - Avocat / Juriste / Fiscaliste - Secteur Indifférent Confirmé (5 à 10 ans) Casablanca et région - Maroc Bac +4 Minimum Distance émotionnelle Rationalisme Flexibilité Besoin de réflexion Organisation CDI Télétravail : Non Poste avec Management Publiée aujourd'hui sur ReKrute.com - Postulez avant le 28/06/2026 J'aime Suivre Entreprise : OPPO est une entreprise internationale de technologie spécialisée dans la conception et la commercialisation de smartphones, d’objets connectés et de solutions intelligentes . Fondée en 2004, la marque est aujourd’hui présente dans plus de 60 pays et régions, et figure parmi les leaders mondiaux du secteur mobile. Reconnue pour son excellence en recherche et développement, OPPO investit continuellement dans les technologies de pointe, notamment la photographie mobile, la 5G, l’intelligence artificielle et l’optimisation de l’expérience utilisateur. L’innovation, la qualité et le design sont au cœur de l’ADN de la marque. Au Maroc, OPPO développe activement ses activités commerciales et son réseau de distribution, en s’appuyant sur des équipes engagées, orientées performance et satisfaction client. L’entreprise valorise le développement des compétences, la formation continue, la diversité et l’inclusion, ainsi que la création d’un environnement de travail stimulant favorisant l’épanouissement professionnel. OPPO s’inscrit dans une vision durable, visant à proposer des technologies accessibles, responsables et créatrices de valeur pour ses collaborateurs, ses partenaires et ses clients Poste : OPPO recrute un Responsable Fiscal (H/F) Dans le cadre du renforcement de sa direction financière au Maroc, OPPO recrute un Responsable Fiscal afin d’assurer la conformité fiscale de l’entreprise et d’optimiser la gestion de ses obligations fiscales, dans le respect de la réglementation en vigueur. Missions principales : Assurer la conformité fisc","Excel","Bac+4","Confirmé","Français, Anglais","Non spécifié","2026-04-29","Rekrute | https://www.rekrute.com/offre-emploi-responsable-fiscal-recrutement-oppo-casablanca-182297.html"
"QoS Analyst (H/F) | Rabat (Maroc)","AXA Services Maroc","Maroc","Finance","Offre d'emploi QoS Analyst (H/F) - Rabat - AXA Services Maroc QoS Analyst (H/F) - Rabat Informatique / Electronique - Secteur Informatique Confirmé (5 à 10 ans) 1 poste(s) sur Rabat et région - Maroc Bac +3 Minimum - Licence - Master Recherche de nouveauté Besoin de réflexion Besoin d'autonomie Implication au travail Ambition CDI Télétravail : Non Publiée aujourd'hui sur ReKrute.com - Postulez avant le 14/06/2026 J'aime Suivre Entreprise : AXA Services Maroc est le centre d'expertise en relation client au Maroc des sociétés : AXA France, AXA Direct France, AXA Assistance, AXA Belgique et AXA Suisse Présents à Rabat depuis mai 2004 et à Kénitra depuis 2024, nous sommes à ce jour plus de 4 500 collaborateurs. Nous rejoindre : C'est choisir la première marque d'assurance mondiale C'est bénéficier d'une multitude d'avantages bien au-delà des normes du marché C'est évoluer dans un environnement valorisant proposant une diversité de métiers C'est intégrer un groupe responsable, offrant une véritable culture d'entreprise, basée sur le développement des compétences de chacun Nos métiers : Le savoir-faire de nos équipes couvre les principaux métiers de l'assurance : La vente de contrats La gestion des contrats assurances de dommages et des personnes La gestion des sinistres Auto et Habitation Le règlement des prestations Santé La mise en jeu des garanties Assistance La prise de rendez-vous pour le compte de nos Agents Généraux La gestion des contrats Epargne Culture de l'entreprise : Axa Services Maroc évolue dans une culture largement orientée coopération , où l’humain, la confiance et la qualité des relations constituent des piliers essentiels. L’entreprise encourage un management de proximité, fondé sur l’accompagnement, la responsabilisation et l’esprit d’équipe. Cette dynamique collaborative est structurée par des pratiques organisationnelles solides, garantissant rigueur, fiabilité et efficacité opérationnelle. Elle est complétée par une exigence de performance et une ","Excel, Vente, Gestion de projet","Bac+5","Confirmé","Non spécifié","Non spécifié","2026-04-29","Rekrute | https://www.rekrute.com/offre-emploi-qos-analyst-hf-recrutement-axa-services-maroc-rabat-181793.html"
"Chargé de Portefeuille | Al Aaroui (Maroc)","Fondation Arrawaj","Maroc","Finance","Offre d'emploi Chargé de Portefeuille - Al Aaroui - Fondation Arrawaj Chargé de Portefeuille - Al Aaroui Banque (métiers de la) - Secteur Banque / Finance Débutant (-1 an) 10 poste(s) sur Marrakech et région - Maroc Bac +2 Minimum - BTS / DUT - DEUG Volonté de persuasion Conventionnel Flexibilité Implication au travail CDI Télétravail : Non Publiée aujourd'hui sur ReKrute.com - Postulez avant le 28/06/2026 J'aime Suivre Entreprise : Avec plus de 30 ans d’expertise, la Fondation Arrawaj est un acteur économique et social majeur dans le secteur de la micro-finance. Basée au Maroc et avec plus de 2 000 collaborateurs répartis sur plus de 260 agences et 15 régions , la Fondation Arrawaj est fière de contribuer à l’inclusion financière des porteurs de projets et des micro-entrepreneurs exclus des circuits de financements classiques en leur offrant des produits et des services diversifiés, de proximité, adaptés et innovants. Le succès de notre institution repose sur un socle de valeurs fondamentales qui inspirent l’action de l’ensemble de nos collaborateurs et guident nos relations avec les parties prenantes : Engagement : Nous sommes déterminés ensemble à aller jusqu'au bout. Respect : Pour mieux d'apprécier mutuellement Ethique : Le socle de notre conduite Responsabilité : Le sens du devoir au centre de notre mission Rejoignez- nous vite, donnez un élan à votre carrière ! Ce que nous vous offrons : Une politique de développement de carrière équitable et orientée sur les compétences avec un accompagnement personnalisé. Des formations sur mesure pour développer vos compétences à la fois au sein de notre centre ""Talent Academy"", Plateforme E-learning ou à travers des partenaires d'excellence reconnue. Une politique de rémunération équitable et compétitive, centrée sur la performance Individuelle et Collective. Une couverture sociale multi-dimension couvrant les aléas de la vie et assurant votre future et celui de vos enfants. Un environnement de travail convivial et stimul","Excel","Bac+2","Débutant","Non spécifié","Non spécifié","2026-04-29","Rekrute | https://www.rekrute.com/offre-emploi-charge-de-portefeuille-recrutement-fondation-arrawaj-al-aaroui-182290.html"
"Chargé de Portefeuille | Akdz (Maroc)","Fondation Arrawaj","Maroc","Finance","Offre d'emploi Chargé de Portefeuille - Akdz - Fondation Arrawaj Chargé de Portefeuille - Akdz Banque (métiers de la) - Secteur Banque / Finance Débutant (-1 an) 10 poste(s) sur Marrakech et région - Maroc Bac +2 Minimum - BTS / DUT - DEUG Volonté de persuasion Conventionnel Flexibilité Implication au travail CDI Télétravail : Non Publiée aujourd'hui sur ReKrute.com - Postulez avant le 28/06/2026 J'aime Suivre Entreprise : Avec plus de 30 ans d’expertise, la Fondation Arrawaj est un acteur économique et social majeur dans le secteur de la micro-finance. Basée au Maroc et avec plus de 2 000 collaborateurs répartis sur plus de 260 agences et 15 régions , la Fondation Arrawaj est fière de contribuer à l’inclusion financière des porteurs de projets et des micro-entrepreneurs exclus des circuits de financements classiques en leur offrant des produits et des services diversifiés, de proximité, adaptés et innovants. Le succès de notre institution repose sur un socle de valeurs fondamentales qui inspirent l’action de l’ensemble de nos collaborateurs et guident nos relations avec les parties prenantes : Engagement : Nous sommes déterminés ensemble à aller jusqu'au bout. Respect : Pour mieux d'apprécier mutuellement Ethique : Le socle de notre conduite Responsabilité : Le sens du devoir au centre de notre mission Rejoignez- nous vite, donnez un élan à votre carrière ! Ce que nous vous offrons : Une politique de développement de carrière équitable et orientée sur les compétences avec un accompagnement personnalisé. Des formations sur mesure pour développer vos compétences à la fois au sein de notre centre ""Talent Academy"", Plateforme E-learning ou à travers des partenaires d'excellence reconnue. Une politique de rémunération équitable et compétitive, centrée sur la performance Individuelle et Collective. Une couverture sociale multi-dimension couvrant les aléas de la vie et assurant votre future et celui de vos enfants. Un environnement de travail convivial et stimulant, axé s","Excel","Bac+2","Débutant","Non spécifié","Non spécifié","2026-04-29","Rekrute | https://www.rekrute.com/offre-emploi-charge-de-portefeuille-recrutement-fondation-arrawaj-akdz-182289.html"
"Chargé de Portefeuille | Tahnaout (Maroc)","Fondation Arrawaj","Maroc","Finance","Offre d'emploi Chargé de Portefeuille - Tahnaout - Fondation Arrawaj Chargé de Portefeuille - Tahnaout Banque (métiers de la) - Secteur Banque / Finance Débutant (-1 an) 10 poste(s) sur Marrakech et région - Maroc Bac +2 Minimum - BTS / DUT - DEUG Volonté de persuasion Conventionnel Flexibilité Implication au travail CDI Télétravail : Non Publiée aujourd'hui sur ReKrute.com - Postulez avant le 28/06/2026 J'aime Suivre Entreprise : Avec plus de 30 ans d’expertise, la Fondation Arrawaj est un acteur économique et social majeur dans le secteur de la micro-finance. Basée au Maroc et avec plus de 2 000 collaborateurs répartis sur plus de 260 agences et 15 régions , la Fondation Arrawaj est fière de contribuer à l’inclusion financière des porteurs de projets et des micro-entrepreneurs exclus des circuits de financements classiques en leur offrant des produits et des services diversifiés, de proximité, adaptés et innovants. Le succès de notre institution repose sur un socle de valeurs fondamentales qui inspirent l’action de l’ensemble de nos collaborateurs et guident nos relations avec les parties prenantes : Engagement : Nous sommes déterminés ensemble à aller jusqu'au bout. Respect : Pour mieux d'apprécier mutuellement Ethique : Le socle de notre conduite Responsabilité : Le sens du devoir au centre de notre mission Rejoignez- nous vite, donnez un élan à votre carrière ! Ce que nous vous offrons : Une politique de développement de carrière équitable et orientée sur les compétences avec un accompagnement personnalisé. Des formations sur mesure pour développer vos compétences à la fois au sein de notre centre ""Talent Academy"", Plateforme E-learning ou à travers des partenaires d'excellence reconnue. Une politique de rémunération équitable et compétitive, centrée sur la performance Individuelle et Collective. Une couverture sociale multi-dimension couvrant les aléas de la vie et assurant votre future et celui de vos enfants. Un environnement de travail convivial et stimulan","Excel","Bac+2","Débutant","Non spécifié","Non spécifié","2026-04-29","Rekrute | https://www.rekrute.com/offre-emploi-charge-de-portefeuille-recrutement-fondation-arrawaj-tahnaout-182288.html"
"Chargé de Portefeuille | Amizmiz (Maroc)","Fondation Arrawaj","Maroc","Finance","Offre d'emploi Chargé de Portefeuille - Amizmiz - Fondation Arrawaj Chargé de Portefeuille - Amizmiz Banque (métiers de la) - Secteur Banque / Finance Débutant (-1 an) 10 poste(s) sur Marrakech et région - Maroc Bac +2 Minimum - BTS / DUT - DEUG Volonté de persuasion Conventionnel Flexibilité Implication au travail CDI Télétravail : Non Publiée aujourd'hui sur ReKrute.com - Postulez avant le 28/06/2026 J'aime Suivre Entreprise : Avec plus de 30 ans d’expertise, la Fondation Arrawaj est un acteur économique et social majeur dans le secteur de la micro-finance. Basée au Maroc et avec plus de 2 000 collaborateurs répartis sur plus de 260 agences et 15 régions , la Fondation Arrawaj est fière de contribuer à l’inclusion financière des porteurs de projets et des micro-entrepreneurs exclus des circuits de financements classiques en leur offrant des produits et des services diversifiés, de proximité, adaptés et innovants. Le succès de notre institution repose sur un socle de valeurs fondamentales qui inspirent l’action de l’ensemble de nos collaborateurs et guident nos relations avec les parties prenantes : Engagement : Nous sommes déterminés ensemble à aller jusqu'au bout. Respect : Pour mieux d'apprécier mutuellement Ethique : Le socle de notre conduite Responsabilité : Le sens du devoir au centre de notre mission Rejoignez- nous vite, donnez un élan à votre carrière ! Ce que nous vous offrons : Une politique de développement de carrière équitable et orientée sur les compétences avec un accompagnement personnalisé. Des formations sur mesure pour développer vos compétences à la fois au sein de notre centre ""Talent Academy"", Plateforme E-learning ou à travers des partenaires d'excellence reconnue. Une politique de rémunération équitable et compétitive, centrée sur la performance Individuelle et Collective. Une couverture sociale multi-dimension couvrant les aléas de la vie et assurant votre future et celui de vos enfants. Un environnement de travail convivial et stimulant,","Excel","Bac+2","Débutant","Non spécifié","Non spécifié","2026-04-29","Rekrute | https://www.rekrute.com/offre-emploi-charge-de-portefeuille-recrutement-fondation-arrawaj-amizmiz-182287.html"
"Chargé de Portefeuille | Oualidiya (Maroc)","Fondation Arrawaj","Maroc","Finance","Offre d'emploi Chargé de Portefeuille - Oualidiya - Fondation Arrawaj Chargé de Portefeuille - Oualidiya Banque (métiers de la) - Secteur Banque / Finance Débutant (-1 an) 10 poste(s) sur Safi et région - Maroc Bac +2 Minimum - BTS / DUT - DEUG Volonté de persuasion Conventionnel Flexibilité Implication au travail CDI Télétravail : Non Publiée aujourd'hui sur ReKrute.com - Postulez avant le 28/06/2026 J'aime Suivre Entreprise : Avec plus de 30 ans d’expertise, la Fondation Arrawaj est un acteur économique et social majeur dans le secteur de la micro-finance. Basée au Maroc et avec plus de 2 000 collaborateurs répartis sur plus de 260 agences et 15 régions , la Fondation Arrawaj est fière de contribuer à l’inclusion financière des porteurs de projets et des micro-entrepreneurs exclus des circuits de financements classiques en leur offrant des produits et des services diversifiés, de proximité, adaptés et innovants. Le succès de notre institution repose sur un socle de valeurs fondamentales qui inspirent l’action de l’ensemble de nos collaborateurs et guident nos relations avec les parties prenantes : Engagement : Nous sommes déterminés ensemble à aller jusqu'au bout. Respect : Pour mieux d'apprécier mutuellement Ethique : Le socle de notre conduite Responsabilité : Le sens du devoir au centre de notre mission Rejoignez- nous vite, donnez un élan à votre carrière ! Ce que nous vous offrons : Une politique de développement de carrière équitable et orientée sur les compétences avec un accompagnement personnalisé. Des formations sur mesure pour développer vos compétences à la fois au sein de notre centre ""Talent Academy"", Plateforme E-learning ou à travers des partenaires d'excellence reconnue. Une politique de rémunération équitable et compétitive, centrée sur la performance Individuelle et Collective. Une couverture sociale multi-dimension couvrant les aléas de la vie et assurant votre future et celui de vos enfants. Un environnement de travail convivial et stimulant, ","Excel","Bac+2","Débutant","Non spécifié","Non spécifié","2026-04-29","Rekrute | https://www.rekrute.com/offre-emploi-charge-de-portefeuille-recrutement-fondation-arrawaj-oualidiya-182286.html"
"Chargé de Portefeuille | Khmiss Zmamra (Maroc)","Fondation Arrawaj","Maroc","Finance","Offre d'emploi Chargé de Portefeuille - Khmiss Zmamra - Fondation Arrawaj Chargé de Portefeuille - Khmiss Zmamra Banque (métiers de la) - Secteur Banque / Finance Débutant (-1 an) 10 poste(s) sur Safi et région - Maroc Bac +2 Minimum - BTS / DUT - DEUG Volonté de persuasion Conventionnel Flexibilité Implication au travail CDI Télétravail : Non Publiée aujourd'hui sur ReKrute.com - Postulez avant le 28/06/2026 J'aime Suivre Entreprise : Avec plus de 30 ans d’expertise, la Fondation Arrawaj est un acteur économique et social majeur dans le secteur de la micro-finance. Basée au Maroc et avec plus de 2 000 collaborateurs répartis sur plus de 260 agences et 15 régions , la Fondation Arrawaj est fière de contribuer à l’inclusion financière des porteurs de projets et des micro-entrepreneurs exclus des circuits de financements classiques en leur offrant des produits et des services diversifiés, de proximité, adaptés et innovants. Le succès de notre institution repose sur un socle de valeurs fondamentales qui inspirent l’action de l’ensemble de nos collaborateurs et guident nos relations avec les parties prenantes : Engagement : Nous sommes déterminés ensemble à aller jusqu'au bout. Respect : Pour mieux d'apprécier mutuellement Ethique : Le socle de notre conduite Responsabilité : Le sens du devoir au centre de notre mission Rejoignez- nous vite, donnez un élan à votre carrière ! Ce que nous vous offrons : Une politique de développement de carrière équitable et orientée sur les compétences avec un accompagnement personnalisé. Des formations sur mesure pour développer vos compétences à la fois au sein de notre centre ""Talent Academy"", Plateforme E-learning ou à travers des partenaires d'excellence reconnue. Une politique de rémunération équitable et compétitive, centrée sur la performance Individuelle et Collective. Une couverture sociale multi-dimension couvrant les aléas de la vie et assurant votre future et celui de vos enfants. Un environnement de travail convivial et sti","Excel","Bac+2","Débutant","Non spécifié","Non spécifié","2026-04-29","Rekrute | https://www.rekrute.com/offre-emploi-charge-de-portefeuille-recrutement-fondation-arrawaj-khmiss-zmamra-182285.html"
"Chargé de Portefeuille | Had Ouled Frej (Maroc)","Fondation Arrawaj","Maroc","Finance","Offre d'emploi Chargé de Portefeuille - Had Ouled Frej - Fondation Arrawaj Chargé de Portefeuille - Had Ouled Frej Banque (métiers de la) - Secteur Banque / Finance Débutant (-1 an) 10 poste(s) sur Safi et région - Maroc Bac +2 Minimum - BTS / DUT - DEUG Volonté de persuasion Conventionnel Flexibilité Implication au travail CDI Télétravail : Non Publiée aujourd'hui sur ReKrute.com - Postulez avant le 28/06/2026 J'aime Suivre Entreprise : Avec plus de 30 ans d’expertise, la Fondation Arrawaj est un acteur économique et social majeur dans le secteur de la micro-finance. Basée au Maroc et avec plus de 2 000 collaborateurs répartis sur plus de 260 agences et 15 régions , la Fondation Arrawaj est fière de contribuer à l’inclusion financière des porteurs de projets et des micro-entrepreneurs exclus des circuits de financements classiques en leur offrant des produits et des services diversifiés, de proximité, adaptés et innovants. Le succès de notre institution repose sur un socle de valeurs fondamentales qui inspirent l’action de l’ensemble de nos collaborateurs et guident nos relations avec les parties prenantes : Engagement : Nous sommes déterminés ensemble à aller jusqu'au bout. Respect : Pour mieux d'apprécier mutuellement Ethique : Le socle de notre conduite Responsabilité : Le sens du devoir au centre de notre mission Rejoignez- nous vite, donnez un élan à votre carrière ! Ce que nous vous offrons : Une politique de développement de carrière équitable et orientée sur les compétences avec un accompagnement personnalisé. Des formations sur mesure pour développer vos compétences à la fois au sein de notre centre ""Talent Academy"", Plateforme E-learning ou à travers des partenaires d'excellence reconnue. Une politique de rémunération équitable et compétitive, centrée sur la performance Individuelle et Collective. Une couverture sociale multi-dimension couvrant les aléas de la vie et assurant votre future et celui de vos enfants. Un environnement de travail convivial et s","Excel","Bac+2","Débutant","Non spécifié","Non spécifié","2026-04-29","Rekrute | https://www.rekrute.com/offre-emploi-charge-de-portefeuille-recrutement-fondation-arrawaj-had-ouled-frej-182284.html"
"Chargé de Portefeuille | Tnin Chtouka (Maroc)","Fondation Arrawaj","Maroc","Finance","Offre d'emploi Chargé de Portefeuille - Tnin Chtouka - Fondation Arrawaj Chargé de Portefeuille - Tnin Chtouka Banque (métiers de la) - Secteur Banque / Finance Débutant (-1 an) 10 poste(s) sur Safi et région - Maroc Bac +2 Minimum - BTS / DUT - DEUG Volonté de persuasion Conventionnel Flexibilité Implication au travail CDI Télétravail : Non Publiée aujourd'hui sur ReKrute.com - Postulez avant le 28/06/2026 J'aime Suivre Entreprise : Avec plus de 30 ans d’expertise, la Fondation Arrawaj est un acteur économique et social majeur dans le secteur de la micro-finance. Basée au Maroc et avec plus de 2 000 collaborateurs répartis sur plus de 260 agences et 15 régions , la Fondation Arrawaj est fière de contribuer à l’inclusion financière des porteurs de projets et des micro-entrepreneurs exclus des circuits de financements classiques en leur offrant des produits et des services diversifiés, de proximité, adaptés et innovants. Le succès de notre institution repose sur un socle de valeurs fondamentales qui inspirent l’action de l’ensemble de nos collaborateurs et guident nos relations avec les parties prenantes : Engagement : Nous sommes déterminés ensemble à aller jusqu'au bout. Respect : Pour mieux d'apprécier mutuellement Ethique : Le socle de notre conduite Responsabilité : Le sens du devoir au centre de notre mission Rejoignez- nous vite, donnez un élan à votre carrière ! Ce que nous vous offrons : Une politique de développement de carrière équitable et orientée sur les compétences avec un accompagnement personnalisé. Des formations sur mesure pour développer vos compétences à la fois au sein de notre centre ""Talent Academy"", Plateforme E-learning ou à travers des partenaires d'excellence reconnue. Une politique de rémunération équitable et compétitive, centrée sur la performance Individuelle et Collective. Une couverture sociale multi-dimension couvrant les aléas de la vie et assurant votre future et celui de vos enfants. Un environnement de travail convivial et stimu","Excel","Bac+2","Débutant","Non spécifié","Non spécifié","2026-04-29","Rekrute | https://www.rekrute.com/offre-emploi-charge-de-portefeuille-recrutement-fondation-arrawaj-tnin-chtouka-182283.html"
"Chargé de Portefeuille | Bir Jedid (Maroc)","Fondation Arrawaj","Maroc","Finance","Offre d'emploi Chargé de Portefeuille - Bir Jedid - Fondation Arrawaj Chargé de Portefeuille - Bir Jedid Banque (métiers de la) - Secteur Banque / Finance Débutant (-1 an) 10 poste(s) sur Safi et région - Maroc Bac +2 Minimum - BTS / DUT Volonté de persuasion Conventionnel Flexibilité Implication au travail CDI Télétravail : Non Publiée aujourd'hui sur ReKrute.com - Postulez avant le 28/06/2026 J'aime Suivre Entreprise : Avec plus de 30 ans d’expertise, la Fondation Arrawaj est un acteur économique et social majeur dans le secteur de la micro-finance. Basée au Maroc et avec plus de 2 000 collaborateurs répartis sur plus de 260 agences et 15 régions , la Fondation Arrawaj est fière de contribuer à l’inclusion financière des porteurs de projets et des micro-entrepreneurs exclus des circuits de financements classiques en leur offrant des produits et des services diversifiés, de proximité, adaptés et innovants. Le succès de notre institution repose sur un socle de valeurs fondamentales qui inspirent l’action de l’ensemble de nos collaborateurs et guident nos relations avec les parties prenantes : Engagement : Nous sommes déterminés ensemble à aller jusqu'au bout. Respect : Pour mieux d'apprécier mutuellement Ethique : Le socle de notre conduite Responsabilité : Le sens du devoir au centre de notre mission Rejoignez- nous vite, donnez un élan à votre carrière ! Ce que nous vous offrons : Une politique de développement de carrière équitable et orientée sur les compétences avec un accompagnement personnalisé. Des formations sur mesure pour développer vos compétences à la fois au sein de notre centre ""Talent Academy"", Plateforme E-learning ou à travers des partenaires d'excellence reconnue. Une politique de rémunération équitable et compétitive, centrée sur la performance Individuelle et Collective. Une couverture sociale multi-dimension couvrant les aléas de la vie et assurant votre future et celui de vos enfants. Un environnement de travail convivial et stimulant, axé sur","Excel","Bac+2","Débutant","Non spécifié","Non spécifié","2026-04-29","Rekrute | https://www.rekrute.com/offre-emploi-charge-de-portefeuille-recrutement-fondation-arrawaj-bir-jedid-182282.html"
"Chargé de Portefeuille | Oued Amlil (Maroc)","Fondation Arrawaj","Maroc","Finance","Offre d'emploi Chargé de Portefeuille - Oued Amlil - Fondation Arrawaj Chargé de Portefeuille - Oued Amlil Banque (métiers de la) - Secteur Banque / Finance Débutant (-1 an) 10 poste(s) sur Fès et région - Maroc Bac +2 Minimum - BTS / DUT Volonté de persuasion Conventionnel Flexibilité Implication au travail CDI Télétravail : Non Publiée aujourd'hui sur ReKrute.com - Postulez avant le 28/06/2026 J'aime Suivre Entreprise : Avec plus de 30 ans d’expertise, la Fondation Arrawaj est un acteur économique et social majeur dans le secteur de la micro-finance. Basée au Maroc et avec plus de 2 000 collaborateurs répartis sur plus de 260 agences et 15 régions , la Fondation Arrawaj est fière de contribuer à l’inclusion financière des porteurs de projets et des micro-entrepreneurs exclus des circuits de financements classiques en leur offrant des produits et des services diversifiés, de proximité, adaptés et innovants. Le succès de notre institution repose sur un socle de valeurs fondamentales qui inspirent l’action de l’ensemble de nos collaborateurs et guident nos relations avec les parties prenantes : Engagement : Nous sommes déterminés ensemble à aller jusqu'au bout. Respect : Pour mieux d'apprécier mutuellement Ethique : Le socle de notre conduite Responsabilité : Le sens du devoir au centre de notre mission Rejoignez- nous vite, donnez un élan à votre carrière ! Ce que nous vous offrons : Une politique de développement de carrière équitable et orientée sur les compétences avec un accompagnement personnalisé. Des formations sur mesure pour développer vos compétences à la fois au sein de notre centre ""Talent Academy"", Plateforme E-learning ou à travers des partenaires d'excellence reconnue. Une politique de rémunération équitable et compétitive, centrée sur la performance Individuelle et Collective. Une couverture sociale multi-dimension couvrant les aléas de la vie et assurant votre future et celui de vos enfants. Un environnement de travail convivial et stimulant, axé su","Excel","Bac+2","Débutant","Non spécifié","Non spécifié","2026-04-29","Rekrute | https://www.rekrute.com/offre-emploi-charge-de-portefeuille-recrutement-fondation-arrawaj-oued-amlil-182281.html"
"Chargé de Portefeuille | khenichet (Maroc)","Fondation Arrawaj","Maroc","Finance","Offre d'emploi Chargé de Portefeuille - khenichet - Fondation Arrawaj Chargé de Portefeuille - khenichet Banque (métiers de la) - Secteur Banque / Finance Débutant (-1 an) 10 poste(s) sur Rabat et région - Maroc Bac +2 Minimum - BTS / DUT Volonté de persuasion Conventionnel Flexibilité Implication au travail CDI Télétravail : Non Publiée aujourd'hui sur ReKrute.com - Postulez avant le 28/06/2026 J'aime Suivre Entreprise : Avec plus de 30 ans d’expertise, la Fondation Arrawaj est un acteur économique et social majeur dans le secteur de la micro-finance. Basée au Maroc et avec plus de 2 000 collaborateurs répartis sur plus de 260 agences et 15 régions , la Fondation Arrawaj est fière de contribuer à l’inclusion financière des porteurs de projets et des micro-entrepreneurs exclus des circuits de financements classiques en leur offrant des produits et des services diversifiés, de proximité, adaptés et innovants. Le succès de notre institution repose sur un socle de valeurs fondamentales qui inspirent l’action de l’ensemble de nos collaborateurs et guident nos relations avec les parties prenantes : Engagement : Nous sommes déterminés ensemble à aller jusqu'au bout. Respect : Pour mieux d'apprécier mutuellement Ethique : Le socle de notre conduite Responsabilité : Le sens du devoir au centre de notre mission Rejoignez- nous vite, donnez un élan à votre carrière ! Ce que nous vous offrons : Une politique de développement de carrière équitable et orientée sur les compétences avec un accompagnement personnalisé. Des formations sur mesure pour développer vos compétences à la fois au sein de notre centre ""Talent Academy"", Plateforme E-learning ou à travers des partenaires d'excellence reconnue. Une politique de rémunération équitable et compétitive, centrée sur la performance Individuelle et Collective. Une couverture sociale multi-dimension couvrant les aléas de la vie et assurant votre future et celui de vos enfants. Un environnement de travail convivial et stimulant, axé su","Excel","Bac+2","Débutant","Non spécifié","Non spécifié","2026-04-29","Rekrute | https://www.rekrute.com/offre-emploi-charge-de-portefeuille-recrutement-fondation-arrawaj-khenichet-182280.html"
"Chargé de Portefeuille | Sidi Allal Tazi (Maroc)","Fondation Arrawaj","Maroc","Finance","Offre d'emploi Chargé de Portefeuille - Sidi Allal Tazi - Fondation Arrawaj Chargé de Portefeuille - Sidi Allal Tazi Banque (métiers de la) - Secteur Banque / Finance Débutant (-1 an) 10 poste(s) sur Rabat et région - Maroc Bac +2 Minimum - BTS / DUT - DEUG Volonté de persuasion Conventionnel Flexibilité Implication au travail CDI Télétravail : Non Publiée aujourd'hui sur ReKrute.com - Postulez avant le 28/06/2026 J'aime Suivre Entreprise : Avec plus de 30 ans d’expertise, la Fondation Arrawaj est un acteur économique et social majeur dans le secteur de la micro-finance. Basée au Maroc et avec plus de 2 000 collaborateurs répartis sur plus de 260 agences et 15 régions , la Fondation Arrawaj est fière de contribuer à l’inclusion financière des porteurs de projets et des micro-entrepreneurs exclus des circuits de financements classiques en leur offrant des produits et des services diversifiés, de proximité, adaptés et innovants. Le succès de notre institution repose sur un socle de valeurs fondamentales qui inspirent l’action de l’ensemble de nos collaborateurs et guident nos relations avec les parties prenantes : Engagement : Nous sommes déterminés ensemble à aller jusqu'au bout. Respect : Pour mieux d'apprécier mutuellement Ethique : Le socle de notre conduite Responsabilité : Le sens du devoir au centre de notre mission Rejoignez- nous vite, donnez un élan à votre carrière ! Ce que nous vous offrons : Une politique de développement de carrière équitable et orientée sur les compétences avec un accompagnement personnalisé. Des formations sur mesure pour développer vos compétences à la fois au sein de notre centre ""Talent Academy"", Plateforme E-learning ou à travers des partenaires d'excellence reconnue. Une politique de rémunération équitable et compétitive, centrée sur la performance Individuelle et Collective. Une couverture sociale multi-dimension couvrant les aléas de la vie et assurant votre future et celui de vos enfants. Un environnement de travail convivial e","Excel","Bac+2","Débutant","Non spécifié","Non spécifié","2026-04-29","Rekrute | https://www.rekrute.com/offre-emploi-charge-de-portefeuille-recrutement-fondation-arrawaj-sidi-allal-tazi-182279.html"
"Gestionnaire de Trésorerie H/F | Casablanca (Maroc)","ALH Holding","Maroc","Finance","Offre d'emploi Gestionnaire de Trésorerie H/F - Casablanca - ALH Holding Gestionnaire de Trésorerie H/F - Casablanca Gestion / Comptabilité / Finance - Secteur Banque / Finance - Immobilier / Promoteur / Agence Junior (1 à 3 ans) 1 poste(s) sur Casablanca et région - Maroc Bac +3 Minimum - Licence Conventionnel Respect des règles Besoin d'objectivité Rationalisme Organisation CDI Télétravail : Non Publiée aujourd'hui sur ReKrute.com - Postulez avant le 28/06/2026 J'aime Suivre Entreprise : Depuis plus de 60 ans, le Groupe ALH a relevé de nombreux défis. C'est notre capital humain, engagé à nos côtés, qui nous a permis de hisser le groupe parmi les acteurs majeurs du développement économique au Maroc, dans des secteurs tels que l’immobilier, l’agriculture, l’hôtellerie, l’éducation et autres secteurs à forte valeur ajoutée. Notre force repose sur les valeurs essentielles de respect et de confiance que nous entretenons avec l'ensemble de nos collaborateurs, clients et partenaires. Tourné vers l'avenir, ALH consolide ses activités et poursuit son développement avec la même vigilance et clairvoyance. Notre capacité à identifier aujourd'hui les marchés porteurs de demain nous permet de contribuer à la création de richesse pour notre pa ys. Culture de l'entreprise : ALH Holding se distingue par une culture de coopération , plaçant l’humain, la confiance et la collaboration au cœur de son fonctionnement. Les équipes évoluent dans un environnement bienveillant, porté par un management de proximité favorisant l’engagement et la responsabilisation. Cette dynamique est renforcée par une forte orientation organisationnelle , garantissant rigueur, efficacité et structuration des processus. L’ensemble s’équilibre avec une culture de performance et une ouverture à l’innovation, soutenant à la fois les résultats et l’adaptabilité de l’entreprise. Poste : Identifier, valider et comptabiliser les encaissements clients sur GECIMMO (virements, chèques, paiements électroniques, etc.). E","Tableau, Excel","Bac+4","Junior","Français","Non spécifié","2026-04-29","Rekrute | https://www.rekrute.com/offre-emploi-gestionnaire-de-tresorerie-hf-recrutement-alh-holding-casablanca-182270.html"
"Chargé(e) de relation client bancaire – octroi de crédits | Salé (Maroc)","Concentrix","Maroc","Finance","Offre d'emploi Chargé(e) de relation client bancaire – octroi de crédits - Salé - Concentrix Chargé(e) de relation client bancaire – octroi de crédits - Salé Banque (métiers de la) - Secteur Banque / Finance Débutant (-1 an) 10 poste(s) sur Rabat et région - Maroc Bac +3 Minimum - Autre Volonté de persuasion Conventionnel Flexibilité Implication au travail Autre Télétravail : Non Publiée aujourd'hui sur ReKrute.com - Postulez avant le 28/06/2026 J'aime Suivre Entreprise : Nous sommes un leader mondial en matière de technologie et de services qui propulse les marques du futur. Nous aidons des marques connues – celles que vous utilisez quotidiennement – à améliorer leurs activités grâce à la technologie et à des solutions intégrées, dans plus de 70 pays. Dans tout ce que nous faisons, nous croyons qu'il faut agir correctement par et pour les gens : nos acteurs qui changent la donne, nos clients et leurs clients, notre communauté, notre planète. Découvrez la puissance de Concentrix. Découvrez le témoignage de Fairouz Oulad, People Solutions Director et Kenza HIHI , Marketing and communication Director chez Concentrix dans le magazine Challenge Maroc en cliquant ici : https://bit.ly/4cRsGFR Culture de l'entreprise : Concentrix évolue dans une culture fortement orientée vers la performance et la compétition , où l’ambition, le goût du challenge et l’orientation client constituent des leviers essentiels de réussite. Cette dynamique est soutenue par une dimension de coopération , favorisant la confiance, la responsabilisation et un management de proximité attentif à l’accompagnement des équipes. Elle repose également sur une culture d’ organisation structurée, garantissant rigueur des processus, fiabilité et efficacité opérationnelle. Enfin, une composante d’ innovation , plus mesurée, encourage l’adaptabilité et l’amélioration continue des pratiques et des services. Poste : Descriptif du poste: Le Conseiller Client Bancaire est chargé de la gestion et du suivi des dossier","Excel","Bac","Débutant","Français","Non spécifié","2026-04-29","Rekrute | https://www.rekrute.com/offre-emploi-chargee-de-relation-client-bancaire-octroi-de-credits-recrutement-concentrix-sale-182259.html"
"Contrôleur de gestion confirmé | Casablanca (Maroc)","PwC","Maroc","Finance","Offre d'emploi Contrôleur de gestion confirmé - Casablanca - PwC Contrôleur de gestion confirmé - Casablanca Audit / Conseil - Gestion / Comptabilité / Finance - Secteur Comptabilité / Audit Intermédiaire (3 à 5 ans) 1 poste(s) sur Casablanca et région - Maroc Bac +5 et plus - Master Conventionnel Respect des règles Besoin d'objectivité Rationalisme Flexibilité Besoin de réflexion Organisation CDI Télétravail : Non Publiée il y a 2 jours sur ReKrute.com - Postulez avant le 27/06/2026 J'aime Suivre Entreprise : PwC développe au Maroc des missions d’audit, d’expertise comptable et de conseil créatrices de valeur pour ses clients, privilégiant des approches sectorielles. Dans le monde, plus de 236 000 personnes travaillent en réseau dans 158 pays, partageant points de vues, expériences et solutions pour proposer des perspectives innovantes et des conseils adaptés à chaque problématique. Au Maroc, PwC développe cette approche à travers deux entités juridiques, membres du réseau international PwC : PwC Maroc (Audit, Expertise Comptable et Conseil Fiscal) et PwC Advisory (Stratégie et Consulting, Fusions et Acquisitions et Conseil Juridique). PwC Maroc et PwC Advisory travaillent en étroite collaboration avec l’ensemble des autres entités membres du réseau international PwC. Elles peuvent ainsi faire bénéficier leurs clients, au Maroc, des expertises techniques et sectorielles de l’ensemble du réseau et apporter ainsi des prestations à haute valeur ajoutée. Culture de l'entreprise : PwC se caractérise par une culture fortement structurée et orientée organisation , où la rigueur des processus, la fiabilité et l’exigence de qualité constituent des piliers de la performance. Cette approche est étroitement complétée par une dimension collaborative de même intensité , favorisant la confiance, l’engagement collectif et un management de proximité axé sur l’accompagnement des talents. La recherche de résultats mesurables et la réputation du cabinet introduisent une logique de com","SAP, Excel","Bac+5","Confirmé","Non spécifié","Non spécifié","2026-04-29","Rekrute | https://www.rekrute.com/offre-emploi-controleur-de-gestion-confirme-recrutement-pwc-casablanca-182227.html"
"Manager en Expertise Comptable (H/F) | Casablanca (Maroc)","Moore Casablanca","Maroc","Finance","Offre d'emploi Manager en Expertise Comptable (H/F) - Casablanca - Moore Casablanca Manager en Expertise Comptable (H/F) - Casablanca Gestion / Comptabilité / Finance - Secteur Comptabilité / Audit Confirmé (5 à 10 ans) 1 poste(s) sur Casablanca et région - Maroc Bac +5 et plus Minimum - Master Conventionnel Respect des règles Besoin d'objectivité Rationalisme Flexibilité Besoin de réflexion Implication au travail Organisation CDI Télétravail : Non Poste avec Management Publiée il y a 2 jours sur ReKrute.com - Postulez avant le 27/06/2026 J'aime Suivre Entreprise : Nous sommes un cabinet d'audit, d’expertise comptable et de conseil , inscrit au tableau de l’Ordre des Experts Comptables du Maroc et membre du réseau Moore Stephens International. Notre activité s'articule principalement autour du contrôle légal des sociétés, des missions d'audit contractuel, de supervision comptable, de conseil juridique et fiscal. Nous intervenons également sur des missions à forte valeur ajoutée telles que l 'audit d'acquisition, le conseil financier et le conseil en organisation. Poste : Opportunité – Manager en Expertise Comptable (H/F) Oasis Casablanca Dans le cadre de son développement, Moore Casablanca recrute un(e) Manager en Expertise Comptable pour renforcer ses équipes. Vos missions : En tant que Manager, vous aurez un rôle central dans le pilotage de l’activité et la gestion des équipes. Vous serez responsable d’un portefeuille clients, dont vous assurerez la gestion comptable et fiscale dans sa globalité. À ce titre, vous serez amené(e) à : Piloter un portefeuille clients (multi-secteurs) en assurant la qualité des livrables comptables et fiscaux Superviser et encadrer une équipe de consultants juniors, confirmés et seniors Organiser, répartir et suivre les travaux de l’équipe Réviser les comptes et valider les travaux produits Assurer le pilotage des clôtures et la production des états financiers Être l’interlocuteur principal des clients et les accompagner sur leurs prob","Tableau, Excel","Bac+5","Expert","Non spécifié","Non spécifié","2026-04-29","Rekrute | https://www.rekrute.com/offre-emploi-manager-en-expertise-comptable-hf-recrutement-moore-casablanca-casablanca-182219.html"
"Comptable Senior (H/F) | Casablanca (Maroc)","Moore Casablanca","Maroc","Finance","Offre d'emploi Comptable Senior (H/F) - Casablanca - Moore Casablanca Comptable Senior (H/F) - Casablanca Audit / Conseil - Secteur Comptabilité / Audit Intermédiaire (3 à 5 ans) 1 poste(s) sur Tout le Maroc - Maroc Bac +5 et plus Minimum - Ecole de commerce Rationalisme Flexibilité Besoin de réflexion Organisation CDI Télétravail : Non Publiée il y a 2 jours sur ReKrute.com - Postulez avant le 27/06/2026 J'aime Suivre Entreprise : Nous sommes un cabinet d'audit, d’expertise comptable et de conseil , inscrit au tableau de l’Ordre des Experts Comptables du Maroc et membre du réseau Moore Stephens International. Notre activité s'articule principalement autour du contrôle légal des sociétés, des missions d'audit contractuel, de supervision comptable, de conseil juridique et fiscal. Nous intervenons également sur des missions à forte valeur ajoutée telles que l 'audit d'acquisition, le conseil financier et le conseil en organisation. Poste : Basé à Oasis – Casablanca Dans le cadre du développement de notre cabinet, nous renforçons notre équipe et recherchons un(e) Comptable Senior disposant d’une première expérience en cabinet d’expertise comptable, capable de gérer un périmètre comptable et fiscal avec rigueur et autonomie. Vos principales responsabilités : Vous interviendrez sur les missions suivantes : Assurer la tenue de la comptabilité générale de plusieurs dossiers clients Participer à la préparation des déclarations fiscales et sociales Réaliser les rapprochements bancaires et le lettrage des comptes Contribuer aux clôtures mensuelles, trimestrielles et annuelles Préparer les états financiers sous supervision Gérer un portefeuille de sociétés multi-secteurs Veiller à la conformité des écritures comptables et fiscales Participer à l’amélioration continue des process comptables Profil recherché : Formation supérieure en comptabilité, finance ou équivalent (Bac+3 / Bac+5) Minimum 3 ans d’expérience en cabinet d’expertise comptable Bonne maîtrise des normes comptable","Tableau","Bac+5","Senior","Non spécifié","Non spécifié","2026-04-29","Rekrute | https://www.rekrute.com/offre-emploi-comptable-senior-hf-recrutement-moore-casablanca-casablanca-182215.html"
"Directeur Financier | Casablanca (Maroc)","Confidentiel","Maroc","Finance","Offre d'emploi Directeur Financier - Casablanca - Confidential Directeur Financier - Casablanca Gestion / Comptabilité / Finance - Secteur Banque / Finance - Energie Confirmé (5 à 10 ans) 1 poste(s) sur Casablanca et région - Maroc Bac +5 et plus Minimum - Master Besoin d'objectivité Organisation Rationalisme Respect des règles Conventionnel CDI Télétravail : Non Poste avec Management Publiée il y a 2 jours sur ReKrute.com - Postulez avant le 27/06/2026 J'aime Entreprise : Grande entreprise basée dans la région de Casablanca, recrute dans le cadre de son développement un Directeur Financier. Poste : Les principales missions: Analyser la situation financière et fiscale de l’entreprise et proposer des orientations stratégiques adaptées. Élaborer le budget annuel ainsi que le plan financier en cohérence avec les objectifs de la direction. Assurer le suivi de la trésorerie et analyser les écarts par rapport aux prévisions. Mettre en place et optimiser les procédures administratives, financières et comptables. Contrôler et valider les engagements juridiques (contrats, conventions…). Veiller à la conformité réglementaire et assurer une veille juridique et fiscale continue. Coordonner les services administratifs et financiers, en interaction avec les autres départements (RH, technique, IT…). Superviser le contrôle de gestion (budgets, reporting, planification). Mettre en place des indicateurs de performance et assurer un reporting régulier à la Direction Générale. Analyser les données internes et externes afin d’anticiper les évolutions du marché et du secteur. Profil recherché : Bac+5 minimum en finance, gestion, comptabilité ou économie (une formation complémentaire en droit ou RH est un plus). Expérience confirmée de 7 ans minimum, idéalement dans une grande structure. Excellentes capacités d’analyse, de synthèse et de prise de décision. Sens de l’organisation, rigueur et réactivité. Traits de personnalité souhaités : Besoin d'objectivité Organisation Rationalisme Respe","Excel","Bac+5","Confirmé","Non spécifié","Non spécifié","2026-04-29","Rekrute | https://www.rekrute.com/offre-emploi-directeur-financier-recrutement-confidentiel-casablanca-182212.html"
"Chargé de Portefeuille | Casablanca (Maroc)","Fondation Arrawaj","Maroc","Finance","Offre d'emploi Chargé de Portefeuille - Casablanca - Fondation Arrawaj Chargé de Portefeuille - Casablanca Banque (métiers de la) - Secteur Banque / Finance Débutant (-1 an) 10 poste(s) sur Casablanca et région - Maroc Bac +3 Minimum Volonté de persuasion Conventionnel Flexibilité Implication au travail CDI Télétravail : Non Publiée il y a 2 jours sur ReKrute.com - Postulez avant le 17/05/2026 J'aime Suivre Entreprise : Avec plus de 30 ans d’expertise, la Fondation Arrawaj est un acteur économique et social majeur dans le secteur de la micro-finance. Basée au Maroc et avec plus de 2 000 collaborateurs répartis sur plus de 260 agences et 15 régions , la Fondation Arrawaj est fière de contribuer à l’inclusion financière des porteurs de projets et des micro-entrepreneurs exclus des circuits de financements classiques en leur offrant des produits et des services diversifiés, de proximité, adaptés et innovants. Le succès de notre institution repose sur un socle de valeurs fondamentales qui inspirent l’action de l’ensemble de nos collaborateurs et guident nos relations avec les parties prenantes : Engagement : Nous sommes déterminés ensemble à aller jusqu'au bout. Respect : Pour mieux d'apprécier mutuellement Ethique : Le socle de notre conduite Responsabilité : Le sens du devoir au centre de notre mission Rejoignez- nous vite, donnez un élan à votre carrière ! Ce que nous vous offrons : Une politique de développement de carrière équitable et orientée sur les compétences avec un accompagnement personnalisé. Des formations sur mesure pour développer vos compétences à la fois au sein de notre centre ""Talent Academy"", Plateforme E-learning ou à travers des partenaires d'excellence reconnue. Une politique de rémunération équitable et compétitive, centrée sur la performance Individuelle et Collective. Une couverture sociale multi-dimension couvrant les aléas de la vie et assurant votre future et celui de vos enfants. Un environnement de travail convivial et stimulant, axé sur ","Excel","Bac+3","Débutant","Non spécifié","Non spécifié","2026-04-29","Rekrute | https://www.rekrute.com/offre-emploi-charge-de-portefeuille-recrutement-fondation-arrawaj-casablanca-180919.html"
"Comptable SENIOR multinationale à Salé Technopolis | Salé - Technopolis (Maroc)","AXA Services Maroc","Maroc","Comptable","Offre d'emploi Comptable SENIOR multinationale à Salé Technopolis - Salé - Technopolis - AXA Services Maroc Comptable SENIOR multinationale à Salé Technopolis - Salé - Technopolis Gestion / Comptabilité / Finance - Secteur Centre d'appels - Offshoring / Nearshoring Confirmé (5 à 10 ans) 1 poste(s) sur Rabat et région - Maroc Bac +3 Minimum - Autre Respect des règles Rationalisme Conventionnel Besoin d'objectivité Organisation CDI Télétravail : Hybride Publiée aujourd'hui sur ReKrute.com - Postulez avant le 29/06/2026 J'aime Suivre Entreprise : AXA Services Maroc est le centre d'expertise en relation client au Maroc des sociétés : AXA France, AXA Direct France, AXA Assistance, AXA Belgique et AXA Suisse Présents à Rabat depuis mai 2004 et à Kénitra depuis 2024, nous sommes à ce jour plus de 4 500 collaborateurs. Nous rejoindre : C'est choisir la première marque d'assurance mondiale C'est bénéficier d'une multitude d'avantages bien au-delà des normes du marché C'est évoluer dans un environnement valorisant proposant une diversité de métiers C'est intégrer un groupe responsable, offrant une véritable culture d'entreprise, basée sur le développement des compétences de chacun Nos métiers : Le savoir-faire de nos équipes couvre les principaux métiers de l'assurance : La vente de contrats La gestion des contrats assurances de dommages et des personnes La gestion des sinistres Auto et Habitation Le règlement des prestations Santé La mise en jeu des garanties Assistance La prise de rendez-vous pour le compte de nos Agents Généraux La gestion des contrats Epargne Culture de l'entreprise : Axa Services Maroc évolue dans une culture largement orientée coopération , où l’humain, la confiance et la qualité des relations constituent des piliers essentiels. L’entreprise encourage un management de proximité, fondé sur l’accompagnement, la responsabilisation et l’esprit d’équipe. Cette dynamique collaborative est structurée par des pratiques organisationnelles solides, garantissant r","Vente","Bac+4","5 ans","Non spécifié","Non spécifié","2026-04-29","Rekrute | https://www.rekrute.com/offre-emploi-comptable-senior-multinationale-a-sale-technopolis-recrutement-axa-services-maroc-sale---technopolis-182305.html"
"Chef Comptable | Casablanca (Maroc)","Moore Casablanca","Maroc","Comptable","Offre d'emploi Chef Comptable - Casablanca - Moore Casablanca Chef Comptable - Casablanca Gestion / Comptabilité / Finance - Secteur Comptabilité / Audit Confirmé (5 à 10 ans) 1 poste(s) sur Casablanca et région - Maroc Bac +5 et plus Minimum - Master Conventionnel Respect des règles Besoin d'objectivité Rationalisme Organisation CDI Télétravail : Non Publiée il y a 7 jours sur ReKrute.com - Postulez avant le 22/06/2026 J'aime Suivre Entreprise : Nous sommes un cabinet d'audit, d’expertise comptable et de conseil , inscrit au tableau de l’Ordre des Experts Comptables du Maroc et membre du réseau Moore Stephens International. Notre activité s'articule principalement autour du contrôle légal des sociétés, des missions d'audit contractuel, de supervision comptable, de conseil juridique et fiscal. Nous intervenons également sur des missions à forte valeur ajoutée telles que l 'audit d'acquisition, le conseil financier et le conseil en organisation. Poste : Nous recrutons : Chef Comptable (H/F) Basé à Oasis Casablanca Dans le cadre de la croissance de notre cabinet, nous renforçons notre équipe et recherchons un(e) Chef Comptable expérimenté(e) capable de piloter l’ensemble des activités comptables et fiscales avec rigueur et leadership. Vos principales responsabilités : En véritable référent(e) technique, vous interviendrez sur un périmètre complet et stratégique : Superviser la comptabilité générale et garantir la fiabilité des comptes Assurer le respect des obligations fiscales et la conformité réglementaire Gérer la comptabilité de plusieurs entités juridiques Piloter les clôtures mensuelles, trimestrielles et annuelles Produire les états financiers et assurer un reporting régulier à la direction Encadrer, accompagner et faire monter en compétence l’équipe comptable Optimiser et améliorer en continu les processus comptables et fiscaux Être force de proposition sur les sujets d’organisation et de structuration Profil recherché : Profil recherché : Formation supérieure","Tableau, Excel","Bac+5","Confirmé","Non spécifié","Non spécifié","2026-04-29","Rekrute | https://www.rekrute.com/offre-emploi-chef-comptable-recrutement-moore-casablanca-casablanca-182087.html"
"Comptable confirmé(e) | Marrakech (Maroc)","Confidentiel","Maroc","Comptable","Offre d'emploi Comptable confirmé(e) - Marrakech - Confidential Comptable confirmé(e) - Marrakech Gestion / Comptabilité / Finance - Secteur Comptabilité / Audit Confirmé (5 à 10 ans) 2 poste(s) sur Marrakech et région - Maroc Bac +3 Minimum - Licence Respect des règles Rationalisme Conventionnel Besoin d'objectivité Organisation CDI Télétravail : Non Publiée il y a 7 jours sur ReKrute.com - Postulez avant le 22/06/2026 J'aime Entreprise : Au cœur de Marrakech, à quelques minutes du centre historique, un nouveau lieu festif voit le jour, perché au sommet d'un complexe, le restaurant séduit par sa vue panoramique sur l’Atlas, ses couchers de soleil, ses performances musicales et artistiques, rendant hommage à la culture marocaine. Reliés par une signature culinaire fusion aux influences marocaines et internationales, il devient un lieu incontournable, idéal pour bruncher, déjeuner, dîner, vibrer et vivre une expérience inoubliable à Marrakech. Poste : Le comptable confirmé assure la gestion complète de la comptabilité du restaurant et participe au pilotage financier. Ses principales missions : Tenue et suivi de la comptabilité générale (saisie des factures, encaissements, notes de frais…). Contrôle et analyse des comptes, identification des écarts Établissement des états financiers : rapprochements bancaires, bilans, comptes de résultat. Suivi des obligations fiscales et sociales. Mise en place et suivi des procédures comptables et contrôle des coûts. Élaboration de tableaux de bord et reporting pour la direction. Profil recherché : Le candidat idéal est un comptable confirmé capable de gérer la comptabilité de ses dossiers de A à Z, avec autonomie et rigueur. Il doit être capable de : Assurer la tenue complète de la comptabilité, de la saisie à la clôture. Réaliser l’analyse approfondie des comptes et identifier les écarts ou anomalies. Établir des rapports financiers fiables (bilans, comptes de résultat, tableaux de bord). Suivre les obligations fiscales et sociale","Tableau","Bac+3","Confirmé","Non spécifié","Non spécifié","2026-04-29","Rekrute | https://www.rekrute.com/offre-emploi-comptable-confirmee-recrutement-confidentiel-marrakech-182084.html"
"Manager Expert Comptable | Casablanca (Maroc)","Manpower Agences","Maroc","Comptable","Offre d'emploi Manager Expert Comptable - Casablanca - Manpower Agences Manager Expert Comptable - Casablanca Gestion / Comptabilité / Finance - Secteur Comptabilité / Audit Confirmé (5 à 10 ans) 1 poste(s) sur Casablanca et région - Maroc Bac +3 Minimum - Master Respect des règles Rationalisme Organisation CDI Télétravail : Non Poste avec Management Publiée il y a 7 jours sur ReKrute.com - Postulez avant le 22/06/2026 J'aime Suivre Entreprise : Présent depuis 1997 au Maroc, Manpower Group est un acteur international incontournable de l’emploi et de l’insertion sociale dans le monde. Au sein du Royaume Chérifien, nous couvrons l’ensemble du territoire, de Tanger à Laayoune. Nos équipes sont formées pour appuyer les entreprises dans la promotion de l’excellence en matière de gestion du capital humain : Intérim, CDD/CDI, Solutions & Ingénierie RH, Développement du capital humain… Pour nos salariés intérimaires , nous proposons une expérience unique, notamment avec la déclaration de 100% des heures travaillées, la mise en place d’une mutuelle pour tous et un accompagnement personnalisé pour les démarches administratives (bancarisation, CNSS…). Pour nos candidats , nous offrons, conformément aux standards mondiaux de Manpower Group, un processus de sélection, d’évaluation et d’accompagnement à la réussite dans leur nouvelle mission. Poste : En tant que Manager Expert-Comptable, votre rôle sera de piloter une équipe, d'assurer la supervision technique des missions de vos collaborateurs et de garantir la satisfaction client grâce à une expertise pointue et un conseil de qualité. Vos missions principales engloberont : La supervision et la validation des dossiers de tenue et de révision comptable. Le management et l'accompagnement d'une équipe de collaborateurs comptables. Gestion d’un portefeuille clients avec un bon sens relationnel, afin de garantir la qualité de service et la satisfaction client. Le conseil stratégique auprès d'une clientèle variée, dans des secteurs d'","Excel","Bac+5","5 ans","Non spécifié","Non spécifié","2026-04-29","Rekrute | https://www.rekrute.com/offre-emploi-manager-expert-comptable-recrutement-manpower-agences-casablanca-182079.html"
"Chargée de Consolidation | Casablanca (Maroc)","Ciments du Maroc","Maroc","Comptable","Offre d'emploi Chargée de Consolidation - Casablanca - Ciments du Maroc Chargée de Consolidation - Casablanca Gestion / Comptabilité / Finance - Secteur Comptabilité / Audit Intermédiaire (3 à 5 ans) 1 poste(s) sur Casablanca et région - Maroc Bac +5 et plus Minimum - Master Respect des règles Extraversion Flexibilité Besoin de réflexion Travail en équipe Implication au travail Ambition Organisation CDI Télétravail : Non Publiée il y a 7 jours sur ReKrute.com - Postulez avant le 17/05/2026 J'aime Suivre Entreprise : Ciments du Maroc, plus de 70 ans d’histoire d’hommes et de femmes au service du développement du Royaume. Filiale du leader mondial Heidelberg Materials, nous sommes un acteur incontournable des matériaux de construction au Maroc, et groupe industriel de référence opérant dans les métiers du ciment, du béton prêt à l’emploi et des granulats. Notre force réside dans notre savoir-faire, notre engagement et notre capacité à accompagner les grands projets structurants du pays. Avec plus de 900 collaborateurs, nous disposons d’un ancrage territorial solide et d’un dispositif industriel complet : quatre cimenteries – Aït Baha (Agadir), Had Hrara (Safi), M’zoudia (Marrakech) et Témara –, des centres de broyage, des carrières et des centrales à béton répartis sur l’ensemble du territoire . Entreprise responsable et engagée, nous plaçons la sécurité, la réduction de notre empreinte environnementale et le soutien aux communautés locales au cœur de nos priorités. Rejoindre Ciments du Maroc, c’est intégrer une équipe passionnée, évoluer dans un environnement stimulant et contribuer à bâtir un avenir durable pour le Maroc. C’est aussi bénéficier de réelles opportunités de développement professionnel, aussi bien au niveau national qu’international, grâce à notre appartenance à un groupe mondial qui valorise la mobilité et la diversité des parcours. Culture de l'entreprise : Ciments du Maroc se distingue par une culture majoritairement orientée vers la coopération , où","SAP, Négociation","Bac+5","Non spécifié","Français, Anglais, Arabe","Non spécifié","2026-04-29","Rekrute | https://www.rekrute.com/offre-emploi-chargee-de-consolidation-recrutement-ciments-du-maroc-casablanca-180901.html"
"Comptable Confirmé | Casablanca (Maroc)","Ciments du Maroc","Maroc","Comptable","Offre d'emploi Comptable Confirmé - Casablanca - Ciments du Maroc Comptable Confirmé - Casablanca Gestion / Comptabilité / Finance - Secteur Comptabilité / Audit Confirmé (5 à 10 ans) Casablanca et région - Maroc Bac +3 Minimum - Licence Conventionnel Respect des règles Besoin d'objectivité Rationalisme Ambition Organisation CDI Télétravail : Non Publiée il y a 7 jours sur ReKrute.com - Postulez avant le 07/06/2026 J'aime Suivre Entreprise : Ciments du Maroc, plus de 70 ans d’histoire d’hommes et de femmes au service du développement du Royaume. Filiale du leader mondial Heidelberg Materials, nous sommes un acteur incontournable des matériaux de construction au Maroc, et groupe industriel de référence opérant dans les métiers du ciment, du béton prêt à l’emploi et des granulats. Notre force réside dans notre savoir-faire, notre engagement et notre capacité à accompagner les grands projets structurants du pays. Avec plus de 900 collaborateurs, nous disposons d’un ancrage territorial solide et d’un dispositif industriel complet : quatre cimenteries – Aït Baha (Agadir), Had Hrara (Safi), M’zoudia (Marrakech) et Témara –, des centres de broyage, des carrières et des centrales à béton répartis sur l’ensemble du territoire . Entreprise responsable et engagée, nous plaçons la sécurité, la réduction de notre empreinte environnementale et le soutien aux communautés locales au cœur de nos priorités. Rejoindre Ciments du Maroc, c’est intégrer une équipe passionnée, évoluer dans un environnement stimulant et contribuer à bâtir un avenir durable pour le Maroc. C’est aussi bénéficier de réelles opportunités de développement professionnel, aussi bien au niveau national qu’international, grâce à notre appartenance à un groupe mondial qui valorise la mobilité et la diversité des parcours. Culture de l'entreprise : Ciments du Maroc se distingue par une culture majoritairement orientée vers la coopération , où l’humain, la confiance et la qualité des relations de travail occupent une ","Git, SAP","Bac+5","Confirmé","Français, Anglais, Arabe","Non spécifié","2026-04-29","Rekrute | https://www.rekrute.com/offre-emploi-comptable-confirme-recrutement-ciments-du-maroc-casablanca-181537.html"
"Comptable Confirmé (H/F) | Casablanca (Maroc)","PwC","Maroc","Comptable","Offre d'emploi Comptable Confirmé (H/F) - Casablanca - PwC Comptable Confirmé (H/F) - Casablanca Gestion / Comptabilité / Finance - Secteur Comptabilité / Audit Intermédiaire (3 à 5 ans) 3 poste(s) sur Casablanca et région - Maroc Bac +5 et plus Minimum - Master Respect des règles Rationalisme Conventionnel Besoin d'objectivité Organisation CDI Télétravail : Non Publiée il y a 7 jours sur ReKrute.com - Postulez avant le 22/06/2026 J'aime Suivre Entreprise : PwC développe au Maroc des missions d’audit, d’expertise comptable et de conseil créatrices de valeur pour ses clients, privilégiant des approches sectorielles. Dans le monde, plus de 236 000 personnes travaillent en réseau dans 158 pays, partageant points de vues, expériences et solutions pour proposer des perspectives innovantes et des conseils adaptés à chaque problématique. Au Maroc, PwC développe cette approche à travers deux entités juridiques, membres du réseau international PwC : PwC Maroc (Audit, Expertise Comptable et Conseil Fiscal) et PwC Advisory (Stratégie et Consulting, Fusions et Acquisitions et Conseil Juridique). PwC Maroc et PwC Advisory travaillent en étroite collaboration avec l’ensemble des autres entités membres du réseau international PwC. Elles peuvent ainsi faire bénéficier leurs clients, au Maroc, des expertises techniques et sectorielles de l’ensemble du réseau et apporter ainsi des prestations à haute valeur ajoutée. PwC rassemble aujourd'hui 12 Associés et plus de 200 collaborateurs, au sein de deux bureaux à Casablanca. Ceci lui permet d’offrir à ses clients, depuis Casablanca, une réactivité, une proximité et une connaissance accrue du tissu économique local. Culture de l'entreprise : PwC se caractérise par une culture fortement structurée et orientée organisation , où la rigueur des processus, la fiabilité et l’exigence de qualité constituent des piliers de la performance. Cette approche est étroitement complétée par une dimension collaborative de même intensité , favorisant la co","SAP, Excel","Bac+5","Confirmé","Non spécifié","Non spécifié","2026-04-29","Rekrute | https://www.rekrute.com/offre-emploi-comptable-confirme-hf-recrutement-pwc-casablanca-182071.html"
"Comptable Fournisseurs Junior (H/F) | Casablanca (Maroc)","Maroc Climate and Security (MCS) - Carrier","Maroc","Comptable","Offre d'emploi Comptable Fournisseurs Junior (H/F) - Casablanca - Maroc Climate and Security (MCS) - Carrier Comptable Fournisseurs Junior (H/F) - Casablanca Gestion / Comptabilité / Finance - Secteur Comptabilité / Audit Junior (1 à 3 ans) 1 poste(s) sur Casablanca et région - Maroc Bac +2 Minimum - BTS / DUT Conventionnel Respect des règles Besoin d'objectivité Rationalisme Organisation CDI Télétravail : Hybride Publiée il y a 8 jours sur ReKrute.com - Postulez avant le 22/06/2026 J'aime Suivre Entreprise : C’est en 1902 que le Dr Willis H. Carrier invente et fabrique le tout premier climatiseur moderne au monde. Depuis cette date, Carrier Corporation est le numéro un mondial de la climatisation , avec plus de 4 millions d’unités vendues par an, assemblées dans plus de 40 usines de production, installées et entretenues sur cinq continents. Créée en 2014, MCS est le fruit d’une joint-venture signée entre VENTEC Maroc et Carrier, numéro 1 mondial dans le domaine du froid . MCS assure le support technique, commercial et administratif à distance pour le compte de Carrier France , Carrier Espagne , Otis France , Chubb France , CIAT , Carrier Transicold , Carrier Réfrigération et d’autres sociétés du groupe. MCS permet d’assurer avec efficience et efficacité le traitement des demandes particulières et des consultations, la saisie des commandes, la gestion des réclamations ainsi que la planification des interventions et le support technique à distance. Vous souhaitez révéler votre potentiel dans un environnement challengeant et collaboratif ? Vous souhaitez évoluer dans une structure soucieuse de l’épanouissement et de la satisfaction de ses moyens humains ? A vous de saisir l’opportunité et de concrétiser vos idées au cœur de nos projets ambitieux, en nous envoyant votre candidature. Culture de l'entreprise : Maroc Climate and Security (MCS) – Carrier s’inscrit dans une culture à dominante coopérative , où l’humain, la confiance et la solidarité structurent les relation","Excel, Vente","Bac+4","Junior","Non spécifié","Non spécifié","2026-04-29","Rekrute | https://www.rekrute.com/offre-emploi-comptable-fournisseurs-junior-hf-recrutement-maroc-climate-and-security-mcs---carrier-casablanca-182058.html"
"Contrôleur financier N2 | Casablanca (Maroc)","Saham Bank","Maroc","Comptable","Offre d'emploi Contrôleur financier N2 - Casablanca - Saham Bank J'aime Suivre Contrôleur financier N2 - Casablanca Gestion / Comptabilité / Finance - Secteur Banque / Finance Intermédiaire (3 à 5 ans) 2 poste(s) sur Casablanca et région - Maroc Bac +5 et plus - Ecole de commerce - Université Rationalisme Ténacité Travail en équipe CDI Télétravail : Non Publiée il y a 8 jours sur ReKrute.com - Postulez avant le 21/06/2026 Entreprise : Saham Bank est devenue un Groupe financier de premier plan, s’appuyant sur un modèle éprouvé de banque universelle et de synergies avec ses 14 filiales spécialisées. Saham Bank a su adapter son organisation et son dispositif afin de répondre au mieux aux attentes de tous ses clients : Grandes Entreprises, Investisseurs Institutionnels, PME/PMI, Particuliers et Professionnels et ce, en couvrant tous les domaines d’activités et en proposant une large gamme de métiers complémentaires. Au Maroc, Saham Bank est portée par un projet d’entreprise visant à faire de notre banque « La banque relationnelle de référence sur ses marchés, proche de ses clients, choisie pour la qualité et l’engagement de ses équipes ». Près de 4000 collaborateurs sont actuellement animés par cette même ambition portée par 4 valeurs phares qui sont l’ Esprit d’équipe , l' Engagement , la Responsabilité et l’Innovation. POURQUOI NOUS CHOISIR ? Chez Saham Bank , nous sommes convaincus que les personnes sont moteurs du changement, et que le monde de demain sera fait de toutes leurs initiatives, des plus petites aux plus ambitieuses. Que vous nous rejoigniez pour quelques mois, quelques années ou toute votre carrière, ensemble nous avons les moyens d’avoir un impact positif sur l’avenir. Créer, oser, innover, entreprendre font partie de notre ADN. Si vous aussi vous souhaitez être dans l’action, évoluer dans un environnement stimulant et bienveillant, vous sentir utile au quotidien et développer ou renforcer votre expertise, nous sommes faits pour nous rencontrer ! Cultur","Non spécifié","Bac+5","4 ans","Non spécifié","Non spécifié","2026-04-29","Rekrute | https://www.rekrute.com/offre-emploi-controleur-financier-n2-recrutement-saham-bank-casablanca-182042.html"
"Contrôleur Financier | Casablanca (Maroc)","Attijari Payment Processing","Maroc","Comptable","Offre d'emploi Contrôleur Financier - Casablanca - Attijari Payment Processing Contrôleur Financier - Casablanca Banque (métiers de la) - Gestion / Comptabilité / Finance - Secteur Banque / Finance - Comptabilité / Audit Confirmé (5 à 10 ans) 1 poste(s) sur Casablanca et région - Maroc Bac +5 et plus Minimum - Autre Respect des règles Rationalisme Conventionnel Flexibilité Implication au travail Organisation CDI Télétravail : Non Poste avec Management Publiée il y a 8 jours sur ReKrute.com - Postulez avant le 21/06/2026 J'aime Suivre Entreprise : Attijari Payment Processing , Filiale Monétique du Groupe Attijariwafa bank , centralise au Maroc les traitements monétiques de l’ensemble des filiales du Groupe. Elle accompagne ces dernières dans l'optimisation de leurs coûts d’investissement et garantit le bon fonctionnement de l’activité monétique. Elle leur permet, entre autres, d’innover en proposant des produits et des services à forte valeur ajoutée et surtout d'aligner leur stratégie monétique à celle du Groupe. Poste : ""• Assurer la préparation et le suivi du budget APP Acquisition"" ""• Préparer les indicateurs de performances Acquisition "" ""• Produire un compte résultat mensuel Acquisition "" ""• Contrôler les flux financiers de l’activité TPE & ECOM : Trésorerie, charges et produits"" ""• S’assurer de la bonne application des tarifs et des grilles commerciales."" ""• Etablir des simulations clients"" ""• Identifier les anomalies : transactions rejetées, anomalies d’encaissement, écart entre montants collectés et montants reversés."" ""• Effectuer les rapprochements quotidiens / hebdomadaires : entre CRM, systèmes monétiques et comptabilité, entre transactions et reversements bancaires, entre facturation et paiements clients."" ""- Vérifier la conformité des pratiques aux règles de gestion et normes en vigueur - Identifier, mettre en place et superviser les actions de réalignement sur les règles de gestion et normes en vigueur"" ""- Réaliser des analyses et préparer des documen","Non spécifié","Bac+4","Confirmé","Non spécifié","Non spécifié","2026-04-29","Rekrute | https://www.rekrute.com/offre-emploi-controleur-financier-recrutement-attijari-payment-processing-casablanca-182022.html"
"Comptable (H/F) | Casablanca (Maroc)","Bank Assafa","Maroc","Comptable","Offre d'emploi Comptable (H/F) - Casablanca - Bank Assafa Comptable (H/F) - Casablanca Banque (métiers de la) - Gestion / Comptabilité / Finance - Secteur Banque / Finance - Comptabilité / Audit Intermédiaire (3 à 5 ans) 2 poste(s) sur Casablanca et région - Maroc Bac +5 et plus Minimum - Master Respect des règles Rationalisme Besoin d'action Travail en équipe Conventionnel Flexibilité Implication au travail Organisation CDI Télétravail : Non Publiée il y a 8 jours sur ReKrute.com - Postulez avant le 21/06/2026 J'aime Suivre Entreprise : Bank Assafa est un établissement bancaire 100% marocain spécialisé dans la finance participative qui a vu le jour en juillet 2017 suite à la validation du Comité des Établissements de Crédit de la création de cinq banques participatives. Il a pour principal vocation de proposer un ensemble de produits et de services bancaires éthiques, conformes aux directives du conseil supérieur des Oulémas, et adaptés aux meilleurs standards et normes, et ce, en se basant sur ses 5 valeurs fondamentales à savoir, la confiance, l’intégrité, le dévouement, l’innovation et la pureté . Pionnier sur la place de part la présence de Dar Assafaa dans le marché de la finance alternative depuis 2010, les collaborateurs ont pu ainsi développer une expertise métier et une connaissance approfondie des besoins et aspirations des Marocains. Bank Assafa compte aujourd’hui un large réseau de plus de 40 Agences sur tout le territoire marocain, avec un effectif de plus de 330 collaborateurs. Rejoignez une équipe de professionnels, animée par les valeurs de notre Banque, qui met toute son ardeur à développer une activité Bancaire participative dans un environnement en perpétuelle mutation, empreint d’une concurrence ardue. Culture de l'entreprise : Bank Assafa évolue dans une culture principalement orientée performance et compétitivité , où l’ambition, le goût du challenge et l’atteinte d’objectifs mesurables sont des leviers essentiels de réussite. L’entreprise val","Non spécifié","Bac+5","Expert","Non spécifié","Non spécifié","2026-04-29","Rekrute | https://www.rekrute.com/offre-emploi-comptable-hf-recrutement-bank-assafa-casablanca-182015.html"
"Caissier(e) | CASABLANCA (Maroc)","Auto Nejma Maroc S.A.","Maroc","Comptable","Offre d'emploi Caissier(e) - CASABLANCA - Auto Nejma Maroc S.A. Caissier(e) - CASABLANCA Gestion / Comptabilité / Finance - Secteur Indifférent Junior (1 à 3 ans) 1 poste(s) sur Casablanca et région - Maroc Bac +2 Minimum - DEUG Conventionnel Respect des règles Besoin d'objectivité Rationalisme Organisation CDI Télétravail : Non Publiée il y a 9 jours sur ReKrute.com - Postulez avant le 20/06/2026 J'aime Suivre Entreprise : Auto Nejma est un acteur historique et majeur du secteur automobile au Maroc. Représentant officiel des marques Mercedes-Benz, BYD et smart , nous opérons à travers un réseau national couvrant plusieurs villes stratégiques du Royaume. Forts d’une expertise reconnue dans les activités Véhicules Particuliers, Véhicules Utilitaires, Poids Lourds, Après-Vente et Pièces de Rechange, nous plaçons l’excellence opérationnelle, la satisfaction client et la performance durable au cœur de notre stratégie. Notre organisation s’appuie sur : Un réseau multi-sites à l’échelle nationale Des standards constructeurs internationaux Une culture orientée performance et amélioration continue Une politique RH axée sur le développement des talents et la mobilité interne Chez Auto Nejma , nous croyons que la performance collective repose sur l’engagement, la compétence et le sens du service de nos équipes. Rejoindre Auto Nejma , c’est intégrer un groupe structuré, ambitieux et en transformation, offrant de réelles perspectives d’évolution dans un environnement professionnel exigeant et stimulant. Poste : Localisation : Bouskoura Rattaché(e) à la Direction Administrative & Financière, vous serez en charge de : Assurer l’encaissement des règlements clients Réceptionner les règlements des clients en compte et assurer leur traitement Préparer et suivre les versements bancaires quotidiens Tenir et suivre le journal de caisse (recettes et dépenses) Réaliser les arrêtés de caisse journaliers et garantir la conformité des soldes Gérer les dépenses de caisse dans le respect des p","Excel, Vente","Bac+4","Junior","Non spécifié","Non spécifié","2026-04-29","Rekrute | https://www.rekrute.com/offre-emploi-caissiere-recrutement-auto-nejma-maroc-s.a.-casablanca-181956.html"
"Contrôleur(se) de Gestion | Casablanca (Maroc)","Auto Nejma Maroc S.A.","Maroc","Comptable","Offre d'emploi Contrôleur(se) de Gestion - Casablanca - Auto Nejma Maroc S.A. Contrôleur(se) de Gestion - Casablanca Gestion / Comptabilité / Finance - Secteur Automobile / Motos / Cycles Intermédiaire (3 à 5 ans) 1 poste(s) sur Casablanca et région - Maroc Bac +5 et plus Minimum - Master Respect des règles Besoin d'objectivité Besoin d'action Ambition Organisation CDI Télétravail : Non Poste avec Management Publiée il y a 9 jours sur ReKrute.com - Postulez avant le 20/06/2026 J'aime Suivre Entreprise : Auto Nejma est un acteur historique et majeur du secteur automobile au Maroc. Représentant officiel des marques Mercedes-Benz, BYD et smart , nous opérons à travers un réseau national couvrant plusieurs villes stratégiques du Royaume. Forts d’une expertise reconnue dans les activités Véhicules Particuliers, Véhicules Utilitaires, Poids Lourds, Après-Vente et Pièces de Rechange, nous plaçons l’excellence opérationnelle, la satisfaction client et la performance durable au cœur de notre stratégie. Notre organisation s’appuie sur : Un réseau multi-sites à l’échelle nationale Des standards constructeurs internationaux Une culture orientée performance et amélioration continue Une politique RH axée sur le développement des talents et la mobilité interne Chez Auto Nejma , nous croyons que la performance collective repose sur l’engagement, la compétence et le sens du service de nos équipes. Rejoindre Auto Nejma , c’est intégrer un groupe structuré, ambitieux et en transformation, offrant de réelles perspectives d’évolution dans un environnement professionnel exigeant et stimulant. Poste : Rejoignez une entreprise dynamique dans le secteur de l' automobile / motos / cycles , située à Casablanca . En tant que Contrôleur(se) de Gestion , vos responsabilités couvriront un large spectre d'activités liées au contrôle de gestion : Piloter l’élaboration et le suivi des budgets, analyser les écarts et proposer des recommandations pour améliorer la performance. Produire et mettre à jou","Tableau, Excel, Vente","Bac+5","Expert","Non spécifié","Non spécifié","2026-04-29","Rekrute | https://www.rekrute.com/offre-emploi-controleurse-de-gestion-recrutement-auto-nejma-maroc-s.a.-casablanca-181952.html"
"Cadre financier | Rabat (Maroc)","Société de Développement des Services Publics de d","Maroc","Comptable","Offre d'emploi Cadre financier - Rabat - Société de Développement des Services Publics de distribution Cadre financier - Rabat Audit / Conseil - Gestion / Comptabilité / Finance - Secteur Banque / Finance - Comptabilité / Audit Junior (1 à 3 ans) - Intermédiaire (3 à 5 ans) 1 poste(s) - Maroc Bac +5 et plus - Ecole de commerce - Master Respect des règles Besoin d'objectivité Flexibilité Besoin d'action Travail en équipe Implication au travail Ambition Organisation CDI Télétravail : Non Publiée il y a 11 jours sur ReKrute.com - Postulez avant le 18/06/2026 J'aime Suivre Entreprise : La SOCIETE DE DEVELOPPEMENT DES SERVICES PUBLICS DE DISTRIBUTION S.A. est une société de Développement Local, qui a pour missions de participer à la gestion et au développement des Services Publics de distribution, et cela à travers notamment, les prestations : D’accompagnement dans le domaine financier et de l'ingénierie financière, et dans la mobilisation et la gestion des financements ; De suivi et d'évaluation de la gestion et des indicateurs de performance inhérents aux Services Publics ; De gestion des dettes de financement liées à l’activité de distribution ; D’harmonisation des règles communes et process concernant la gestion des Services Publics. Notre société accompagne les acteurs du secteur de la distribution d’électricité, d’eau potable et d’assainissement liquide, notamment les GCT (Groupements de Collectivités Territoriales) et les SRM (les sociétés Régionales Multiservices) nouvellement mises en place. Poste : Nous recherchons un profil de Cadre Financier pour notre Entité à Rabat. Principales missions: Vérifier les recettes et dépenses et produire les indicateurs financiers journaliers pour piloter la situation financière Consolider les données, analyser la performance et veiller à l’équilibre économique des contrats"" Contrôler la conformité des dépenses Vérifier la cohérence, la justification et l’imputation correcte des charges sur les différents comptes Suivre les comp","Excel","Bac+5","Junior","Non spécifié","Non spécifié","2026-04-29","Rekrute | https://www.rekrute.com/offre-emploi-cadre-financier-recrutement-societe-de-developpement-des-services-publics-de-distribution-rabat-181914.html"
"Cadre financier Expérimenté | Rabat (Maroc)","Société de Développement des Services Publics de d","Maroc","Comptable","Offre d'emploi Cadre financier Expérimenté - Rabat - Société de Développement des Services Publics de distribution Cadre financier Expérimenté - Rabat Audit / Conseil - Gestion / Comptabilité / Finance - Secteur Banque / Finance - Comptabilité / Audit Confirmé (5 à 10 ans) 1 poste(s) - Maroc Bac +5 et plus - Ecole de commerce - Master Respect des règles Besoin d'objectivité Rationalisme Flexibilité Besoin d'autonomie Implication au travail Ambition Organisation CDI Télétravail : Non Publiée il y a 11 jours sur ReKrute.com - Postulez avant le 18/06/2026 J'aime Suivre Entreprise : La SOCIETE DE DEVELOPPEMENT DES SERVICES PUBLICS DE DISTRIBUTION S.A. est une société de Développement Local, qui a pour missions de participer à la gestion et au développement des Services Publics de distribution, et cela à travers notamment, les prestations : D’accompagnement dans le domaine financier et de l'ingénierie financière, et dans la mobilisation et la gestion des financements ; De suivi et d'évaluation de la gestion et des indicateurs de performance inhérents aux Services Publics ; De gestion des dettes de financement liées à l’activité de distribution ; D’harmonisation des règles communes et process concernant la gestion des Services Publics. Notre société accompagne les acteurs du secteur de la distribution d’électricité, d’eau potable et d’assainissement liquide, notamment les GCT (Groupements de Collectivités Territoriales) et les SRM (les sociétés Régionales Multiservices) nouvellement mises en place. Poste : Nous recherchons un profil de Cadre Financier Expérimenté pour notre Entité à Rabat. Sa mission principale est d'assurer la conformité comptable et financière des distributeurs et d'analyser l’équilibre économique des contrats de gestion. Principales Attributions: Assurer le suivi quotidien des flux financiers Produire et analyser le reporting financier Contrôler la conformité des dépenses Assurer le contrôle des comptes dédiés (redevances, retraites, frais d’études, pl","Excel","Bac+5","5 ans","Non spécifié","Non spécifié","2026-04-29","Rekrute | https://www.rekrute.com/offre-emploi-cadre-financier-experimente-recrutement-societe-de-developpement-des-services-publics-de-distribution-rabat-181913.html"
"Collaborateur Comptable / Assistant Comptable Confirmé (Offshore France) | Casablanca (Maroc)","Moore Casablanca","Maroc","Comptable","Offre d'emploi Collaborateur Comptable / Assistant Comptable Confirmé (Offshore France) - Casablanca - Moore Casablanca Collaborateur Comptable / Assistant Comptable Confirmé (Offshore France) - Casablanca Gestion / Comptabilité / Finance - Secteur Comptabilité / Audit Junior (1 à 3 ans) 2 poste(s) sur Casablanca et région - Maroc Bac +5 et plus Minimum - Licence - Master Conventionnel Respect des règles Besoin d'objectivité Rationalisme Organisation CDD Télétravail : Non Publiée il y a 12 jours sur ReKrute.com - Postulez avant le 17/06/2026 J'aime Suivre Entreprise : Nous sommes un cabinet d'audit, d’expertise comptable et de conseil , inscrit au tableau de l’Ordre des Experts Comptables du Maroc et membre du réseau Moore Stephens International. Notre activité s'articule principalement autour du contrôle légal des sociétés, des missions d'audit contractuel, de supervision comptable, de conseil juridique et fiscal. Nous intervenons également sur des missions à forte valeur ajoutée telles que l 'audit d'acquisition, le conseil financier et le conseil en organisation. Poste : Opportunité – Collaborateur Comptable / Assistant Comptable Confirmé (Offshore France) Localisation :Casablanca Contrat : CDD – 6 mois Client : Cabinet / structure française en offshore Votre mission Dans le cadre d’une mission offshore pour un client français, vous intervenez en tant que collaborateur comptable et prenez en charge la tenue et la révision comptable de dossiers variés, dans un environnement digitalisé et structuré. Vos principales responsabilités Assurer la tenue de la comptabilité générale Réaliser les travaux de révision comptable Participer aux clôtures mensuelles et annuelles Contrôler et justifier les comptes (clients, fournisseurs, banques) Passer les écritures de régularisation Travailler sur des outils comptables digitalisés Collaborer avec les équipes basées en France et assurer un reporting régulier Outils utilisés Pennylane Tiime Profil recherché : Profil recherché Form","Git, Tableau","Bac+5","Confirmé","Français","Non spécifié","2026-04-29","Rekrute | https://www.rekrute.com/offre-emploi-collaborateur-comptable-assistant-comptable-confirme-offshore-france-recrutement-moore-casablanca-casablanca-181909.html"
"Directeur Administratif et Financier | Maroc (Maroc)","Confidentiel","Maroc","Comptable","Offre d'emploi Directeur Administratif et Financier - Maroc - Confidential Directeur Administratif et Financier - Maroc Distribution (métiers de la) - Gestion / Comptabilité / Finance - Secteur Autres Industries Confirmé (5 à 10 ans) 1 poste(s) sur Meknès et région - Maroc Bac +4 Minimum - Formation spécialisée - Master Respect des règles Rationalisme Besoin d'objectivité Implication au travail Organisation CDI Télétravail : Non Poste avec Management Publiée il y a 12 jours sur ReKrute.com - Postulez avant le 16/05/2026 J'aime Entreprise : Groupe d'envergure nationale, reconnu pour son expertise dans divers secteurs stratégiques, recherche à renforcer ses équipes dans le cadre de son développement continu. Fort d'une présence établie sur le marché marocain, le groupe se distingue par son engagement envers l'excellence, l'innovation et la durabilité. Nous offrons un environnement stimulant, propice à l'évolution professionnelle, au sein d'une structure valorisant la performance et la collaboration. Poste : Vous rêvez d'un rôle stimulant au sein d'une entreprise dynamique du secteur de l'automobile ? Ce poste de Directeur Administratif et Financier (DAF) , est fait pour vous ! Vous serez un acteur clé de la performance et de la pérennité de notre entreprise, en pilotant et en optimisant l'ensemble des fonctions administratives et financières. Vos principaux objectifs seront d'assurer la fiabilité des informations financières, d'optimiser la gestion des ressources, de garantir la conformité réglementaire, et de contribuer activement à la stratégie globale de l'entreprise. Vous aurez un rôle crucial dans la prise de décision stratégique en fournissant des analyses financières pertinentes et des prévisions fiables. Votre expertise permettra de sécuriser les opérations financières, d'améliorer l'efficacité des processus et de maximiser la rentabilité de l'entreprise. Vous serez force de proposition pour améliorer les process existants et garantir leur optimisation constan","Tableau, Excel","Bac+5","Confirmé","Non spécifié","Non spécifié","2026-04-29","Rekrute | https://www.rekrute.com/offre-emploi-directeur-administratif-et-financier-recrutement-confidentiel-maroc-180839.html"
"Contrôleur de Gestion Junior | Casablanca (Maroc)","VINCI Energies Afrique de l'Ouest","Maroc","Comptable","Offre d'emploi Contrôleur de Gestion Junior - Casablanca - VINCI Energies Afrique de l'Ouest Contrôleur de Gestion Junior - Casablanca Gestion / Comptabilité / Finance - Secteur Electricité - Autres Industries Débutant (-1 an) - Junior (1 à 3 ans) Casablanca et région - Maroc Bac +5 et plus Minimum - Ecole de commerce Conventionnel Respect des règles Besoin d'objectivité Rationalisme Organisation CDI Télétravail : Non Publiée il y a 12 jours sur ReKrute.com - Postulez avant le 17/06/2026 J'aime Suivre Entreprise : À Propos de VINCI Energies Afrique de l'Ouest VINCI Energies Afrique de l'Ouest (VEAO) est un pôle de VINCI Energie, entité du Groupe VINCI, regroupant plus de 3000 collaborateurs répartis à travers 5 pays de la région (Bénin, Côte d'Ivoire, Guinée, Sénégal, Maroc et Mauritanie) et représenté par 6 marques : Omexom, Actemium, Axians, Citeos, Cegelec, VINCI Energies Building Solutions et VINCI Facilities. Présent au Maroc à travers la marque Cegelec depuis 1946 et solidement ancré en Afrique par ses 55 entreprises, VEAO offre aujourd’hui à ses partenaires une large palette d’expertises (conception, réalisation et maintenance) dans l’énergie, l’industrie, le tertiaire et les télécommunications. VINCI Energies au Maroc, contribue activement au développement économique et social du pays en s’appuyant sur les compétences pluridisciplinaires de ses équipes locales et bénéficie du vaste réseau de marques de VINCI Energies pour offrir des solutions innovantes et pérennes à ses clients. Poste : Rattaché(e) à la direction financière, le CDG est le gardien et prescripteur des règles de gestion du groupe, l'interlocuteur pour la gestion avec les équipes opérationnelles ( DD,CE,RA), garant de la fiabilité des informations financières/reporting. Principales missions : - Assurer le suivi financier des projets : ouverture, clôture, VE, RMG, suivi de projets - Maitriser les outils de gestion - Analyser les indicateurs financiers ( affaires/entreprises): retard de facturati","Excel","Bac+4","Junior","Non spécifié","Non spécifié","2026-04-29","Rekrute | https://www.rekrute.com/offre-emploi-controleur-de-gestion-junior-recrutement-vinci-energies-afrique-de-louest-casablanca-181906.html"
"Office manager | Casablanca (Maroc)","HP SEARCH","Maroc","Comptable","Offre d'emploi Office manager - Casablanca - HP SEARCH Office manager - Casablanca Assistanat de Direction / Services Généraux - Secteur Conseil / Etudes - Autres services Junior (1 à 3 ans) 1 poste(s) sur Casablanca et région - Maroc Bac +3 Minimum - DEUG - Licence Conventionnel Extraversion Flexibilité Organisation CDI Télétravail : Non Publiée il y a 13 jours sur ReKrute.com - Postulez avant le 16/06/2026 J'aime Suivre Entreprise : HP SEARCH (HIGH POTENTIAL SEARCH) accompagne ses clients dans le recrutement, l’évaluation et la sélection de leurs Futurs Talents. Notre expertise dans divers secteurs d’activité nous permet de vous apporter les solutions optimales en recrutement. HP SEARCH est une filiale du groupe TEAMWORK spécialisée en Conseil RH, Formation, Coaching et Teambuilding. Poste : Pour le compte du cabinet Teamwork consulting , nous recrutons un(e ) office manager avec comme responsabilités : Collaboration avec l'expert-comptable pour la vérification des documents comptables. Envoi des documents comptables à l'expert-comptable pour la déclaration de la TVA (mensuelle ou trimestrielle). Suivi des paiements et des relances liées à la comptabilité (fournisseurs, clients). Accueil des visiteurs (clients, partenaires, prestataires) avec professionnalisme et courtoisie. Préparation et organisation des salles de réunion pour les visiteurs (disponibilité des équipements, préparation des documents nécessaires). Gestion de l’archivage des documents administratifs et comptables (papier et numérique). Commande et gestion des fournitures de bureau, en assurant le bon approvisionnement. Suivi des stocks et des demandes internes des collaborateurs. Gestion de la correspondance interne et externe. Préparation de documents administratifs (rapports, lettres, contrats) et autres tâches administratives. Profil recherché : Formation Bac +3 minimum en gestion, comptabilité, administration ou équivalent. Expérience de 1 à 3 ans dans un poste similaire, de préférence dans une ","Excel","Bac+4","Junior","Non spécifié","Non spécifié","2026-04-29","Rekrute | https://www.rekrute.com/offre-emploi-office-manager-recrutement-hp-search-casablanca-181848.html"
"Chef Comptable (H/F) - Grand Cérame | Berrechid (Maroc)","Grand Cerame","Maroc","Comptable","Offre d'emploi Chef Comptable (H/F) - Grand Cérame - Berrechid - Grand Cerame Chef Comptable (H/F) - Grand Cérame - Berrechid Gestion / Comptabilité / Finance - Travaux / Chantiers / BTP - Secteur Agroalimentaire - Métallurgie / Sidérurgie Confirmé (5 à 10 ans) - Expert (10 à 20 ans) 1 poste(s) sur Casablanca et région - Maroc Bac +5 et plus Minimum Respect des règles Rationalisme Conventionnel Besoin d'objectivité Flexibilité Besoin de réflexion Organisation CDI Télétravail : Non Poste avec Management Publiée il y a 13 jours sur ReKrute.com - Postulez avant le 16/06/2026 J'aime Suivre Entreprise : Grand Cérame – Filiale du Groupe El Eulj Filiale du Groupe El Eulj, acteur industriel marocain de référence depuis 1958, Grand Cérame est spécialisée dans la fabrication et la commercialisation de carrelage céramique pour le bâtiment et la décoration intérieure. Créée en 2017, l’entreprise s’appuie sur un site industriel moderne de 6 hectares, doté de lignes de production de dernière génération, lui permettant d’atteindre une capacité annuelle de plus de 5 millions de m² de carreaux. Avec une équipe de plus de 350 collaborateurs, Grand Cérame s’impose aujourd’hui comme un acteur majeur du secteur du carrelage au Maroc, en combinant innovation technologique, qualité de fabrication et créativité dans le design. En intégrant le savoir-faire pluri-sectoriel du Groupe El Eulj, présent dans l’agroalimentaire, la logistique, l’immobilier, l’éducation et les matériaux de construction, Grand Cérame bénéficie d’un ancrage solide et d’une expertise reconnue, renforçant son positionnement comme un partenaire de confiance pour accompagner les grands projets de construction et d’aménagement au Maroc. Poste : Rattaché(e) au Responsable Administratif et Financier, vous êtes garant de la fiabilité des comptes et du respect des obligations légales, fiscales et sociales. Missions principales : Préparer les arrêtés comptables périodiques et les états de gestion. Superviser et contrôler les t","Excel","Bac+5","Confirmé","Non spécifié","Non spécifié","2026-04-29","Rekrute | https://www.rekrute.com/offre-emploi-chef-comptable-hf---grand-cerame-recrutement-grand-cerame-berrechid-181842.html"
"Responsable Administratif & Financier -RAF- (H/F) | Berrechid (Maroc)","Grand Cerame","Maroc","Comptable","Offre d'emploi Responsable Administratif & Financier -RAF- (H/F) - Berrechid - Grand Cerame Responsable Administratif & Financier -RAF- (H/F) - Berrechid Gestion / Comptabilité / Finance - Travaux / Chantiers / BTP - Secteur BTP / Génie Civil - Autres Industries Confirmé (5 à 10 ans) - Expert (10 à 20 ans) 1 poste(s) sur Casablanca et région - Maroc Bac +5 et plus Minimum Respect des règles Rationalisme Conventionnel Besoin d'objectivité Besoin de réflexion Implication au travail Organisation CDI Télétravail : Non Poste avec Management Publiée il y a 13 jours sur ReKrute.com - Postulez avant le 16/06/2026 J'aime Suivre Entreprise : Grand Cérame – Filiale du Groupe El Eulj Filiale du Groupe El Eulj, acteur industriel marocain de référence depuis 1958, Grand Cérame est spécialisée dans la fabrication et la commercialisation de carrelage céramique pour le bâtiment et la décoration intérieure. Créée en 2017, l’entreprise s’appuie sur un site industriel moderne de 6 hectares, doté de lignes de production de dernière génération, lui permettant d’atteindre une capacité annuelle de plus de 5 millions de m² de carreaux. Avec une équipe de plus de 350 collaborateurs, Grand Cérame s’impose aujourd’hui comme un acteur majeur du secteur du carrelage au Maroc, en combinant innovation technologique, qualité de fabrication et créativité dans le design. En intégrant le savoir-faire pluri-sectoriel du Groupe El Eulj, présent dans l’agroalimentaire, la logistique, l’immobilier, l’éducation et les matériaux de construction, Grand Cérame bénéficie d’un ancrage solide et d’une expertise reconnue, renforçant son positionnement comme un partenaire de confiance pour accompagner les grands projets de construction et d’aménagement au Maroc. Poste : Rattaché(e) à la Direction Générale, vous êtes responsable de la supervision et du pilotage de l’ensemble des activités administratives et financières de l’entreprise. Missions principales (standard RAF en industrie) : Superviser la comptabilité gé","Non spécifié","Bac+5","Confirmé","Non spécifié","Non spécifié","2026-04-29","Rekrute | https://www.rekrute.com/offre-emploi-responsable-administratif-financier--raf--hf-recrutement-grand-cerame-berrechid-181839.html"
"Assistante Juridique | Casablanca (Maroc)","Moore Casablanca","Maroc","Comptable","Offre d'emploi Assistante Juridique - Casablanca - Moore Casablanca Assistante Juridique - Casablanca Avocat / Juriste / Fiscaliste - Secteur Juridique / Cabinet d’avocats Débutant (-1 an) - Junior (1 à 3 ans) 1 poste(s) sur Tout le Maroc - Maroc Bac +3 Minimum - Licence - Master Distance émotionnelle Rationalisme Besoin de réflexion Organisation CDI Télétravail : Non Publiée il y a 14 jours sur ReKrute.com - Postulez avant le 04/05/2026 J'aime Suivre Entreprise : Nous sommes un cabinet d'audit, d’expertise comptable et de conseil , inscrit au tableau de l’Ordre des Experts Comptables du Maroc et membre du réseau Moore Stephens International. Notre activité s'articule principalement autour du contrôle légal des sociétés, des missions d'audit contractuel, de supervision comptable, de conseil juridique et fiscal. Nous intervenons également sur des missions à forte valeur ajoutée telles que l 'audit d'acquisition, le conseil financier et le conseil en organisation. Poste : Sous la supervision du responsable juridique, l’Assistante Juridique aura pour missions : Le suivi administratif des dossiers juridiques La préparation et la gestion des dossiers liés aux formalités légales Le dépôt et le suivi des dossiers auprès des administrations et organismes compétents Le classement, l’archivage et l’organisation des documents La mise à jour des bases de données et registres internes L’assistance administrative générale au département juridique Profil recherché : • Formation Bac +3 ou Bac +5 (Droit, Économie, Gestion ou équivalent) • Expérience préalable en cabinet (avocats / expertise comptable / fiduciaire) • Niveau de français correct à bon (oral et écrit) • Bonne aisance avec l’outil informatique • Maîtrise des outils bureautiques (Word, Excel, messagerie électronique) • Sens de l’organisation, rigueur et capacité à suivre des procédures Adresse de notre siège : Origin Office Oasis 78 bis Rue des Papillons Extension Casablanca Traits de personnalité souhaités : Distance émo","Tableau, Excel","Bac+5","Débutant","Français","Non spécifié","2026-04-29","Rekrute | https://www.rekrute.com/offre-emploi-assistante-juridique-recrutement-moore-casablanca-casablanca-180466.html"
"Conseiller Clientèle (H/F) | Guercif (Maroc)","Attijariwafa bank","Maroc","Commercial","Offre d'emploi Conseiller Clientèle (H/F) - Guercif - Attijariwafa bank J'aime Suivre Conseiller Clientèle (H/F) - Guercif Banque (métiers de la) - Secteur Banque / Finance Débutant (-1 an) 1 poste(s) sur Oujda et région - Maroc Bac +5 et plus Minimum - Master Volonté de persuasion Conventionnel Flexibilité Implication au travail CDI Télétravail : Non Publiée aujourd'hui sur ReKrute.com - Postulez avant le 21/06/2026 Behind The Brand Découvrez le quotidien des équipes et les bureaux ! Visiter l'entreprise Entreprise : Avec son modèle de banque universelle, sa dimension panafricaine, la complémentarité de ses métiers et ses expertises solides, le Groupe Attijariwafa bank est un acteur de référence du secteur financier au Maroc et en Afrique. Attijariwafa bank a su, depuis plus d’un siècle, se réinventer en diversifiant ses métiers, en renouvelant ses offres et en adaptant ses organisations, pour répondre à son ambition de devenir la banque relationnelle de référence. Le Groupe Attijariwafa bank accompagne aujourd’hui près de 10,2 millions de clients particuliers, professionnels, entreprises et institutionnels et mobilise 20 602 collaborateurs dans 25 pays en Afrique, en Europe et au Moyen-Orient. NOUVEAUTÉ : Découvrez notre 2ème colloque «Talents africains groupe attijariwafa bank» en cliquant ici Premier financeur de l’économie nationale, premier collecteur de l’épargne et premier acteur des paiements électroniques au Maroc, les différentes performances du Groupe Attijariwafa bank le confortent dans ses choix stratégiques et le positionnent comme leader incontesté du secteur bancaire et financier national. Le Groupe est un acteur bancaire et financier de premier plan à l'échelle de la région et dispose du réseau d'agences le plus large en Afrique avec plus 5265 Agences bancaires. Culture de l'entreprise : Attijariwafa bank développe une culture majoritairement orientée coopération , plaçant l’humain, la confiance et l’esprit d’équipe au cœur de son fonctionnement. L","Vente","Bac+5","Débutant","Non spécifié","Non spécifié","2026-04-29","Rekrute | https://www.rekrute.com/offre-emploi-conseiller-clientele-hf-recrutement-attijariwafa-bank-guercif-182044.html"
"Conseiller Clientèle (H/F) | Bouarfa (Maroc)","Attijariwafa bank","Maroc","Commercial","Offre d'emploi Conseiller Clientèle (H/F) - Bouarfa - Attijariwafa bank J'aime Suivre Conseiller Clientèle (H/F) - Bouarfa Banque (métiers de la) - Secteur Banque / Finance Débutant (-1 an) 1 poste(s) sur Oujda et région - Maroc Bac +5 et plus Minimum - Master Volonté de persuasion Conventionnel Flexibilité Implication au travail CDI Télétravail : Non Publiée aujourd'hui sur ReKrute.com - Postulez avant le 21/06/2026 Behind The Brand Découvrez le quotidien des équipes et les bureaux ! Visiter l'entreprise Entreprise : Avec son modèle de banque universelle, sa dimension panafricaine, la complémentarité de ses métiers et ses expertises solides, le Groupe Attijariwafa bank est un acteur de référence du secteur financier au Maroc et en Afrique. Attijariwafa bank a su, depuis plus d’un siècle, se réinventer en diversifiant ses métiers, en renouvelant ses offres et en adaptant ses organisations, pour répondre à son ambition de devenir la banque relationnelle de référence. Le Groupe Attijariwafa bank accompagne aujourd’hui près de 10,2 millions de clients particuliers, professionnels, entreprises et institutionnels et mobilise 20 602 collaborateurs dans 25 pays en Afrique, en Europe et au Moyen-Orient. NOUVEAUTÉ : Découvrez notre 2ème colloque «Talents africains groupe attijariwafa bank» en cliquant ici Premier financeur de l’économie nationale, premier collecteur de l’épargne et premier acteur des paiements électroniques au Maroc, les différentes performances du Groupe Attijariwafa bank le confortent dans ses choix stratégiques et le positionnent comme leader incontesté du secteur bancaire et financier national. Le Groupe est un acteur bancaire et financier de premier plan à l'échelle de la région et dispose du réseau d'agences le plus large en Afrique avec plus 5265 Agences bancaires. Culture de l'entreprise : Attijariwafa bank développe une culture majoritairement orientée coopération , plaçant l’humain, la confiance et l’esprit d’équipe au cœur de son fonctionnement. L","Vente","Bac+5","Débutant","Non spécifié","Non spécifié","2026-04-29","Rekrute | https://www.rekrute.com/offre-emploi-conseiller-clientele-hf-recrutement-attijariwafa-bank-bouarfa-182045.html"
"Conseiller Clientèle Nador (H/F) | Nador (Maroc)","Attijariwafa bank","Maroc","Commercial","Offre d'emploi Conseiller Clientèle Nador (H/F) - Nador - Attijariwafa bank J'aime Suivre Conseiller Clientèle Nador (H/F) - Nador Banque (métiers de la) - Secteur Banque / Finance Débutant (-1 an) 1 poste(s) sur Oujda et région - Maroc Bac +5 et plus Minimum - Master Volonté de persuasion Conventionnel Flexibilité Implication au travail CDI Télétravail : Non Publiée aujourd'hui sur ReKrute.com - Postulez avant le 21/06/2026 Behind The Brand Découvrez le quotidien des équipes et les bureaux ! Visiter l'entreprise Entreprise : Avec son modèle de banque universelle, sa dimension panafricaine, la complémentarité de ses métiers et ses expertises solides, le Groupe Attijariwafa bank est un acteur de référence du secteur financier au Maroc et en Afrique. Attijariwafa bank a su, depuis plus d’un siècle, se réinventer en diversifiant ses métiers, en renouvelant ses offres et en adaptant ses organisations, pour répondre à son ambition de devenir la banque relationnelle de référence. Le Groupe Attijariwafa bank accompagne aujourd’hui près de 10,2 millions de clients particuliers, professionnels, entreprises et institutionnels et mobilise 20 602 collaborateurs dans 25 pays en Afrique, en Europe et au Moyen-Orient. NOUVEAUTÉ : Découvrez notre 2ème colloque «Talents africains groupe attijariwafa bank» en cliquant ici Premier financeur de l’économie nationale, premier collecteur de l’épargne et premier acteur des paiements électroniques au Maroc, les différentes performances du Groupe Attijariwafa bank le confortent dans ses choix stratégiques et le positionnent comme leader incontesté du secteur bancaire et financier national. Le Groupe est un acteur bancaire et financier de premier plan à l'échelle de la région et dispose du réseau d'agences le plus large en Afrique avec plus 5265 Agences bancaires. Culture de l'entreprise : Attijariwafa bank développe une culture majoritairement orientée coopération , plaçant l’humain, la confiance et l’esprit d’équipe au cœur de son fonctionn","Vente","Bac+5","Débutant","Non spécifié","Non spécifié","2026-04-29","Rekrute | https://www.rekrute.com/offre-emploi-conseiller-clientele-nador-hf-recrutement-attijariwafa-bank-nador-182049.html"
"Conseiller Clientèle Krona / Midar / Kassita (H/F) | Nador (Maroc)","Attijariwafa bank","Maroc","Commercial","Offre d'emploi Conseiller Clientèle Krona / Midar / Kassita (H/F) - Nador - Attijariwafa bank J'aime Suivre Conseiller Clientèle Krona / Midar / Kassita (H/F) - Nador Banque (métiers de la) - Secteur Banque / Finance Débutant (-1 an) 1 poste(s) sur Oujda et région - Maroc Bac +5 et plus Minimum - Master Volonté de persuasion Conventionnel Flexibilité Implication au travail CDI Télétravail : Non Publiée aujourd'hui sur ReKrute.com - Postulez avant le 22/06/2026 Behind The Brand Découvrez le quotidien des équipes et les bureaux ! Visiter l'entreprise Entreprise : Avec son modèle de banque universelle, sa dimension panafricaine, la complémentarité de ses métiers et ses expertises solides, le Groupe Attijariwafa bank est un acteur de référence du secteur financier au Maroc et en Afrique. Attijariwafa bank a su, depuis plus d’un siècle, se réinventer en diversifiant ses métiers, en renouvelant ses offres et en adaptant ses organisations, pour répondre à son ambition de devenir la banque relationnelle de référence. Le Groupe Attijariwafa bank accompagne aujourd’hui près de 10,2 millions de clients particuliers, professionnels, entreprises et institutionnels et mobilise 20 602 collaborateurs dans 25 pays en Afrique, en Europe et au Moyen-Orient. NOUVEAUTÉ : Découvrez notre 2ème colloque «Talents africains groupe attijariwafa bank» en cliquant ici Premier financeur de l’économie nationale, premier collecteur de l’épargne et premier acteur des paiements électroniques au Maroc, les différentes performances du Groupe Attijariwafa bank le confortent dans ses choix stratégiques et le positionnent comme leader incontesté du secteur bancaire et financier national. Le Groupe est un acteur bancaire et financier de premier plan à l'échelle de la région et dispose du réseau d'agences le plus large en Afrique avec plus 5265 Agences bancaires. Culture de l'entreprise : Attijariwafa bank développe une culture majoritairement orientée coopération , plaçant l’humain, la confiance et l’espr","Vente","Bac+5","Débutant","Non spécifié","Non spécifié","2026-04-29","Rekrute | https://www.rekrute.com/offre-emploi-conseiller-clientele-krona-midar-kassita-hf-recrutement-attijariwafa-bank-nador-182070.html"
"Responsable d'Affaires Industrie Sénior (H/F) | Casablanca (Maroc)","VINCI Energies Afrique de l'Ouest","Maroc","Commercial","Offre d'emploi Responsable d'Affaires Industrie Sénior (H/F) - Casablanca - VINCI Energies Afrique de l'Ouest Responsable d'Affaires Industrie Sénior (H/F) - Casablanca Electricité - Gestion projet / Etudes / R&D - Secteur Electro-mécanique / Mécanique - Electricité Intermédiaire (3 à 5 ans) - Confirmé (5 à 10 ans) 2 poste(s) sur Tout le Maroc - Maroc Bac +5 et plus Minimum - Ecole d'ingénieur Recherche de nouveauté Ambition Organisation CDI Télétravail : Non Poste avec Management Publiée aujourd'hui sur ReKrute.com - Postulez avant le 16/05/2026 J'aime Suivre Entreprise : À Propos de VINCI Energies Afrique de l'Ouest VINCI Energies Afrique de l'Ouest (VEAO) est un pôle de VINCI Energie, entité du Groupe VINCI, regroupant plus de 3000 collaborateurs répartis à travers 5 pays de la région (Bénin, Côte d'Ivoire, Guinée, Sénégal, Maroc et Mauritanie) et représenté par 6 marques : Omexom, Actemium, Axians, Citeos, Cegelec, VINCI Energies Building Solutions et VINCI Facilities. Présent au Maroc à travers la marque Cegelec depuis 1946 et solidement ancré en Afrique par ses 55 entreprises, VEAO offre aujourd’hui à ses partenaires une large palette d’expertises (conception, réalisation et maintenance) dans l’énergie, l’industrie, le tertiaire et les télécommunications. VINCI Energies au Maroc, contribue activement au développement économique et social du pays en s’appuyant sur les compétences pluridisciplinaires de ses équipes locales et bénéficie du vaste réseau de marques de VINCI Energies pour offrir des solutions innovantes et pérennes à ses clients. Poste : Nous sommes à la recherche d'un(e) Responsable d'Affaires Industrie Sénior pour rejoindre notre équipe dynamique. Le candidat idéal possède au moins 10 ans d'expérience dans les domaines suivants: électronique, électrotechnique ou automatisme, avec une expertise avérée dans la gestion de projets techniques et commerciale. Responsabilités : Gestion complète des projets, de la conception à la mise en service, en veill","Excel, Gestion de projet","Bac+5","10 ans","Non spécifié","Non spécifié","2026-04-29","Rekrute | https://www.rekrute.com/offre-emploi-responsable-daffaires-industrie-senior-hf-recrutement-vinci-energies-afrique-de-louest-casablanca-180849.html"
"Chargé(e) des Relations Entreprises et du Développement de la Formation Continue H/F | Salé (Maroc)","Université Internationale de Rabat (UIR)","Maroc","Commercial","Offre d'emploi Chargé(e) des Relations Entreprises et du Développement de la Formation Continue H/F - Salé - Université Internationale de Rabat (UIR) Chargé(e) des Relations Entreprises et du Développement de la Formation Continue H/F - Salé Communication / Publicité / RP - Gestion projet / Etudes / R&D - Secteur Enseignement / Formation Junior (1 à 3 ans) 1 poste(s) sur Rabat et région - Maroc Bac +3 Minimum - Licence - Master Recherche de nouveauté Extraversion Rationalisme Flexibilité Besoin d'action Besoin d'autonomie Ambition CDI Télétravail : Non Publiée aujourd'hui sur ReKrute.com - Postulez avant le 05/05/2026 J'aime Suivre Entreprise : Née de la volonté de répondre aux enjeux économiques, politiques et sociaux du Maroc et de l'Afrique, l'Université Internationale de Rabat (UIR) est la première une université publique à gestion privée sous contrat avec l'État Marocain. Fondée en 2010, elle est devenue dès ses premières années d'existence un modèle d'établissement innovant conforme aux meilleurs standards internationaux dans le domaine de l'Enseignement Supérieur et de la Recherche. Comptant plus de 8500 étudiants et participants en formation continue, l'UIR propose une offre de formation pluridisciplinaire qui couvre les domaines de l'Ingénierie, de l'Architecture, des Sciences de la Santé, des Sciences Humaines et Sociales, du Management …. En matière de formation continue, l'UIR accompagne les institutions publiques et privées dans le renforcement des capacités de leurs équipes avec des programmes diversifiés d'Executive masters, des licences, des certificats qui couvrent les stratégies sectorielles impulsées par le Maroc. La recherche et l'innovation, constituent également un axe majeur de la stratégie de l'Université qui s'exprime à la fois autour des publications académiques, de la recherche appliquée et d'une politique active de R&D avec près de 540 brevets déposés dont 100 a? l'international, ce qui la classe en tant que 1e?re université au Maroc et e","Excel","Bac+5","2 ans","Non spécifié","Non spécifié","2026-04-29","Rekrute | https://www.rekrute.com/offre-emploi-chargee-des-relations-entreprises-et-du-developpement-de-la-formation-continue-hf-recrutement-universite-internationale-de-rabat-uir-sale-180487.html"
"Coordinateur(trice) Commerciale | Bouskoura (Maroc)","Foods and Goods","Maroc","Commercial","Offre d'emploi Coordinateur(trice) Commerciale - Bouskoura - Foods and Goods Coordinateur(trice) Commerciale - Bouskoura Commercial / Vente / Export - Distribution (métiers de la) - Secteur Agroalimentaire - Distribution Junior (1 à 3 ans) 1 poste(s) sur Casablanca et région - Maroc Bac +3 Minimum - Ecole de commerce Respect des règles Volonté de persuasion Travail en équipe Intuition / Spontanéité Implication au travail Humilité Organisation CDI Télétravail : Non Publiée aujourd'hui sur ReKrute.com - Postulez avant le 29/06/2026 J'aime Suivre Entreprise : Depuis 30 ans, Foods & Goods est un des leader national dans l’importation, la distribution et la construction de marques de produits alimentaires et boissons (alcoolisées et non alcoolisées). Présent sur toutes les catégories de produits, Foods & Goods veut mettre en avant, à tous les niveaux l’excellence de ses marques, de ses équipes et de son savoir-faire. Ses collaborateurs et son management s’engagent sur les valeurs suivantes : culture du résultat , exigence , professionnalisme , intégrité , passion et esprit d’équipe. Découvrez le témoignage d' Emeline Charbouni , HR Manager chez Foods & Goods dans le magazine Challenge Maroc en cliquant ici : https://bit.ly/4t39J9a Culture de l'entreprise : Foods and Goods se distingue par une culture fortement orientée vers la compétition et la performance , où l’ambition, le goût du challenge et l’atteinte d’objectifs chiffrés structurent le quotidien. Cette dynamique est complétée par une dimension de coopération , favorisant la proximité managériale, l’entraide et la responsabilisation des équipes. Les registres d’ organisation et d’ innovation , plus mesurés, apportent un cadre structurant et une ouverture ponctuelle aux nouvelles idées. L’environnement convient à des profils engagés, orientés résultats et capables d’évoluer dans un contexte exigeant. Poste : Au sein de l’équipe Commerciale, vous serez en charge de : Volet Commercial : Conseiller nos clients, et prop","Excel, Vente","Bac+4","Junior","Français","Non spécifié","2026-04-29","Rekrute | https://www.rekrute.com/offre-emploi-coordinateurtrice-commerciale-recrutement-foods-and-goods-bouskoura-182308.html"
"Responsable de Canal (KAM) - Grande Distribution | Tout le Maroc (Maroc)","Foods and Goods","Maroc","Commercial","Offre d'emploi Responsable de Canal (KAM) - Grande Distribution - Tout le Maroc - Foods and Goods Responsable de Canal (KAM) - Grande Distribution - Tout le Maroc Distribution (métiers de la) - Commercial / Vente / Export - Secteur Agroalimentaire - Distribution Intermédiaire (3 à 5 ans) 1 poste(s) sur Casablanca et région - Maroc Bac +4 Minimum Respect des règles Volonté de persuasion Distance émotionnelle Besoin d'action Travail en équipe Ambition Implication au travail Organisation CDI Télétravail : Non Poste avec Management Publiée aujourd'hui sur ReKrute.com - Postulez avant le 29/06/2026 J'aime Suivre Entreprise : Depuis 30 ans, Foods & Goods est un des leader national dans l’importation, la distribution et la construction de marques de produits alimentaires et boissons (alcoolisées et non alcoolisées). Présent sur toutes les catégories de produits, Foods & Goods veut mettre en avant, à tous les niveaux l’excellence de ses marques, de ses équipes et de son savoir-faire. Ses collaborateurs et son management s’engagent sur les valeurs suivantes : culture du résultat , exigence , professionnalisme , intégrité , passion et esprit d’équipe. Découvrez le témoignage d' Emeline Charbouni , HR Manager chez Foods & Goods dans le magazine Challenge Maroc en cliquant ici : https://bit.ly/4t39J9a Culture de l'entreprise : Foods and Goods se distingue par une culture fortement orientée vers la compétition et la performance , où l’ambition, le goût du challenge et l’atteinte d’objectifs chiffrés structurent le quotidien. Cette dynamique est complétée par une dimension de coopération , favorisant la proximité managériale, l’entraide et la responsabilisation des équipes. Les registres d’ organisation et d’ innovation , plus mesurés, apportent un cadre structurant et une ouverture ponctuelle aux nouvelles idées. L’environnement convient à des profils engagés, orientés résultats et capables d’évoluer dans un contexte exigeant. Poste : Directement rattaché(e) à la Direction Génér","Excel, Vente, Négociation","Bac+4","Expert","Français (Courant), Anglais (Courant), Arabe (Courant)","Non spécifié","2026-04-29","Rekrute | https://www.rekrute.com/offre-emploi-responsable-de-canal-kam---grande-distribution-recrutement-foods-and-goods-tout-le-maroc-182307.html"
"Manager Grands Comptes - Flottes | Casablanca (Maroc)","M-automotiv","Maroc","Commercial","Offre d'emploi Manager Grands Comptes - Flottes - Casablanca - M-automotiv J'aime Suivre Manager Grands Comptes - Flottes - Casablanca Commercial / Vente / Export - Secteur Automobile / Motos / Cycles Confirmé (5 à 10 ans) 3 poste(s) sur Casablanca et région - Maroc Bac +3 Minimum - Licence Recherche de nouveauté Extraversion Volonté de persuasion Intuition / Spontanéité Ambition CDI Télétravail : Non Publiée aujourd'hui sur ReKrute.com - Postulez avant le 29/06/2026 Behind The Brand Découvrez le quotidien des équipes et les bureaux ! Visiter l'entreprise Entreprise : Fort d’un réseau de distribution moderne de 7 succursales et 7 agents à travers le Maroc, M-AUTOMOTIV se donne les moyens d'offrir une large gamme de solutions accessibles & innovantes à ses clients, là où ils se trouvent, aux meilleurs standards de qualité. Site Web : M-automotiv Culture de l'entreprise : M-automotiv s’appuie sur une culture dominée par la coopération , où la confiance, la solidarité et le bien-être des collaborateurs structurent le quotidien. L’entreprise valorise un management de proximité, fondé sur l’accompagnement, la responsabilisation et la qualité des relations humaines. Cette dynamique collective est renforcée par une orientation compétitive affirmée , orientée vers la performance et l’atteinte d’objectifs mesurables. Les dimensions innovation et organisation , plus modérées, soutiennent l’agilité des équipes tout en assurant un cadre de travail structuré et efficace. Poste : Prospection, négociation, fidélisation et ventes de véhicules aux loueurs et sociétés Facturation, suivi administratif et gestion des commandes clients Profil recherché : Profil Bac+3/5 en commerce, doté d'une éxperience de 8 ans en tant que conseiller commercial Connaissances automobiles approfondies Autonome, Bon relationnel, capacité de s'adapter à un rythme soutenu Maitrise de l'Arabe et du Français Adresse de notre siège : 44,44, Avenue Khalid Ibnou Al oualid – Ain Sebaâ 2628 Casablanca Traits de pe","Vente, Négociation","Bac+3","Confirmé","Français, Arabe","Non spécifié","2026-04-29","Rekrute | https://www.rekrute.com/offre-emploi-manager-grands-comptes---flottes-recrutement-m-automotiv-casablanca-182306.html"
"Lead Analyst for OTC team France Market | Rabat (Maroc)","HCLTech","Maroc","Commercial","Offre d'emploi Lead Analyst for OTC team France Market - Rabat - HCLTech Lead Analyst for OTC team France Market - Rabat Centre d'appels (métiers de) - Administration des ventes / SAV - Secteur Centre d'appels - Autres services Intermédiaire (3 à 5 ans) 1 poste(s) sur Rabat et région - Maroc Bac +3 Minimum - Licence Flexibilité Travail en équipe Implication au travail CDI Télétravail : Non Poste avec Management Publiée aujourd'hui sur ReKrute.com - Postulez avant le 28/06/2026 J'aime Suivre Entreprise : HCLTech is a global technology company, home to more than 223 000 people across 60 countries , delivering industry-leading capabilities centered around digital, engineering, cloud and AI, powered by a broad portfolio of technology services and products. We work with clients across all major verticals, providing industry solutions for Financial Services, Manufacturing, Life Sciences and Healthcare, Technology and Services, Telecom and Media, Retail and CPG, and Public Services. Consolidated revenues as of 12 months ending March 2025 totaled $13.8B. To learn how we can supercharge progress for you, visit hcltech.com. We have been recognized as a Global Top Employer by the Top Employers Institute for the second time in a row for outstanding HR policies and best practices worldwide. We have also been certified as a Top Employer in 26 countries across three regions, Asia Pacific, Europe & Africa and North America. These accolades re-affirm our commitment to our people by helping them maximize their potential and building an inclusive and progressive workplace that help our employees find their spark. To learn how we can supercharge progress for you, visit hcltech.com/careers. HCLTech 's Global Delivery center in Morocco was launched in 2022, currently developing our tech presence in Sala Al Jadida (Technopolis Rabat Shore). HCLTech received ""Feel Good"" 2024 label at the 2024 Employer Brand ceremony for having a transparent communication around their corporate culture. Cul","Git, Excel, Vente","Bac+3","Senior","Français, Anglais","Non spécifié","2026-04-29","Rekrute | https://www.rekrute.com/offre-emploi-lead-analyst-for-otc-team-france-market-recrutement-hcltech-rabat-182299.html"
"Bilingual (fr/en) customer service & upselling representatives - order tracking | Rabat (Maroc)","Cnexia","Maroc","Commercial","Offre d'emploi Bilingual (fr/en) customer service & upselling representatives - order tracking - Rabat - Cnexia Bilingual (fr/en) customer service & upselling representatives - order tracking - Rabat Centre d'appels (métiers de) - Secteur Centre d'appels Débutant (-1 an) 1 poste(s) sur Rabat et région - Maroc Bac Minimum Respect des règles Volonté de persuasion Distance émotionnelle Implication au travail Ténacité Besoin d'action Organisation Travail en équipe CDI Télétravail : Non Publiée aujourd'hui sur ReKrute.com - Postulez avant le 22/06/2026 J'aime Suivre Entreprise : Rejoignez Cnexia et faites le choix de faire partie d’un projet qui valorise l’innovation, promeut le développement continu des compétences et donne l’opportunité aux personnes créatives et ambitieuses du domaine des hautes technologies et de la relation client de réaliser leurs objectifs professionnels. Fiers de notre statut de filiale Marocaine exclusive de l’opérateur télécom historique du Canada , nous n’avons cessé d’élargir nos équipes depuis 2021 avec près de 4000 employés principalement basés à Fès et Rabat . Nous venons d’étendre nos activités dans la partie sud du royaume en inaugurant un nouveau site à Casablanca afin d’y poursuivre notre croissance avec comme objectif de devenir la plus grande compagnie de services au Maroc qui dessert le marché Canadien. Outre notre cadence de croissance qui est une des plus fortes et des plus ambitieuses au Maroc, nous sommes conscients que cela n’aurait pu être possible sans l’engagement quotidien et le talent de nos collaborateurs. Pour cela, nous accordons une grande importance à l’équité, le bien être au travail et le développement de carrière de nos employés. Ainsi nous avons été certifiés Best place to work. Nous comptons actuellement une soixantaine de nos employés qui bénéficient de nos différents programmes de parcours qualifiants, 80% de notre staff managérial émane de l’interne et selon le dernier sondage interne de satisfaction, 86% de n","Excel","Bac","Débutant","Français, Anglais","Non spécifié","2026-04-29","Rekrute | https://www.rekrute.com/offre-emploi-bilingual-fren-customer-service-upselling-representatives---order-tracking-recrutement-cnexia-rabat-182056.html"
"Candidature Spontanée | Casablanca (Maroc)","Weclose","Maroc","Commercial","Offre d'emploi Candidature Spontanée - Casablanca - Weclose Candidature Spontanée - Casablanca Commercial / Vente / Export - Secteur Indifférent Confirmé (5 à 10 ans) 20 poste(s) sur Casablanca et région - Maroc Bac +5 et plus Minimum - Université - Autre Extraversion Ténacité Implication au travail CDI Télétravail : Non Publiée il y a 2 jours sur ReKrute.com - Postulez avant le 12/04/2027 J'aime Suivre Entreprise : Nous sommes un groupe multinational numéro 1 sur le marché francophone du closing commercial haut niveau . Nous ouvrons notre filiale Weclose à Casablanca et recherchons nos talents de demain. Notre mission est simple : convertir des Leads (prospects chauds) en clients engagés , avec précision, impact et efficacité. Pas de prospection. Pas de perte de temps. Que du closing pur. Nous réunissons une équipe de performers , passionnés par la psychologie de la vente, l’écoute stratégique et la conclusion parfaite. Notre environnement est rapide, dynamique, exigeant — et nous ouvrons nos portes avec une équipe de closers prêts à performer et à monter en puissance très rapidement. Le tout avec un objectif de croissance énorme, et des volumes de plus de 250 collaborateurs à moyen terme. Si vous voulez rejoindre une structure ambitieuse, apprendre vite, performer fort et évoluer dans un écosystème orienté résultats… Bienvenue dans l’élite du closing. Culture de l'entreprise : Weclose se distingue par une culture fortement orientée vers la performance et la compétition , où l’ambition, le dépassement de soi et l’atteinte de résultats concrets structurent le quotidien. Cette exigence est étroitement équilibrée par une culture collaborative solide , favorisant la cohésion d’équipe, la confiance et l’accompagnement des collaborateurs. L’entreprise s’appuie également sur une organisation structurée , garantissant efficacité et rigueur dans l’exécution. La dimension innovation, plus secondaire, vient soutenir l’adaptation et l’évolution des pratiques. Poste : Weclose, ","Excel, Vente, Négociation","Bac","Confirmé","Non spécifié","Non spécifié","2026-04-29","Rekrute | https://www.rekrute.com/offre-emploi-candidature-spontanee-recrutement-weclose-casablanca-181525.html"
"Conseiller Commercial Francophone – Formation & Évolution | Casablanca (Maroc)","Weclose","Maroc","Commercial","Offre d'emploi Conseiller Commercial Francophone – Formation & Évolution - Casablanca - Weclose Conseiller Commercial Francophone – Formation & Évolution - Casablanca Commercial / Vente / Export - Enseignement - Secteur Automobile / Motos / Cycles - Indifférent Junior (1 à 3 ans) - Intermédiaire (3 à 5 ans) Casablanca et région - Maroc Bac +2 Minimum - Ecole de commerce Recherche de nouveauté Respect des règles Extraversion Volonté de persuasion Intuition / Spontanéité Besoin de réflexion Ambition Organisation CDI Télétravail : Hybride Publiée il y a 2 jours sur ReKrute.com - Postulez avant le 17/01/2027 J'aime Suivre Entreprise : Nous sommes un groupe international leader sur le marché francophone du closing commercial à forte valeur ajoutée. Notre filiale à Casablanca poursuit aujourd’hui une dynamique de développement ambitieuse et renforce ses équipes avec des talents commerciaux déterminés à performer. Notre mission est claire : accompagner des prospects qualifiés dans leur prise de décision et transformer des opportunités concrètes en engagements solides, grâce à une méthodologie structurée, une écoute stratégique et une communication maîtrisée. Vous intervenez exclusivement sur des leads qualifiés. Aucun démarchage. Vous vous concentrez uniquement sur la phase stratégique de closing. Nous réunissons des profils passionnés par la psychologie de la vente, la compréhension fine des besoins et la conclusion structurée. Notre environnement est dynamique, exigeant et orienté performance. Nous construisons à Casablanca une équipe solide de closers déterminés à progresser rapidement et à évoluer dans une structure en pleine expansion. Notre ambition est claire : développer une organisation d’envergure sur le marché francophone, en réunissant des talents capables de performer durablement. Si vous souhaitez évoluer dans un cadre ambitieux, apprendre vite et évoluer dans un environnement axé sur les résultats mesurables, nous serons ravis d’échanger avec vous. Culture d","Excel, Vente","Bac+4","Junior","Français","Non spécifié","2026-04-29","Rekrute | https://www.rekrute.com/offre-emploi-conseiller-commercial-francophone-formation-evolution-recrutement-weclose-casablanca-180177.html"
"Quality Manager H/F | Casablanca (Maroc)","ALTEN Maroc","Maroc","Commercial","Offre d'emploi Quality Manager H/F - Casablanca - ALTEN Maroc Quality Manager H/F - Casablanca Production / Qualité / Sécurité / Maintenance - Secteur Indifférent Intermédiaire (3 à 5 ans) Casablanca et région - Maroc Bac +5 et plus Minimum - Ecole d'ingénieur - Master Respect des règles Besoin d'objectivité Rationalisme Ténacité Organisation CDI Télétravail : Non Poste avec Management Publiée il y a 2 jours sur ReKrute.com - Postulez avant le 28/06/2026 J'aime Suivre Entreprise : ALTEN MAROC , Filiale du leader mondial de l’ingénierie et du conseil en technologie créé en 2008 et présent à Fès, Rabat, Tétouan et Casablanca, compte aujourd’hui plus de 2200 collaborateurs et vise un centre d’excellence de 3300 ALTENiens en fin 2027 . Elle s’impose aujourd’hui comme un acteur stratégique dans l’accompagnement du développement professionnel des ingénieurs. Notre mission : répondre aux ambitions technologiques de nos clients — grands donneurs d’ordre internationaux — dans les secteurs de l’automobile, du ferroviaire, de la R&D et de l’IT, des télécommunications et des médias. Rejoindre ALTEN Maroc, c’est intégrer un écosystème d’excellence et bénéficier : • D’un parcours de carrière personnalisé et évolutif • D’une politique ambitieuse de développement des compétences • D’un environnement de travail stimulant, collaboratif et porteur de sens Culture de l'entreprise : Alten Maroc se distingue par une culture profondément collaborative , centrée sur l’humain, la confiance et le soutien entre équipes, avec un management de proximité qui accompagne et fait grandir les talents. Cette dynamique est enrichie par une vraie ouverture à l’innovation , où la créativité, l’initiative et l’expérimentation sont encouragées au quotidien. Le fonctionnement s’appuie aussi sur une organisation structurée , garantissant efficacité, rigueur et qualité dans les projets d’ingénierie. Enfin, l’esprit de performance est présent mais équilibré, soutenant une ambition collective sans nuire au cli","Excel","Bac+5","Non spécifié","Non spécifié","Non spécifié","2026-04-29","Rekrute | https://www.rekrute.com/offre-emploi-quality-manager-hf-recrutement-alten-maroc-casablanca-182237.html"
"Conseiller Commercial | Casablanca (Maroc)","Groupe Smeia","Maroc","Commercial","Offre d'emploi Conseiller Commercial - Casablanca - Groupe Smeia Conseiller Commercial - Casablanca Commercial / Vente / Export - Secteur Automobile / Motos / Cycles Junior (1 à 3 ans) 1 poste(s) sur Casablanca et région - Maroc Bac +3 Minimum - Master Recherche de nouveauté Extraversion Volonté de persuasion Ambition Intuition / Spontanéité CDI Télétravail : Non Publiée il y a 2 jours sur ReKrute.com - Postulez avant le 27/06/2026 J'aime Suivre Entreprise : Chez le Groupe Smeia , nous faisons bien plus que distribuer des véhicules d’exception. Nous incarnons une vision. Depuis la création du Groupe Smeia , nous poursuivons une ambition forte : être le partenaire de référence de la mobilité premium au Maroc, en alliant exigence, excellence et proximité. Notre développement repose sur l’expertise de nos équipes, la puissance de marques iconiques, et une relation client construite sur la confiance et la fidélité. En représentant des constructeurs de renommée mondiale tels que BMW , MINI , Land Rover , Jaguar et Mazda nous avons bâti un écosystème unique, où qualité de service, innovation technologique et raffinement automobile se rencontrent. Ancrés localement et ouverts sur les grandes tendances mondiales, nous anticipons les mutations du secteur en intégrant de nouvelles solutions de mobilité, plus durables, plus connectées et toujours plus personnalisées. Rejoindre le Groupe Smeia , c’est faire le choix d’un environnement dynamique, où l’épanouissement et le bien-être des collaborateurs sont au cœur des priorités. Le Groupe Smeia , c’est l’élégance comme signature, l’exigence comme moteur. Culture de l'entreprise : Groupe Smeia s’inscrit dans une culture équilibrée , où l’innovation constitue le socle central du fonctionnement, portée par la créativité, l’expérimentation et l’encouragement des initiatives. Cette dynamique s’accompagne d’une forte dimension collaborative, valorisant la confiance, la responsabilisation et la qualité des relations humaines. L’entrepri","Excel, Vente","Bac+5","Junior","Non spécifié","Non spécifié","2026-04-29","Rekrute | https://www.rekrute.com/offre-emploi-conseiller-commercial-recrutement-groupe-smeia-casablanca-182218.html"
"Coordiateur(trice) RH - Talent Acquisition Delivery | Casablanca (Maroc)","PwC","Maroc","RH","Offre d'emploi Coordiateur(trice) RH - Talent Acquisition Delivery - Casablanca - PwC Coordiateur(trice) RH - Talent Acquisition Delivery - Casablanca RH / Personnel / Formation - Secteur Autres services Intermédiaire (3 à 5 ans) 1 poste(s) sur Casablanca et région - Maroc Bac +5 et plus - Ecole de commerce - Université Recherche de nouveauté Extraversion Besoin d'objectivité Besoin d'autonomie Implication au travail CDI Télétravail : Hybride Publiée aujourd'hui sur ReKrute.com - Postulez avant le 29/06/2026 J'aime Suivre Entreprise : Pourquoi nous rejoindre ? Des missions ambitieuses, une organisation flexible, un environnement de travail unique et des opportunités de développement illimitées ! Rejoindre PWC, c’est dire oui à des missions à forte valeur ajoutée, complexes et intégrant les enjeux ESG. C’est accéder à des opportunités de développement illimités, à un programme mondial de formations, certifications et mises en situation pour construire votre futur. Nous rejoindre, c’est aussi dire oui à un environnement conciliant, bienveillant et exigeant, propice à la confiance, à la diversité et au respect des individualités #BeWellWorkWell Installé à Casanearshore, l’Acceleration Center Maroc compte plus de 200 collaborateurs et disposant d’une solide connaissance des spécificités des différents clients d’audit en France (secteur d’activité, environnement réglementaire, référentiel comptable…)travaux. Culture de l'entreprise : PwC se caractérise par une culture fortement structurée et orientée organisation , où la rigueur des processus, la fiabilité et l’exigence de qualité constituent des piliers de la performance. Cette approche est étroitement complétée par une dimension collaborative de même intensité , favorisant la confiance, l’engagement collectif et un management de proximité axé sur l’accompagnement des talents. La recherche de résultats mesurables et la réputation du cabinet introduisent une logique de compétition maîtrisée , tandis que l’innovation, bie","Excel","Bac","Confirmé","Non spécifié","Non spécifié","2026-04-29","Rekrute | https://www.rekrute.com/offre-emploi-coordiateurtrice-rh---talent-acquisition-delivery-recrutement-pwc-casablanca-182321.html"
"Conseiller En Ressources Humaines (H/F) | Rabat (Maroc)","AXA Services Maroc","Maroc","RH","Offre d'emploi Conseiller En Ressources Humaines (H/F) - Rabat - AXA Services Maroc Conseiller En Ressources Humaines (H/F) - Rabat RH / Personnel / Formation - Secteur Centre d'appels - Intermédiaire (3 à 5 ans) 1 poste(s) sur Rabat et région - Maroc Bac +4 Minimum - Master Recherche de nouveauté Extraversion Besoin d'objectivité Besoin d'autonomie Implication au travail CDI Télétravail : Hybride Publiée aujourd'hui sur ReKrute.com - Postulez avant le 29/06/2026 J'aime Suivre Entreprise : AXA Services Maroc est le centre d'expertise en relation client au Maroc des sociétés : AXA France, AXA Direct France, AXA Assistance, AXA Belgique et AXA Suisse Présents à Rabat depuis mai 2004 et à Kénitra depuis 2024, nous sommes à ce jour plus de 4 500 collaborateurs. Nous rejoindre : C'est choisir la première marque d'assurance mondiale C'est bénéficier d'une multitude d'avantages bien au-delà des normes du marché C'est évoluer dans un environnement valorisant proposant une diversité de métiers C'est intégrer un groupe responsable, offrant une véritable culture d'entreprise, basée sur le développement des compétences de chacun Nos métiers : Le savoir-faire de nos équipes couvre les principaux métiers de l'assurance : La vente de contrats La gestion des contrats assurances de dommages et des personnes La gestion des sinistres Auto et Habitation Le règlement des prestations Santé La mise en jeu des garanties Assistance La prise de rendez-vous pour le compte de nos Agents Généraux La gestion des contrats Epargne Culture de l'entreprise : Axa Services Maroc évolue dans une culture largement orientée coopération , où l’humain, la confiance et la qualité des relations constituent des piliers essentiels. L’entreprise encourage un management de proximité, fondé sur l’accompagnement, la responsabilisation et l’esprit d’équipe. Cette dynamique collaborative est structurée par des pratiques organisationnelles solides, garantissant rigueur, fiabilité et efficacité opérationnelle. Elle es","Tableau, Vente","Bac+5","Expert","Non spécifié","Non spécifié","2026-04-29","Rekrute | https://www.rekrute.com/offre-emploi-conseiller-en-ressources-humaines-hf-recrutement-axa-services-maroc-rabat-182319.html"
"Stagiaire RH (H/F) | Casablanca (Maroc)","Groupe Label'Vie - Carrefour","Maroc","RH","Offre d'emploi Stagiaire RH (H/F) - Casablanca - Groupe Label'Vie - Carrefour Stagiaire RH (H/F) - Casablanca RH / Personnel / Formation - Secteur Recrutement / Intérim - Débutant (-1 an) Casablanca et région - Maroc Bac +5 et plus Minimum - Master Recherche de nouveauté Extraversion Besoin d'objectivité Besoin d'autonomie Implication au travail Stage Télétravail : Non Publiée aujourd'hui sur ReKrute.com - Postulez avant le 28/06/2026 J'aime Suivre Entreprise : Créé en 1986 et côté à la Bourse de Casablanca depuis 2008, le Groupe marocain LabelVie est un acteur économique de référence et leader de la grande distribution au Maroc. En 2009, à travers la signature du contrat de franchise avec le Groupe Carrefour, il accède à sa centrale d’achat pour optimiser et diversifier son sourcing. Il devient ainsi le premier acteur multi-formats de la grande distribution au Maroc par l’exploitation des hypermarchés Carrefour, des supermarchés Carrefour Market et du format hyper cash Atacadao. Le Groupe LabelVie présente chaque année un plan de développement soutenu renforçant ainsi renforce sa présence territoriale avec ses 121 magasins répartis dans 27 villes du royaume et ses 3 plateformes logistiques. En 2020, il a accueilli 50 millions de visiteurs et a réalisé un chiffre d’affaire de 11 milliards de dirhams. Convaincu que son succès passe à travers le succès de tous les collaborateurs, le Groupe LabelVie est l’un des premiers employeurs privés au Maroc, et place l’humain au centre de toutes ses préoccupations. Ce sont ainsi plus de 8 500 collaborateurs, dont 30% de femmes, qui œuvrent chaque jour à faire du Groupe LabelVie, le leader de la grande distribution au Maroc. Rejoignez un groupe ambitieux qui croit au défi, à la création de valeur ajoutée et à l’engagement sociétal ! Poste : La mission du stage est d'aider aux opérations quotidiennes du recrutement : Publication des annonces; Sourcing des candidats et préqualifications téléphoniques; Coordination avec les candidat","Non spécifié","Bac+5","Débutant","Non spécifié","Non spécifié","2026-04-29","Rekrute | https://www.rekrute.com/offre-emploi-stagiaire-rh-hf-recrutement-groupe-labelvie---carrefour-casablanca-182291.html"
"Conseiller Client (F/H) - Service client - Marrakech - Allemand | Marrakech (Maroc)","Concentrix","Maroc","RH","Offre d'emploi Conseiller Client (F/H) - Service client - Marrakech - Allemand - Marrakech - Concentrix Conseiller Client (F/H) - Service client - Marrakech - Allemand - Marrakech Centre d'appels (métiers de) - Secteur Centre d'appels Débutant (-1 an) 10 poste(s) sur Marrakech et région - Maroc Bac Minimum - Autre Extraversion Distance émotionnelle Conventionnel Flexibilité Autre Télétravail : Non Publiée aujourd'hui sur ReKrute.com - Postulez avant le 28/06/2026 J'aime Suivre Entreprise : Nous sommes un leader mondial en matière de technologie et de services qui propulse les marques du futur. Nous aidons des marques connues – celles que vous utilisez quotidiennement – à améliorer leurs activités grâce à la technologie et à des solutions intégrées, dans plus de 70 pays. Dans tout ce que nous faisons, nous croyons qu'il faut agir correctement par et pour les gens : nos acteurs qui changent la donne, nos clients et leurs clients, notre communauté, notre planète. Découvrez la puissance de Concentrix. Découvrez le témoignage de Fairouz Oulad, People Solutions Director et Kenza HIHI , Marketing and communication Director chez Concentrix dans le magazine Challenge Maroc en cliquant ici : https://bit.ly/4cRsGFR Culture de l'entreprise : Concentrix évolue dans une culture fortement orientée vers la performance et la compétition , où l’ambition, le goût du challenge et l’orientation client constituent des leviers essentiels de réussite. Cette dynamique est soutenue par une dimension de coopération , favorisant la confiance, la responsabilisation et un management de proximité attentif à l’accompagnement des équipes. Elle repose également sur une culture d’ organisation structurée, garantissant rigueur des processus, fiabilité et efficacité opérationnelle. Enfin, une composante d’ innovation , plus mesurée, encourage l’adaptabilité et l’amélioration continue des pratiques et des services. Poste : chließen Sie sich einem Team an, das jeden Anruf in eine Chance verwandelt! Wer s","Git","Bac","Débutant","Allemand","Non spécifié","2026-04-29","Rekrute | https://www.rekrute.com/offre-emploi-conseiller-client-fh---service-client---marrakech---allemand-recrutement-concentrix-marrakech-182264.html"
"HR Business Partner SAV - Développement RH | Casablanca (Maroc)","CAC (Centrale Automobile Chérifienne)","Maroc","RH","Offre d'emploi HR Business Partner SAV - Développement RH - Casablanca - CAC (Centrale Automobile Chérifienne) HR Business Partner SAV - Développement RH - Casablanca RH / Personnel / Formation - Secteur Automobile / Motos / Cycles - Confirmé (5 à 10 ans) 1 poste(s) sur Casablanca et région - Maroc Bac +5 et plus Minimum - Master Respect des règles Extraversion Volonté de persuasion Distance émotionnelle Rationalisme Ténacité Travail en équipe Implication au travail CDI Télétravail : Non Publiée il y a 2 jours sur ReKrute.com - Postulez avant le 31/05/2026 Behind The Brand Découvrez le quotidien des équipes et les bureaux ! Visiter l'entreprise J'aime Suivre Entreprise : La Centrale Automobile Chérifienne (CAC) est l'importateur exclusif au Maroc des marques Volkswagen, Volkswagen Utilitaires, Audi, Skoda, Porsche, Bentley, Seat et Cupra , ayant chacune développée une réelle identité les rendant uniques sur leur segment de marché. Dotées d'un fort potentiel de développement au Maroc et à l'international, les marques s'appuient sur des services experts et des compétences mutualisés pour augmenter leur performance et accompagner leur croissance. La politique Ressources Humaines de la CAC se décline autour de 4 grands axes à l’égard de ses collaborateurs : Développer leur expertise par l’accompagnement, l’amélioration des compétences et la responsabilisation; Encourager l'évolution de carrière de ses collaborateurs partageant les mêmes passions et valeurs et qui ont su construire une véritable culture d’entreprise qui favorise la satisfaction client (interne/externe), l’esprit d’équipe et l’expertise; Fidéliser par la motivation et la reconnaissance; Valoriser leur performance en fixant des objectifs clairs, précis et réalisables. Venez participer au développement de marques leader et prestigieuses sur le territoire marocain, au sein d’une entreprise dynamique et innovante !! Culture de l'entreprise : CAC (Centrale Automobile Chérifienne) s’appuie sur une culture forte","Vente, Gestion de projet","Bac+5","3 ans","Français","Non spécifié","2026-04-29","Rekrute | https://www.rekrute.com/offre-emploi-hr-business-partner-sav---developpement-rh-recrutement-cac-centrale-automobile-cherifienne-casablanca-181324.html"
"Stagiaire développement RH | Casablanca (Maroc)","Groupe Bel","Maroc","RH","Offre d'emploi Stagiaire développement RH - Casablanca - Groupe Bel Stagiaire développement RH - Casablanca RH / Personnel / Formation - Secteur Agroalimentaire Débutant (-1 an) 1 poste(s) sur Casablanca et région - Maroc Bac +3 Minimum - Ecole de commerce Recherche de nouveauté Extraversion Besoin d'objectivité Besoin d'autonomie Implication au travail Stage Télétravail : Hybride Publiée il y a 2 jours sur ReKrute.com - Postulez avant le 27/06/2026 J'aime Suivre Entreprise : Bel est un acteur majeur de l’alimentation à travers des portions de bien manger laitières, fruitières ou végétales, et l’un des leaders mondiaux du secteur des fromages de marque. Son portefeuille de produits différenciés et d’envergure internationale tels que La Vache qui rit, Kiri, Babybel, Boursin, Nurishh, Pom’Potes ou GoGo squeeZ, ainsi qu’une trentaine d’autres marques locales. 10 902 collaborateurs répartis dans 51 filiales dans le monde contribuent à déployer la mission du Groupe : offrir une alimentation plus saine et responsable pour tous. Ses produits sont élaborés dans 30 sites de production et distribués dans plus de 120 pays . Rejoindre Bel , c’est intégrer une entreprise internationale à taille humaine, engagée et innovante, où chacun peut avoir un impact. Nous croyons que la performance passe par le bien-être et le développement de nos talents. En nous rejoignant, vous contribuerez à une mission porteuse de sens : construire ensemble l’alimentation de demain, plus saine, plus responsable et accessible à tous. Poste : Poste : Rejoignez une entreprise dynamique du secteur de l'agroalimentaire en tant que Stagiaire développement RH à Casablanca (3-6 mois). C'est une opportunité unique de plonger au cœur des pratiques RH et de contribuer activement au développement du capital humain. Imaginez-vous au sein d'une équipe passionnée, participant à des projets stimulants qui façonnent l'avenir de l'entreprise. L'objectif principal de ce stage est de vous permettre de développer une comp","Git","Bac","Débutant","Non spécifié","Non spécifié","2026-04-29","Rekrute | https://www.rekrute.com/offre-emploi-stagiaire-developpement-rh-recrutement-groupe-bel-casablanca-182213.html"
"Responsable Ressources Humaines – Agence d’Intérim (H/F) | Casablanca (Maroc)","Carl Rogers Consulting","Maroc","RH","Offre d'emploi Responsable Ressources Humaines – Agence d’Intérim (H/F) - Casablanca - Carl Rogers Consulting Responsable Ressources Humaines – Agence d’Intérim (H/F) - Casablanca RH / Personnel / Formation - Secteur Recrutement / Intérim Confirmé (5 à 10 ans) - Expert (10 à 20 ans) 1 poste(s) sur Casablanca et région - Maroc Bac +3 Minimum - Licence - Master Recherche de nouveauté Extraversion Besoin d'objectivité Besoin d'autonomie Implication au travail CDI Télétravail : Non Poste avec Management Publiée il y a 5 jours sur ReKrute.com - Postulez avant le 24/06/2026 J'aime Suivre Entreprise : Carl Rogers consulting, une approche radicalement différente de la chasse de têtes, du conseil en recrutement et du conseil en gestion des talents. Nous maitrisons l’art de la connexion. Nous fédérons les talents, en créant des opportunités de carrière pour les individus, et de développement pour les équipes et les organisations. Notre approche humaine, innovante et sur-mesure nous permet de comprendre les besoins de chacun et de connecter les talents entre eux. L’humain est au cœur de nos métiers et de nos projets. Chaque rencontre et conseil en matière de talent est le début d'une nouvelle histoire. Poste : Responsable Ressources Humaines – Agence d’Intérim (H/F) Nous recrutons pour le compte d’un grand groupe dans l’intérim un Responsable Ressources Humaines Missions principales : En tant que Responsable RH au sein de l’agence d’intérim, vous serez un acteur clé dans la gestion et le développement du capital humain. À ce titre, vos principales missions seront : • Piloter l’ensemble du processus de recrutement (sourcing, entretiens, intégration des intérimaires) • Gérer administrativement le personnel intérimaire (contrats, DPAE, dossiers RH, paie en collaboration avec le service dédié) • Assurer la conformité avec la législation du travail et la réglementation spécifique à l’intérim • Développer et fidéliser un vivier de candidats qualifiés • Accompagner les managers opéra","Excel","Bac+5","Confirmé","Non spécifié","Non spécifié","2026-04-29","Rekrute | https://www.rekrute.com/offre-emploi-responsable-ressources-humaines-agence-dinterim-hf-recrutement-carl-rogers-consulting-casablanca-182182.html"
"Manager / Responsable RH Site | Site Boumadine / Tinejdad (Maroc)","Aya Gold & Silver","Maroc","RH","Offre d'emploi Manager / Responsable RH Site - Site Boumadine / Tinejdad - Aya Gold & Silver Manager / Responsable RH Site - Site Boumadine / Tinejdad RH / Personnel / Formation - Secteur Extraction / Mines - Métallurgie / Sidérurgie Intermédiaire (3 à 5 ans) - Confirmé (5 à 10 ans) 1 poste(s) sur Région indifférente - Maroc Bac +5 et plus Minimum - Ecole de commerce Respect des règles Extraversion Rationalisme Besoin d'action Besoin d'objectivité Besoin d'autonomie Implication au travail Organisation CDI Télétravail : Non Poste avec Management Publiée il y a 5 jours sur ReKrute.com - Postulez avant le 25/05/2026 J'aime Suivre Entreprise : Aya Gold & Silver est un producteur d’argent canadien en pleine croissance qui exerce ses activités au Royaume du Maroc. Aya est la seule société minière purement argentifère cotée à la Bourse de Toronto. Elle exploite la mine d’argent Zgounder à forte teneur et explore ses terrains situés le long de l’Accident Sud-Atlasique à fort potentiel, dont plusieurs renferment d’anciennes mines productrices et des ressources historiques. En plus de ses actifs miniers marocains, Aya détient aussi le projet aurifère Tijirit situé en Mauritanie, qui avance à l’étape de l’étude de faisabilité. Dans le cadre de son expansion, AYA Gold & Silver est en phase de renforcer ses équipes par des compétences dans plusieurs métiers, notamment la maintenance. Pour de plus amples renseignements, veuillez visiter le site Web d’Aya à l’adresse www.ayagoldsilver.com Poste : Rejoignez notre équipe dynamique dans le secteur minier en tant que Responsable Ressources Humaines Site. Vous contribuerez activement au Management des Ressources Humaines au sein de notre entreprise. Vous ferez partie d'une équipe passionnée qui vise le meilleur accompagnement de nos collaborateurs et leur bien-être. Vous serez amené(e) à : Mettre en œuvre la politique de gestion des ressources humaines définie par la société Mettre en œuvre les différents projets découlant de la straté","Tableau, Gestion de projet","Bac+4","Confirmé","Français, Anglais","Non spécifié","2026-04-29","Rekrute | https://www.rekrute.com/offre-emploi-manager-responsable-rh-site-recrutement-aya-gold-silver-site-boumadine-tinejdad-181125.html"
"Time & attendance specialist | Kénitra (Maroc)","Yazaki Morocco","Maroc","RH","Offre d'emploi Time & attendance specialist - Kénitra - Yazaki Morocco Time & attendance specialist - Kénitra Gestion / Comptabilité / Finance - RH / Personnel / Formation - Secteur Automobile / Motos / Cycles Junior (1 à 3 ans) 1 poste(s) sur Kénitra et région - Maroc Bac +5 et plus - Master Respect des règles Ambition Organisation CDI Télétravail : Non Publiée il y a 5 jours sur ReKrute.com - Postulez avant le 24/06/2026 J'aime Suivre Entreprise : YAZAKI’s timeline of success dates back to 1929 when Sadami YAZAKI began selling wiring harnesses for automobiles. As a truly global company deeply rooted in Japanese cultural traditions and values, YAZAKI strives to be a reliable partner to its customers as well as a promoter of environmental sustainability throughout the world. We are especially proud to be the world's largest producer of wiring harnesses and at the same time offering environmental systems, with emphasis on energy-related equipment. As part of Yazaki activities growth in Morocco , we are hiring currently several positions ! Culture de l'entreprise : Yazaki Morocco s’appuie sur une culture dominée par l’innovation , encourageant la créativité, l’expérimentation et l’initiative individuelle pour accompagner son évolution industrielle. Cette dynamique est soutenue par une culture collaborative affirmée , qui valorise la coopération, la confiance et le management de proximité. L’entreprise intègre également une exigence de performance et de compétitivité , orientée vers l’atteinte d’objectifs concrets. Enfin, une structure organisationnelle solide garantit la rigueur des processus et la fiabilité opérationnelle. Poste : Rejoignez une entreprise dynamique dans le secteur de l' automobile , située à Kénitra . Une opportunité passionnante s'offre à vous pour devenir un Time & attendance specialist clé au sein de notre structure. Votre rôle sera crucial dans l'optimisation et la gestion précise des temps de présence. Vous contribuerez directement à l'efficacit","Excel","Bac+5","Junior","Non spécifié","Non spécifié","2026-04-29","Rekrute | https://www.rekrute.com/offre-emploi-time-attendance-specialist-recrutement-yazaki-morocco-kenitra-182143.html"
"Chargée RH Bilingue | Fès (Maroc)","Foundever (ex Sitel Group)","Maroc","RH","Offre d'emploi Chargée RH Bilingue - Fès - Foundever (ex Sitel Group) Chargée RH Bilingue - Fès Centre d'appels (métiers de) - Secteur Centre d'appels - Recrutement / Intérim Intermédiaire (3 à 5 ans) Fès et région - Maroc Bac +3 Minimum - Licence - Master Conventionnel Besoin d'objectivité Distance émotionnelle Intuition / Spontanéité Flexibilité Equilibre personnel Improvisation CDI Télétravail : Non Publiée il y a 6 jours sur ReKrute.com - Postulez avant le 23/06/2026 Behind The Brand Découvrez le quotidien des équipes et les bureaux ! Visiter l'entreprise J'aime Suivre Entreprise : Sitel Group devient officiellement Foundever™ . Foundever™ est un leader mondial de l'expérience client (CX). Avec 170 000 collaborateurs dans le monde, nous sommes l’équipe derrière les meilleures expériences des 750 plus grandes marques internationales et digitales. Nos solutions CX innovantes, notre technologie et notre expertise sont conçues pour répondre aux besoins opérationnels de nos clients et leur offrir une expérience sans couture, partout et à tout moment. Prenant en charge 9 millions d’expériences chaque jour dans plus de 60 langues et 45 pays, Foundever combine la force d’une présence mondiale à une approche entrepreneuriale, permettant aux entreprises de toutes tailles et de tous secteurs de transformer leur CX. Culture de l'entreprise : Foundever se caractérise par une culture fortement orientée vers l’ innovation , où la créativité, l’agilité et l’expérimentation occupent une place centrale dans la dynamique collective. Cette orientation est étroitement équilibrée par une culture de coopération , mettant en avant la bienveillance, l’esprit d’équipe et un management de proximité favorisant l’accompagnement et l’autonomie. Une dimension de compétition vient renforcer l’exigence de performance et l’orientation résultats, tandis que l’ organisation , plus modérée, apporte un cadre structurant aux pratiques. L’environnement s’adresse à des profils curieux, engagés et à l’a","Git, Tableau, Excel","Bac+5","Expert","Français (Courant), Anglais (Courant)","Non spécifié","2026-04-29","Rekrute | https://www.rekrute.com/offre-emploi-chargee-rh-bilingue-recrutement-foundever-ex-sitel-group-fes-182113.html"
"Agent administratif RH | CASABLANCA (Maroc)","Atlas Multiservices","Maroc","RH","Offre d'emploi Agent administratif RH - CASABLANCA - Atlas Multiservices Agent administratif RH - CASABLANCA Gestion / Comptabilité / Finance - RH / Personnel / Formation - Secteur Indifférent Débutant (-1 an) 1 poste(s) sur Casablanca et région - Maroc Bac +2 Minimum - BTS / DUT Respect des règles Extraversion Rationalisme Besoin d'objectivité Besoin d'autonomie Implication au travail Organisation CDI Télétravail : Non Publiée il y a 7 jours sur ReKrute.com - Postulez avant le 22/06/2026 J'aime Suivre Entreprise : Atlas Multiservices , filiale du groupe Royal Air Maroc, accompagne le développement des talents dans les métiers de l’industrie aérienne. Forte de son ancrage au sein d’un grand groupe national, elle offre aux candidats de véritables opportunités d’évolution dans l’univers exigeant et captivant du transport aérien, alliant professionnalisme, rigueur et épanouissement Poste : En tant qu’ Agent Administratif RH , vous serez le point de contact pour les tâches administratives liées aux collaborateurs et/ou aux candidats. Vous assurerez la gestion des dossiers , la préparation des documents, le suivi des processus RH et veillerez à la conformité des informations. Votre rôle est essentiel pour garantir une expérience fluide et professionnelle. Profil recherché : Vous êtes organisé(e), rigoureux(se) et doté(e) d’un excellent sens du service. Vous aimez travailler dans un environnement structuré et contribuer à la fluidité des processus RH. Vous remplissez les conditions suivantes : Nationalité : Marocaine Âge : Au plus 27 ans au 26/11/2025 (né(e) après le 27/11/1997) Niveau d’instruction : BAC+2 minimum (diplôme validé) Type de Bac : Scientifique ou Technique Diplômes : Gestion, Comptabilité, Économie, Finance, RH, Logistique, Commerce international, Informatique Langue : Maîtrise du français à l’écrit et à l’oral Votre dynamisme et votre sens des responsabilités vous permettront de gérer efficacement les tâches administratives liées aux collaborateurs et/ou a","Excel","Bac+4","Débutant","Français","Non spécifié","2026-04-29","Rekrute | https://www.rekrute.com/offre-emploi-agent-administratif-rh-recrutement-atlas-multiservices-casablanca-182089.html"
"Responsable RH | Marrakech (Maroc)","Casa Sister","Maroc","RH","Offre d'emploi Responsable RH - Marrakech - Casa Sister Responsable RH - Marrakech Gestion / Comptabilité / Finance - RH / Personnel / Formation - Secteur Comptabilité / Audit - Recrutement / Intérim Confirmé (5 à 10 ans) 2 poste(s) sur Marrakech et région - Maroc Bac +3 Minimum - Licence Respect des règles Extraversion Rationalisme Besoin d'objectivité Besoin d'autonomie Implication au travail Organisation CDI Télétravail : Non Publiée il y a 7 jours sur ReKrute.com - Postulez avant le 22/06/2026 J'aime Suivre Entreprise : Au cœur de Marrakech, à quelques minutes du centre historique, un nouveau lieu festif voit le jour, perché au sommet d'un complexe, le restaurant séduit par sa vue panoramique sur l’Atlas, ses couchers de soleil, ses performances musicales et artistiques, rendant hommage à la culture marocaine. Reliés par une signature culinaire fusion aux influences marocaines et internationales, il devient un lieu incontournable, idéal pour bruncher, déjeuner, dîner, vibrer et vivre une expérience inoubliable à Marrakech. Poste : .Assurer la gestion complète de la paie conformément à la législation marocaine .Établir, contrôler et valider les bulletins de paie dans le respect des règles fiscales et sociales .Maîtriser les calculs de l’IR, des cotisations CNSS, AMO, CIMR et autres organismes sociaux .Gérer les déclarations sociales et fiscales (CNSS, IR, états 9421, etc.) dans les délais légaux .Garantir la conformité des pratiques RH avec le Code du travail marocain .Rédiger, gérer et suivre les contrats de travail, avenants, sanctions disciplinaires et procédures internes .Assurer le suivi administratif du personnel : embauches, sorties, absences, congés, maladies, attestations .Identifier, prévenir et gérer les risques sociaux, fiscaux et juridiques liés à la gestion du personnel .Assurer une veille réglementaire (droit du travail, fiscalité, CNSS, IR) .Être un référent fiable et rassurant sur toutes les questions RH et paie, capable de sécuriser l’entreprise","Excel","Bac+4","Confirmé","Non spécifié","Non spécifié","2026-04-29","Rekrute | https://www.rekrute.com/offre-emploi-responsable-rh-recrutement-casa-sister-marrakech-182086.html"
"Conseillers Commerciaux en Assurance santé – Émission d’Appels | Casablanca (Maroc)","HEOMI","Maroc","RH","Offre d'emploi Conseillers Commerciaux en Assurance santé – Émission d’Appels - Casablanca - HEOMI Conseillers Commerciaux en Assurance santé – Émission d’Appels - Casablanca Centre d'appels (métiers de) - Secteur Centre d'appels Junior (1 à 3 ans) 10 poste(s) sur Casablanca et région - Maroc Bac +2 Minimum - BTS / DUT Respect des règles Besoin d'objectivité Ténacité Besoin d'action Travail en équipe Implication au travail Ambition Organisation CDI Télétravail : Non Publiée il y a 7 jours sur ReKrute.com - Postulez avant le 24/05/2026 J'aime Suivre Entreprise : Acteur incontournable du courtage en Assurances, HEOMI construit depuis plus de 25 ans, des programmes d’Assurances à destination des particuliers, des travailleurs non-salariés et des entreprises. Leader Français dans la distribution de produits d’assurance en ligne et précurseur en la matière, HEOMI est résolument tournée vers le digital. Notre force c’est d’appartenir au Groupe FINARE qui s’est construit sur des expertises fortes permettant aux structures du Groupe d’intervenir sur l’ensemble de la chaîne de valeur notamment dans les domaines de l’assurance et de l’épargne. Le Groupe FINARE en quelques mots c’est : plus de 1350 collaborateurs répartis dans 3 pays (France, Luxembourg, Maroc), 3 pôles d’activités (assurance, gestion de patrimoine, services). Régulièrement classé parmi le top 10 des meilleurs courtiers grossiste en Assurances, HEOMI est en constante croissance depuis sa création et nous ne comptons pas nous arrêter là ! Notre ambition : devenir le numéro 1 du courtage en Assurances ! Nos valeurs : Engagement, Performance, Innovation, Capital Humain. Si vous êtes sensible à nos valeurs, alors nous sommes sûrement faits pour nous entendre ! Culture de l'entreprise : HEOMI se caractérise par une culture fortement orientée vers la performance et la compétition , où l’ambition, le goût du challenge et l’orientation client constituent des leviers majeurs de réussite. Cette dynamique est complétée p","Git, Vente, Négociation","Bac+2","Junior","Français","Non spécifié","2026-04-29","Rekrute | https://www.rekrute.com/offre-emploi-conseillers-commerciaux-en-assurance-sante-emission-dappels-recrutement-heomi-casablanca-181071.html"
"Senior Training Facilitator | Casablanca (Maroc)","Capgemini Engineering","Maroc","RH","Offre d'emploi Senior Training Facilitator - Casablanca - Capgemini Engineering Senior Training Facilitator - Casablanca Gestion projet / Etudes / R&D - RH / Personnel / Formation - Secteur Automobile / Motos / Cycles - Conseil / Etudes Expert (10 à 20 ans) Casablanca et région - Maroc Bac +5 et plus - Master Créativité Flexibilité Travail en équipe Implication au travail Organisation CDI Télétravail : Hybride Publiée il y a 7 jours sur ReKrute.com - Postulez avant le 02/05/2026 J'aime Suivre Entreprise : Capgemini Engineering est la marque du groupe Capgemini réunissant les services d'ingénierie et de R&D d’Altran, leader mondial du secteur dont Capgemini a finalisé l’acquisition en 2020, et l’expertise de Capgemini dans le domaine du digital manufacturing. Grâce à une connaissance sectorielle approfondie et à la maîtrise des technologies digitales et logicielles de pointe, Capgemini Engineering accompagne la convergence des mondes physique et numérique. Conjuguée avec l’ensemble des capacités du Groupe, elle aide les entreprises à accélérer leur transformation vers l'Intelligent Industry. Capgemini Engineering compte plus de 52 000 ingénieurs et scientifiques dans plus de 30 pays, dans des secteurs tels que l'aéronautique, l'automobile, le ferroviaire, les communications, l'énergie, les sciences de la vie, les semi-conducteurs, les logiciels et l'Internet, le spatial et la défense, et les biens de consommation. Capgemini Engineering fait partie du groupe Capgemini, un leader mondial, responsable et multiculturel, regroupant 300 000 personnes dans près de 50 pays. Partenaire stratégique des entreprises pour la transformation de leurs activités en tirant profit de toute la puissance de la technologie, le Groupe est guidé au quotidien par sa raison d’être : libérer les énergies humaines par la technologie pour un avenir inclusif et durable. Fort de plus de 50 ans d’expérience et d’une grande expertise des différents secteurs d’activité, Capgemini est reconnu par ses ","Git, Excel, Gestion de projet","Bac+5","Senior","Non spécifié","Non spécifié","2026-04-29","Rekrute | https://www.rekrute.com/offre-emploi-senior-training-facilitator-recrutement-capgemini-engineering-casablanca-180390.html"
"Stagiaire RH | Casablanca (Maroc)","Capgemini Engineering","Maroc","RH","Offre d'emploi Stagiaire RH - Casablanca - Capgemini Engineering Stagiaire RH - Casablanca RH / Personnel / Formation - Secteur Conseil / Etudes Débutant (-1 an) 1 poste(s) sur Casablanca et région - Maroc Bac +5 et plus - Ecole de commerce - Master Extraversion Rationalisme Flexibilité Besoin d'action Organisation Stage Télétravail : Non Publiée il y a 7 jours sur ReKrute.com - Postulez avant le 26/05/2026 J'aime Suivre Entreprise : Capgemini Engineering est la marque du groupe Capgemini réunissant les services d'ingénierie et de R&D d’Altran, leader mondial du secteur dont Capgemini a finalisé l’acquisition en 2020, et l’expertise de Capgemini dans le domaine du digital manufacturing. Grâce à une connaissance sectorielle approfondie et à la maîtrise des technologies digitales et logicielles de pointe, Capgemini Engineering accompagne la convergence des mondes physique et numérique. Conjuguée avec l’ensemble des capacités du Groupe, elle aide les entreprises à accélérer leur transformation vers l'Intelligent Industry. Capgemini Engineering compte plus de 52 000 ingénieurs et scientifiques dans plus de 30 pays, dans des secteurs tels que l'aéronautique, l'automobile, le ferroviaire, les communications, l'énergie, les sciences de la vie, les semi-conducteurs, les logiciels et l'Internet, le spatial et la défense, et les biens de consommation. Capgemini Engineering fait partie du groupe Capgemini, un leader mondial, responsable et multiculturel, regroupant 300 000 personnes dans près de 50 pays. Partenaire stratégique des entreprises pour la transformation de leurs activités en tirant profit de toute la puissance de la technologie, le Groupe est guidé au quotidien par sa raison d’être : libérer les énergies humaines par la technologie pour un avenir inclusif et durable. Fort de plus de 50 ans d’expérience et d’une grande expertise des différents secteurs d’activité, Capgemini est reconnu par ses clients pour répondre à l’ensemble de leurs besoins, de la stratégie et d","Git, Excel","Bac+5","Débutant","Non spécifié","Non spécifié","2026-04-29","Rekrute | https://www.rekrute.com/offre-emploi-stagiaire-rh-recrutement-capgemini-engineering-casablanca-181132.html"
"Acheteur(se) Sénior | Casablanca (Maroc)","SGS Maroc SA","Maroc","RH","Offre d'emploi Acheteur(se) Sénior - Casablanca - SGS Maroc SA Acheteur(se) Sénior - Casablanca Achats / Supply Chain - Secteur Autres Industries Intermédiaire (3 à 5 ans) - Confirmé (5 à 10 ans) 1 poste(s) sur Casablanca et région - Maroc Bac +5 et plus Minimum - Ecole de commerce - Master Recherche de nouveauté Respect des règles Distance émotionnelle Rationalisme Besoin d'action CDI Télétravail : Non Publiée il y a 7 jours sur ReKrute.com - Postulez avant le 22/06/2026 J'aime Suivre Entreprise : SGS Maroc est la filiale marocaine de la multinationale suisse SGS S.A , est le leader mondial de l’inspection, du contrôle, de l’analyse et de la certification. Employant plus de 96 000 personnes, SGS exploite plus de 2 700 bureaux et laboratoires à travers le monde. Fondée en 1951, SGS Maroc propose des services qui couvrent l’inspection, la vérification, l'analyse de la qualité des produits, ainsi que les tests de performance selon des normes qui visent à protéger la santé, la sécurité des consommateurs, et préserver l’environnement. Les services SGS Maroc se déclinent tout au long des chaînes d’approvisionnement et concernent de nombreux secteurs tels que les produits agricoles et agro-alimentaires, la cosmétique, les biens d’équipement, les biens de consommation, l’énergie, les mines, la chimie, l’environnement, les services industriels, le secteur public, le transport, etc. Avec un réseau de 45 bureaux, centres de contrôle et laboratoires à travers le royaume et un capital humain de près de 400 employés, SGS Maroc est le partenaire préféré des acteurs économiques marocains en quête de la qualité pour tendre vers un objectif commun qui est de permettre un monde meilleur, plus sûr et plus interconnecté. Culture de l'entreprise : SGS Maroc SA se distingue par une culture majoritairement orientée vers la coopération , plaçant l’humain, la confiance et le bien-être des collaborateurs au cœur de son fonctionnement. Le management de proximité favorise l’accompagnement, la ","Négociation","Bac+5","Confirmé","Français, Anglais","Non spécifié","2026-04-29","Rekrute | https://www.rekrute.com/offre-emploi-acheteurse-senior-recrutement-sgs-maroc-sa-casablanca-182064.html"
"Administrateur Paie Confirmé (H/F) | Rabat (Maroc)","Sorec","Maroc","RH","Offre d'emploi Administrateur Paie Confirmé (H/F) - Rabat - Sorec Administrateur Paie Confirmé (H/F) - Rabat RH / Personnel / Formation - Secteur Autres services Junior (1 à 3 ans) 1 poste(s) sur Rabat et région - Maroc Bac +3 Minimum - Licence Recherche de nouveauté Extraversion Besoin d'objectivité Besoin d'autonomie Implication au travail CDI Télétravail : Non Publiée il y a 8 jours sur ReKrute.com - Postulez avant le 21/06/2026 J'aime Suivre Entreprise : Créée en 2003, sous la tutelle du Ministère de l’Agriculture et de la Pêche Maritime, la Société Royale d’Encouragement du Cheval (SOREC) a pour principales missions l’encadrement de l’élevage, le développement des courses hippiques et la gestion des jeux hippiques au Maroc. De par sa mission, la SOREC assure l’encadrement des sociétés hippiques, supporte les programmes d’élevage en tant que partenaire des associations des éleveurs et veille à l’amélioration des infrastructures hippiques nationales. Ajouté à cela, la SOREC est engagée dans une politique visant l’amélioration de la compétitivité de l’élevage marocain et la dynamisation du marché des chevaux. La SOREC couvre l’ensemble du pays avec 5 haras, 43 stations de monte et 11 centres de promotion de l’élevage équin en plus de nombreuses collaborations avec les principales associations équines du royaume. Culture de l'entreprise : Sorec se distingue par une culture fortement orientée vers la coopération , plaçant l’humain, la confiance et le bien-être des collaborateurs au cœur de son fonctionnement. L’entreprise favorise des relations de travail de qualité, un esprit d’équipe solide et un management de proximité jouant un rôle de mentor et d’accompagnateur. Cette culture collaborative est enrichie par une dimension d’innovation mesurée , encourageant l’initiative et l’ouverture aux nouvelles idées. Une organisation structurée vient soutenir l’efficacité opérationnelle, tandis que la performance concurrentielle reste volontairement secondaire. Poste : Ratta","Tableau","Bac+3","Confirmé","Non spécifié","Non spécifié","2026-04-29","Rekrute | https://www.rekrute.com/offre-emploi-administrateur-paie-confirme-hf-recrutement-sorec-rabat-182002.html"
"Chef de Service Réception des Ouvrages et Réseaux | Casablanca (Maroc)","ORH Assessment","Maroc","RH","Offre d'emploi Chef de Service Réception des Ouvrages et Réseaux - Casablanca - ORH Assessment Chef de Service Réception des Ouvrages et Réseaux - Casablanca Travaux / Chantiers / BTP - Secteur Autres services Intermédiaire (3 à 5 ans) 1 poste(s) sur Casablanca et région - Maroc Bac +5 et plus Minimum - Ecole d'ingénieur Respect des règles Ténacité Besoin de réflexion Implication au travail Organisation CDI Télétravail : Non Poste avec Management Publiée il y a 9 jours sur ReKrute.com - Postulez avant le 20/06/2026 J'aime Suivre Entreprise : ORH Assessment , filiale du groupe LMS ORH , est un cabinet conseil en recrutement qui offre également des prestations en Assessment et prend en charge l’organisation de concours pour le compte de grandes entreprises publiques et privées. Poste : Mission : Piloter le service en charge de la réception technique et opérationnelle des ouvrages et réseaux d’alimentation en eau potable, depuis la phase étude jusqu’au transfert à l’exploitation, en veillant au respect des exigences de qualité, de sécurité, de conformité réglementaire et de performance patrimoniale. Activités : Pilotage du service Organiser, planifier et superviser les activités du service Réception Ouvrages et Réseau AEP. Encadrer, animer et évaluer les équipes du service. Définir les priorités, répartir les charges et assurer le suivi des indicateurs de performance. Réception des ouvrages et réseaux Piloter les opérations de réception des ouvrages AEP (réservoirs, stations de pompage, conduites, équipements hydromécaniques et électromécaniques). Vérifier la conformité des ouvrages réalisés par rapport : aux marchés et pièces contractuelles, aux études approuvées, aux normes techniques et règles de l’art, aux exigences d’exploitation. Participer aux essais, mises en eau et mises en service. Interface projets / exploitation Assurer l’interface entre les directions Investissement et Exploitation. Garantir la qualité du transfert des ouvrages vers l’exploitation (dossier","Gestion de projet","Bac+5","Confirmé","Non spécifié","Non spécifié","2026-04-29","Rekrute | https://www.rekrute.com/offre-emploi-chef-de-service-reception-des-ouvrages-et-reseaux-recrutement-orh-assessment-casablanca-181983.html"
"Chef de service études et travaux lotissements et MT | Sidi Bennour (Maroc)","ORH Assessment","Maroc","RH","Offre d'emploi Chef de service études et travaux lotissements et MT - Sidi Bennour - ORH Assessment Chef de service études et travaux lotissements et MT - Sidi Bennour Travaux / Chantiers / BTP - Secteur Electricité - Autres services Intermédiaire (3 à 5 ans) 1 poste(s) sur Casablanca et région - Maroc Bac +5 et plus Minimum - Ecole d'ingénieur Respect des règles Ténacité Besoin de réflexion Implication au travail Organisation CDI Télétravail : Non Publiée il y a 9 jours sur ReKrute.com - Postulez avant le 20/06/2026 J'aime Suivre Entreprise : ORH Assessment , filiale du groupe LMS ORH , est un cabinet conseil en recrutement qui offre également des prestations en Assessment et prend en charge l’organisation de concours pour le compte de grandes entreprises publiques et privées. Poste : Mission : Assurer le pilotage, la coordination et le contrôle des études et des travaux de raccordement électrique des lotissements et des infrastructures en Moyenne Tension, dans le respect des normes techniques, des délais, des coûts et des exigences de qualité et de sécurité. Activités : Piloter et valider les études techniques relatives aux projets de raccordement des lotissements et des réseaux MT. Planifier, organiser et superviser l’exécution des travaux sur le terrain. Coordonner les interventions avec les promoteurs immobiliers, bureaux d’études, entreprises de travaux et autorités compétentes. Assurer le suivi des délais, des budgets et de la qualité des ouvrages réalisés. Veiller au respect des normes techniques, réglementaires et de sécurité en vigueur. Participer à la réception technique et administrative des ouvrages et assurer la levée des réserves. Produire les rapports d’avancement et proposer des actions correctives en cas d’écart. Profil recherché : Formation académique : Diplôme d'ingénieur reconnu par l’état en Génie Electrique ou équivalent Expérience professionnelle : Expérience de plus de 3 ans dans les études et travaux de réseaux électriques, idéalement en MT","Négociation, Gestion de projet","Bac+5","Non spécifié","Non spécifié","Non spécifié","2026-04-29","Rekrute | https://www.rekrute.com/offre-emploi-chef-de-service-etudes-et-travaux-lotissements-et-mt-recrutement-orh-assessment-sidi-bennour-181979.html"
"HR Specialist | Agadir (Maroc)","Confidentiel","Maroc","RH","Offre d'emploi HR Specialist - Agadir - Confidential HR Specialist - Agadir RH / Personnel / Formation - Responsable de Département - Secteur Agriculture / Environnement - Autres services Intermédiaire (3 à 5 ans) 1 poste(s) sur Agadir et région - Maroc Bac +3 Minimum - Université - Formation professionnelle Recherche de nouveauté Respect des règles Volonté de persuasion Distance émotionnelle Rationalisme Travail en équipe Implication au travail Improvisation CDI Télétravail : Oui 100% Poste avec Management Publiée il y a 9 jours sur ReKrute.com - Postulez avant le 30/05/2026 J'aime Entreprise : Nous sommes une entreprise multinationale leader dans la catégorie des fruits rouge s, présente sur différents marchés et références dans le secteur agroalimentaire. Nous avons une proposition claire, un engagement en faveur du développement durable , de l'inclusion et de la non-discrimination , et nous considérons la valeur de la diversité et du multiculturalisme comme facteurs clés de l'innovation. A cette occasion, nous recherchons HR Specialist pour rejoindre notre équipe RH à Agadir. Si vous êtes une personne passionnée, proactive et responsable, nous vous invitons à postuler. Poste : - Superviser la gestion administrative du personnel (saisonniers & permanents) - Garantir la conformité des dossiers administratifs et des contrats - Veiller au respect du code du travail et du règlement intérieur - Gérer les déclarations sociales (immatriculations, AT, etc.) dans les délais - Participer aux audits RH et assurer la fiabilité des données - Assurer le suivi administratif des dossiers d’accidents de travail jusqu’à leur clôture - Centraliser et contrôler les éléments variables de paie des fermes - Traiter la paie des permanents - Gérer les immatriculations et déclarations sociales dans le respect des délais. - Être le référent des outils SIRH au niveau de la région Sud - Encadrer et développer l’équipe RH locale (Relais RH & infirmière) - Organiser et superviser les activités","Non spécifié","Bac+3","Non spécifié","Français, Anglais, Espagnol","Non spécifié","2026-04-29","Rekrute | https://www.rekrute.com/offre-emploi-hr-specialist-recrutement-confidentiel-agadir-166156.html"
"HR Business Partner | CASABLANCA (Maroc)","Auto Nejma Maroc S.A.","Maroc","RH","Offre d'emploi HR Business Partner - CASABLANCA - Auto Nejma Maroc S.A. HR Business Partner - CASABLANCA RH / Personnel / Formation - Secteur Indifférent Junior (1 à 3 ans) 2 poste(s) sur Casablanca et région - Maroc Bac +5 et plus Minimum - Master Recherche de nouveauté Extraversion Besoin d'objectivité Besoin d'autonomie Implication au travail CDI Télétravail : Non Publiée il y a 9 jours sur ReKrute.com - Postulez avant le 20/06/2026 J'aime Suivre Entreprise : Auto Nejma est un acteur historique et majeur du secteur automobile au Maroc. Représentant officiel des marques Mercedes-Benz, BYD et smart , nous opérons à travers un réseau national couvrant plusieurs villes stratégiques du Royaume. Forts d’une expertise reconnue dans les activités Véhicules Particuliers, Véhicules Utilitaires, Poids Lourds, Après-Vente et Pièces de Rechange, nous plaçons l’excellence opérationnelle, la satisfaction client et la performance durable au cœur de notre stratégie. Notre organisation s’appuie sur : Un réseau multi-sites à l’échelle nationale Des standards constructeurs internationaux Une culture orientée performance et amélioration continue Une politique RH axée sur le développement des talents et la mobilité interne Chez Auto Nejma , nous croyons que la performance collective repose sur l’engagement, la compétence et le sens du service de nos équipes. Rejoindre Auto Nejma , c’est intégrer un groupe structuré, ambitieux et en transformation, offrant de réelles perspectives d’évolution dans un environnement professionnel exigeant et stimulant. Poste : En tant que HRBP, vous intervenez sur des sujets clés de développement RH : Recrutement & Workforce Planning : Consolider les besoins en recrutement avec les différentes entités Déployer le plan de recrutement en lien avec les objectifs business Piloter les recrutements de bout en bout et assurer la qualité des intégrations Suivre les indicateurs de performance et proposer des actions d'optimisation Formation & Développement des com","Excel, Vente","Bac+5","3 ans","Non spécifié","Non spécifié","2026-04-29","Rekrute | https://www.rekrute.com/offre-emploi-hr-business-partner-recrutement-auto-nejma-maroc-s.a.-casablanca-181964.html"
"Chargé(e) RH | Casablanca (Maroc)","Manpower Agences","Maroc","RH","Offre d'emploi Chargé(e) RH - Casablanca - Manpower Agences Chargé(e) RH - Casablanca Assistanat de Direction / Services Généraux - Secteur Assurance / Courtage - Assurance / Courtage Intermédiaire (3 à 5 ans) - Confirmé (5 à 10 ans) 1 poste(s) sur Casablanca et région - Maroc Bac +3 Minimum - Licence - Master Flexibilité Extraversion Organisation Conventionnel Télétravail : Non Publiée il y a 9 jours sur ReKrute.com - Postulez avant le 20/06/2026 J'aime Suivre Entreprise : Présent depuis 1997 au Maroc, Manpower Group est un acteur international incontournable de l’emploi et de l’insertion sociale dans le monde. Au sein du Royaume Chérifien, nous couvrons l’ensemble du territoire, de Tanger à Laayoune. Nos équipes sont formées pour appuyer les entreprises dans la promotion de l’excellence en matière de gestion du capital humain : Intérim, CDD/CDI, Solutions & Ingénierie RH, Développement du capital humain… Pour nos salariés intérimaires , nous proposons une expérience unique, notamment avec la déclaration de 100% des heures travaillées, la mise en place d’une mutuelle pour tous et un accompagnement personnalisé pour les démarches administratives (bancarisation, CNSS…). Pour nos candidats , nous offrons, conformément aux standards mondiaux de Manpower Group, un processus de sélection, d’évaluation et d’accompagnement à la réussite dans leur nouvelle mission. Poste : Manpower recherche pour une de ses clients un(e) Chargé(e) Administration du Personnel Missions principales: Assurer l’ensemble des formalités administratives liées à l’embauche : création et mise à jour des dossiers collaborateurs. Préparer et gérer les documents administratifs RH : contrats de travail, avenants, attestations diverses. Gérer les formalités liées aux départs des collaborateurs (documents légaux, restitution du matériel). Accueillir, informer et orienter les collaborateurs sur les procédures et dispositifs RH. Garantir la fiabilité et la conformité des dossiers administratifs du personnel.","Excel","Bac+5","Confirmé","Non spécifié","Non spécifié","2026-04-29","Rekrute | https://www.rekrute.com/offre-emploi-chargee-rh-recrutement-manpower-agences-casablanca-181944.html"
"Responsable Administratif RH ( Safi & Essaouira ) - H/F | Safi (Maroc)","Centrale Danone","Maroc","RH","Offre d'emploi Responsable Administratif RH ( Safi & Essaouira ) - H/F - Safi - Centrale Danone Responsable Administratif RH ( Safi & Essaouira ) - H/F - Safi RH / Personnel / Formation - Secteur Agroalimentaire Confirmé (5 à 10 ans) - Expert (10 à 20 ans) 1 poste(s) sur Safi et région - Maroc Bac +3 Minimum - Licence Recherche de nouveauté Extraversion Besoin d'objectivité Besoin d'autonomie Implication au travail CDI Télétravail : Non Poste avec Management Publiée il y a 9 jours sur ReKrute.com - Postulez avant le 20/06/2026 J'aime Suivre Entreprise : REJOINDRE DANONE : C’EST… Rencontrer des danoners aux personnalités singulières et aux parcours professionnels variés ; Grandir dans des environnements différents : sites de production, bases logistiques, centre de recherche et innovation ou encore sièges sociaux ; Se construire un parcours de carrière sur mesure, adapté à ta personnalité, tes compétences et tes envies ; Apprendre grâce à des missions responsabilisantes, riches et apprenantes. DANONE ENTREPRISE A MISSION En Juin 2020, Danone est devenue la première entreprise cotée à adopter le statut d’Entreprise à Mission. Nous avons en effet décidé de nous doter d'une raison d'être et d'objectifs sociaux, sociétaux et environnementaux associés inscrits dans nos statuts. Il s’agit d’une étape historique pour continuer à réaliser chaque jour notre mission – « apporter la santé par l’alimentation au plus grand nombre » - dans notre cadre d’action « One Planet. One Health ». Poste : Nous recherchons un(e) Responsable Administratif RH rigoureux(se), organisé(e) et doté(e) d’un excellent sens du service pour accompagner nos équipes sur les sites de Safi et Essaouira. Ce rôle clé vise à garantir une gestion administrative fiable, le respect des obligations légales ainsi que la qualité du climat social au sein de nos équipes. Missions principales - Gestion administrative du personnel : Assurer la gestion complète des dossiers du personnel : contrats, renouvellements, mouv","Git, Excel","Bac+4","Confirmé","Non spécifié","Non spécifié","2026-04-29","Rekrute | https://www.rekrute.com/offre-emploi-responsable-administratif-rh-safi-essaouira---hf-recrutement-centrale-danone-safi-181937.html"
"Directeur Service Après-Vente - Pôle Casablanca | Casablanca (Maroc)","CAC (Centrale Automobile Chérifienne)","Maroc","Ingénieur","Offre d'emploi Directeur Service Après-Vente - Pôle Casablanca - Casablanca - CAC (Centrale Automobile Chérifienne) ExeKutive Directeur Service Après-Vente - Pôle Casablanca - Casablanca Direction Technique / SAV / R&D - Secteur Automobile / Motos / Cycles Expert (10 à 20 ans) 1 poste(s) sur Casablanca et région - Maroc Bac +5 et plus Minimum - Ecole d'ingénieur Recherche de nouveauté Rationalisme Besoin de réflexion Humilité Organisation CDI Télétravail : Non Poste avec Management Publiée aujourd'hui sur Exekutive.biz - Postulez avant le 23/05/2026 Behind The Brand Découvrez le quotidien des équipes et les bureaux ! Visiter l'entreprise J'aime Suivre Entreprise : La Centrale Automobile Chérifienne (CAC) est l'importateur exclusif au Maroc des marques Volkswagen, Volkswagen Utilitaires, Audi, Skoda, Porsche, Bentley, Seat et Cupra , ayant chacune développée une réelle identité les rendant uniques sur leur segment de marché. Dotées d'un fort potentiel de développement au Maroc et à l'international, les marques s'appuient sur des services experts et des compétences mutualisés pour augmenter leur performance et accompagner leur croissance. La politique Ressources Humaines de la CAC se décline autour de 4 grands axes à l’égard de ses collaborateurs : Développer leur expertise par l’accompagnement, l’amélioration des compétences et la responsabilisation; Encourager l'évolution de carrière de ses collaborateurs partageant les mêmes passions et valeurs et qui ont su construire une véritable culture d’entreprise qui favorise la satisfaction client (interne/externe), l’esprit d’équipe et l’expertise; Fidéliser par la motivation et la reconnaissance; Valoriser leur performance en fixant des objectifs clairs, précis et réalisables. Venez participer au développement de marques leader et prestigieuses sur le territoire marocain, au sein d’une entreprise dynamique et innovante !!! Découvrez l’interview complète de Maha Ghazani, Responsable RH chez la Centrale Automobile Chérifien","HTML, Git, Excel, Vente, Gestion de projet","Bac+5","Expert","Non spécifié","Non spécifié","2026-04-29","Rekrute | https://www.rekrute.com/offre-emploi-directeur-service-apres-vente---pole-casablanca-recrutement-cac-centrale-automobile-cherifienne-casablanca-180102.html"
"Responsable d'Affaires - Atelier Filerie (H/F) | Casablanca (Maroc)","VINCI Energies Afrique de l'Ouest","Maroc","Ingénieur","Offre d'emploi Responsable d'Affaires - Atelier Filerie (H/F) - Casablanca - VINCI Energies Afrique de l'Ouest Responsable d'Affaires - Atelier Filerie (H/F) - Casablanca Electricité - Gestion projet / Etudes / R&D - Secteur Electro-mécanique / Mécanique - Electricité Confirmé (5 à 10 ans) 1 poste(s) sur Tout le Maroc - Maroc Bac +5 et plus Minimum - Ecole d'ingénieur Recherche de nouveauté Ambition Organisation CDI Télétravail : Non Poste avec Management Publiée aujourd'hui sur ReKrute.com - Postulez avant le 23/06/2026 J'aime Suivre Entreprise : À Propos de VINCI Energies Afrique de l'Ouest VINCI Energies Afrique de l'Ouest (VEAO) est un pôle de VINCI Energie, entité du Groupe VINCI, regroupant plus de 3000 collaborateurs répartis à travers 5 pays de la région (Bénin, Côte d'Ivoire, Guinée, Sénégal, Maroc et Mauritanie) et représenté par 6 marques : Omexom, Actemium, Axians, Citeos, Cegelec, VINCI Energies Building Solutions et VINCI Facilities. Présent au Maroc à travers la marque Cegelec depuis 1946 et solidement ancré en Afrique par ses 55 entreprises, VEAO offre aujourd’hui à ses partenaires une large palette d’expertises (conception, réalisation et maintenance) dans l’énergie, l’industrie, le tertiaire et les télécommunications. VINCI Energies au Maroc, contribue activement au développement économique et social du pays en s’appuyant sur les compétences pluridisciplinaires de ses équipes locales et bénéficie du vaste réseau de marques de VINCI Energies pour offrir des solutions innovantes et pérennes à ses clients. Poste : Nous sommes à la recherche d'un(e) Responsable d'Affaires pour rejoindre notre équipe dynamique. Le candidat idéal possède au moins 8 ans d'expérience dans les domaines suivants: électronique, électrotechnique ou automatisme, avec une expertise avérée dans la gestion de projets techniques et commerciale. Responsabilités : Études et conception de tableaux électriques testés Chiffrage des solutions (TGBT, TD, MCC) Suivi de la réalisation des p","Tableau, Gestion de projet","Bac+5","8 ans","Non spécifié","Non spécifié","2026-04-29","Rekrute | https://www.rekrute.com/offre-emploi-responsable-daffaires---atelier-filerie-hf-recrutement-vinci-energies-afrique-de-louest-casablanca-182096.html"
"Chargé d'affaire ligne THT | Casablanca (Maroc)","Butec Energies & Services","Maroc","Ingénieur","Offre d'emploi Chargé d'affaire ligne THT - Casablanca - Butec Energies & Services Chargé d'affaire ligne THT - Casablanca Electricité - Travaux / Chantiers / BTP - Secteur Energie - Electricité Junior (1 à 3 ans) Casablanca et région - Maroc Bac +5 et plus - Ecole d'ingénieur Recherche de nouveauté Créativité Besoin d'objectivité Flexibilité Besoin de réflexion Travail en équipe Ambition Organisation CDI Télétravail : Non Publiée aujourd'hui sur ReKrute.com - Postulez avant le 28/06/2026 J'aime Suivre Entreprise : BUTEC est un groupe régional de premier plan, reconnu pour son expertise multidisciplinaire couvrant l’ingénierie et la construction, les solutions électromécaniques, la maintenance multitechnique et la gestion des services publics. Depuis sa fondation en 1964, le groupe s’engage à offrir des solutions de pointe et une excellence opérationnelle dans les secteurs de l’environnement, de l’énergie, du oil & gaz, ainsi que de la construction industrielle, tant dans le secteur public que privé, à travers le Moyen-Orient et l’Afrique. Présent dans plus de 21 pays, dont le Maroc, rejoindre BUTEC, c’est intégrer un groupe engagé en faveur du développement et de l’innovation dans la région. Poste : Rejoignez un acteur majeur du secteur de l’énergie en tant que Chargé d’affaires lignes THT à Casablanca. Dans un environnement stimulant, cette opportunité vous permettra de piloter des projets d’envergure et de contribuer activement au développement des infrastructures électriques. Votre mission principale sera d’assurer le succès technique et financier des projets de lignes à très haute tension, de la conception jusqu’à la réception des travaux, tout en garantissant la satisfaction des clients et le respect des normes en vigueur. Vos principales responsabilités : Superviser et coordonner l’ensemble des équipes projet (chantier, études, fonctions transverses) Impliquer le responsable de chantier à toutes les phases du projet Élaborer les budgets des affaires et défini","Excel, Gestion de projet","Bac+5","Junior","Non spécifié","Non spécifié","2026-04-29","Rekrute | https://www.rekrute.com/offre-emploi-charge-daffaire-ligne-tht-recrutement-butec-energies-services-casablanca-182245.html"
"Chargé d'affaire implantation H/F | Rabat (Maroc)","ALTEN Maroc","Maroc","Ingénieur","Offre d'emploi Chargé d'affaire implantation H/F - Rabat - ALTEN Maroc Chargé d'affaire implantation H/F - Rabat Méthodes / Process / Industrialisation - Production / Qualité / Sécurité / Maintenance - Secteur Automobile / Motos / Cycles Junior (1 à 3 ans) - Intermédiaire (3 à 5 ans) Rabat et région - Maroc Bac +2 Minimum - BTS / DUT - Ecole d'ingénieur Recherche de nouveauté Respect des règles Besoin d'objectivité Rationalisme Ténacité Besoin de réflexion Organisation CDI Télétravail : Non Publiée il y a 2 jours sur ReKrute.com - Postulez avant le 02/05/2026 J'aime Suivre Entreprise : ALTEN MAROC , Filiale du leader mondial de l’ingénierie et du conseil en technologie créé en 2008 et présent à Fès, Rabat, Tétouan et Casablanca, compte aujourd’hui plus de 2200 collaborateurs et vise un centre d’excellence de 3300 ALTENiens en fin 2027 . Elle s’impose aujourd’hui comme un acteur stratégique dans l’accompagnement du développement professionnel des ingénieurs. Notre mission : répondre aux ambitions technologiques de nos clients — grands donneurs d’ordre internationaux — dans les secteurs de l’automobile, du ferroviaire, de la R&D et de l’IT, des télécommunications et des médias. Rejoindre ALTEN Maroc, c’est intégrer un écosystème d’excellence et bénéficier : • D’un parcours de carrière personnalisé et évolutif • D’une politique ambitieuse de développement des compétences • D’un environnement de travail stimulant, collaboratif et porteur de sens Culture de l'entreprise : Alten Maroc se distingue par une culture profondément collaborative , centrée sur l’humain, la confiance et le soutien entre équipes, avec un management de proximité qui accompagne et fait grandir les talents. Cette dynamique est enrichie par une vraie ouverture à l’innovation , où la créativité, l’initiative et l’expérimentation sont encouragées au quotidien. Le fonctionnement s’appuie aussi sur une organisation structurée , garantissant efficacité, rigueur et qualité dans les projets d’ingénierie. Enf","Tableau, Excel, Gestion de projet","Bac+5","Junior","Français, Anglais","Non spécifié","2026-04-29","Rekrute | https://www.rekrute.com/offre-emploi-charge-daffaire-implantation-hf-recrutement-alten-maroc-rabat-180325.html"
"Méthode déploiement maquette numérique H/F | Tétouan (Maroc)","ALTEN Maroc","Maroc","Ingénieur","Offre d'emploi Méthode déploiement maquette numérique H/F - Tétouan - ALTEN Maroc Méthode déploiement maquette numérique H/F - Tétouan Méthodes / Process / Industrialisation - Secteur Automobile / Motos / Cycles Junior (1 à 3 ans) - Intermédiaire (3 à 5 ans) 1 poste(s) sur Tanger et région - Maroc Bac +5 et plus Maximum - Ecole d'ingénieur - Master Recherche de nouveauté Respect des règles Besoin de réflexion Organisation CDI Télétravail : Non Publiée il y a 2 jours sur ReKrute.com - Postulez avant le 27/06/2026 J'aime Suivre Entreprise : ALTEN MAROC , Filiale du leader mondial de l’ingénierie et du conseil en technologie créé en 2008 et présent à Fès, Rabat, Tétouan et Casablanca, compte aujourd’hui plus de 2200 collaborateurs et vise un centre d’excellence de 3300 ALTENiens en fin 2027 . Elle s’impose aujourd’hui comme un acteur stratégique dans l’accompagnement du développement professionnel des ingénieurs. Notre mission : répondre aux ambitions technologiques de nos clients — grands donneurs d’ordre internationaux — dans les secteurs de l’automobile, du ferroviaire, de la R&D et de l’IT, des télécommunications et des médias. Rejoindre ALTEN Maroc, c’est intégrer un écosystème d’excellence et bénéficier : • D’un parcours de carrière personnalisé et évolutif • D’une politique ambitieuse de développement des compétences • D’un environnement de travail stimulant, collaboratif et porteur de sens Culture de l'entreprise : Alten Maroc se distingue par une culture profondément collaborative , centrée sur l’humain, la confiance et le soutien entre équipes, avec un management de proximité qui accompagne et fait grandir les talents. Cette dynamique est enrichie par une vraie ouverture à l’innovation , où la créativité, l’initiative et l’expérimentation sont encouragées au quotidien. Le fonctionnement s’appuie aussi sur une organisation structurée , garantissant efficacité, rigueur et qualité dans les projets d’ingénierie. Enfin, l’esprit de performance est présent mais équ","Excel","Bac+5","Junior","Anglais","Non spécifié","2026-04-29","Rekrute | https://www.rekrute.com/offre-emploi-methode-deploiement-maquette-numerique-hf-recrutement-alten-maroc-tetouan-182235.html"
"Consultant Méthode déploiement – PLM / 3D EXPERIENCE H/F | Tétouan (Maroc)","ALTEN Maroc","Maroc","Ingénieur","Offre d'emploi Consultant Méthode déploiement – PLM / 3D EXPERIENCE H/F - Tétouan - ALTEN Maroc Consultant Méthode déploiement – PLM / 3D EXPERIENCE H/F - Tétouan Méthodes / Process / Industrialisation - Secteur Automobile / Motos / Cycles Junior (1 à 3 ans) Tanger et région - Maroc Bac +5 et plus Maximum - Ecole d'ingénieur - Master Recherche de nouveauté Respect des règles Besoin de réflexion Organisation CDI Télétravail : Non Publiée il y a 2 jours sur ReKrute.com - Postulez avant le 27/06/2026 J'aime Suivre Entreprise : ALTEN MAROC , Filiale du leader mondial de l’ingénierie et du conseil en technologie créé en 2008 et présent à Fès, Rabat, Tétouan et Casablanca, compte aujourd’hui plus de 2200 collaborateurs et vise un centre d’excellence de 3300 ALTENiens en fin 2027 . Elle s’impose aujourd’hui comme un acteur stratégique dans l’accompagnement du développement professionnel des ingénieurs. Notre mission : répondre aux ambitions technologiques de nos clients — grands donneurs d’ordre internationaux — dans les secteurs de l’automobile, du ferroviaire, de la R&D et de l’IT, des télécommunications et des médias. Rejoindre ALTEN Maroc, c’est intégrer un écosystème d’excellence et bénéficier : • D’un parcours de carrière personnalisé et évolutif • D’une politique ambitieuse de développement des compétences • D’un environnement de travail stimulant, collaboratif et porteur de sens Culture de l'entreprise : Alten Maroc se distingue par une culture profondément collaborative , centrée sur l’humain, la confiance et le soutien entre équipes, avec un management de proximité qui accompagne et fait grandir les talents. Cette dynamique est enrichie par une vraie ouverture à l’innovation , où la créativité, l’initiative et l’expérimentation sont encouragées au quotidien. Le fonctionnement s’appuie aussi sur une organisation structurée , garantissant efficacité, rigueur et qualité dans les projets d’ingénierie. Enfin, l’esprit de performance est présent mais équilibré, soutena","Excel","Bac+5","Junior","Non spécifié","Non spécifié","2026-04-29","Rekrute | https://www.rekrute.com/offre-emploi-consultant-methode-deploiement-plm-3d-experience-hf-recrutement-alten-maroc-tetouan-182225.html"
"Délégué Régional (H/F) | Oujda (Maroc)","Confidentiel","Maroc","Ingénieur","Offre d'emploi Délégué Régional (H/F) - Oujda - Confidential Délégué Régional (H/F) - Oujda Administration des ventes / SAV - Commercial / Vente / Export - Secteur Immobilier / Promoteur / Agence - Import / Export / Négoce Intermédiaire (3 à 5 ans) 1 poste(s) sur Oujda et région - Maroc Bac +4 Minimum - Master Recherche de nouveauté Respect des règles Implication au travail Organisation CDI Télétravail : Non Poste avec Management Publiée il y a 2 jours sur ReKrute.com - Postulez avant le 16/05/2026 J'aime Entreprise : Une grande entreprise leader dans son secteur, recrute un Délégué Régional à Oujda . Poste : Rattachés à la Direction, vos principales missions sont les suivantes : Animer le réseau des stations services de votre région; Assurer le développement du réseau à travers la création de nouvelles stations de service; Développer le volume des ventes des carburants et des lubrifiants; Améliorer en permanence la satisfaction des clients; Prospecter et apporter de nouveaux clients pour chaque segment de marché B TO B; Assurer une veille permanente de la concurrence; Produire et analyser les tableaux de bord de suivi des performances de votre activité commerciale. Profil recherché : Formation : Diplômé d’une grande Ecole de Commerce ou d’Ingénieur, vous évoluez dans la fonction commerciale et capitalisez une expérience de 3 ans minimum dans la gestion et l'animation d'un réseau de distribution. Traits de personnalité souhaités : Recherche de nouveauté Respect des règles Implication au travail Organisation 4K Matching global N/A N/A FineTunePro COMPÉTENCES N/A Kapacity Revealer PERSONNALITÉ N/A Feel Good CULTURE Ici, vous pouvez retrouver un taux de recommandation de cette offre pour vous, ainsi que des informations pour mettre en avant votre candidature. Connectez-vous / Inscrivez-vous pour consulter ces informations personnalisées. ReKrute vous offre ce nouveau test de personnalité pour mieux vous connaitre et valoriser vos candidatures. Passez-le dès maintenant,","Tableau, Vente","Bac+5","3 ans","Non spécifié","Non spécifié","2026-04-29","Rekrute | https://www.rekrute.com/offre-emploi-delegue-regional-hf-recrutement-confidentiel-oujda-180809.html"
"Chef de Projets Photovoltaïque | Skhirate (Maroc)","Jet Energy","Maroc","Ingénieur","Offre d'emploi Chef de Projets Photovoltaïque - Skhirate - Jet Energy Chef de Projets Photovoltaïque - Skhirate Electricité - Travaux / Chantiers / BTP - Secteur BTP / Génie Civil - Energie Intermédiaire (3 à 5 ans) - Confirmé (5 à 10 ans) 2 poste(s) sur Rabat et région - Maroc Bac +5 et plus Minimum - Ecole d'ingénieur Respect des règles Extraversion Flexibilité Travail en équipe Implication au travail Organisation Autre Télétravail : Non Poste avec Management Publiée il y a 2 jours sur ReKrute.com - Postulez avant le 27/06/2026 J'aime Suivre Entreprise : Jet Energy est un acteur de référence dans le secteur de l’énergie, reconnu pour son expertise et son leadership dans le développement de solutions innovantes et durables. L’entreprise s’appuie sur des équipes pluridisciplinaires engagées et un savoir-faire confirmé pour accompagner ses partenaires à travers des projets à forte valeur ajoutée, couvrant la conception, la réalisation et la maintenance de solutions énergétiques. Présente sur des projets structurants, Jet Energy contribue activement à la performance énergétique et au développement durable, en mobilisant l’excellence opérationnelle et l’innovation au service de ses clients, dans un environnement en constante évolution. Poste : Acteur engagé dans la transition énergétique, Jet Energy développe et réalise des projets dans le domaine des énergies renouvelables, notamment le solaire photovoltaïque. Dans le cadre de notre croissance, nous recrutons un(e) Chef de Projets Photovoltaïque. Piloter les projets photovoltaïques de bout en bout (études, réalisation, mise en service) Coordonner les équipes internes et les sous-traitants Assurer le respect des délais, des coûts et de la qualité Superviser les études techniques (dimensionnement, plans d’exécution) Suivre l’avancement des chantiers et garantir la conformité HSE Gérer la relation client et les parties prenantes Assurer le reporting auprès de la direction Profil recherché : Diplôme : Ingénieur d’État (én","Excel, Négociation, Gestion de projet","Bac+5","Confirmé","Non spécifié","Non spécifié","2026-04-29","Rekrute | https://www.rekrute.com/offre-emploi-chef-de-projets-photovoltaique-recrutement-jet-energy-skhirate-182198.html"
"Responsable Logistique Régionale | Casablanca (Maroc)","Lesieur Cristal","Maroc","Ingénieur","Offre d'emploi Responsable Logistique Régionale - Casablanca - Lesieur Cristal Responsable Logistique Régionale - Casablanca Logistique / Transport (métiers de) - Secteur Agroalimentaire - Autres Industries Intermédiaire (3 à 5 ans) 1 poste(s) sur Casablanca et région - Maroc Bac +5 et plus Minimum - Ecole d'ingénieur Respect des règles Besoin d'action Implication au travail Organisation CDI Télétravail : Hybride Poste avec Management Publiée il y a 3 jours sur ReKrute.com - Postulez avant le 31/05/2026 J'aime Suivre Entreprise : Pionnier au Maroc et acteur de référence agro-industriel régional, Lesieur Cristal accompagne depuis près de 80 ans la modernisation des filières oléicole et oléagineuse au Maroc. L’entreprise se positionne également comme le levier de développement du groupe Avril sur le continent africain, capitalisant sur son savoir-faire historique afin de valoriser de nombreuses opportunités de croissance dans le domaine des produits de grande consommation. Intervenant de la graine jusqu’au produit final, Lesieur Cristal dispose d’un dispositif industriel puissant : trois sites de production au Maroc (trituration oléagineuse d’Aïn Sebaâ, complexe industriel d’Aïn Harrouda, trituration d’olives de Kelaat Sraghna), une usine de fabrication de margarine (Indusalim), et deux unités en Tunisie (Cristal Tunise) et au Sénégal (Oleosen). L’entreprise produit et distribue une large gamme d’huiles de table, d’huiles d’olive, de margarine et de savons, qui ont su conquérir l’adhésion et la fidélité renouvelée de plusieurs générations de consommateurs : Lesieur, Cristal, Huilor, Al Horra, Mabrouka, Magdor, Familia, Ledda, Taous, El Kef, El Menjel. Soucieuse de son impact social et environnemental, ouverte vers l’international, Lesieur Cristal investit sur le savoir-faire et l’engagement vers l’excellence de tous ses collaborateurs, acteurs de progrès dans leur environnement. Culture de l'entreprise : Lesieur Cristal se distingue par une culture majoritairement ori","Tableau, SAP, Excel","Bac+5","Non spécifié","Non spécifié","Non spécifié","2026-04-29","Rekrute | https://www.rekrute.com/offre-emploi-responsable-logistique-regionale-recrutement-lesieur-cristal-casablanca-181298.html"
"Ingénieur Procédés industriels | Casablanca (Maroc)","Lesieur Cristal","Maroc","Ingénieur","Offre d'emploi Ingénieur Procédés industriels - Casablanca - Lesieur Cristal Ingénieur Procédés industriels - Casablanca Méthodes / Process / Industrialisation - Secteur Agroalimentaire - Autres Industries Intermédiaire (3 à 5 ans) 1 poste(s) sur Casablanca et région - Maroc Bac +5 et plus Minimum - Ecole d'ingénieur Recherche de nouveauté Respect des règles Rationalisme Flexibilité Besoin de réflexion Besoin d'autonomie Implication au travail Organisation CDI Télétravail : Non Poste avec Management Publiée il y a 3 jours sur ReKrute.com - Postulez avant le 08/06/2026 J'aime Suivre Entreprise : Pionnier au Maroc et acteur de référence agro-industriel régional, Lesieur Cristal accompagne depuis près de 80 ans la modernisation des filières oléicole et oléagineuse au Maroc. L’entreprise se positionne également comme le levier de développement du groupe Avril sur le continent africain, capitalisant sur son savoir-faire historique afin de valoriser de nombreuses opportunités de croissance dans le domaine des produits de grande consommation. Intervenant de la graine jusqu’au produit final, Lesieur Cristal dispose d’un dispositif industriel puissant : trois sites de production au Maroc (trituration oléagineuse d’Aïn Sebaâ, complexe industriel d’Aïn Harrouda, trituration d’olives de Kelaat Sraghna), une usine de fabrication de margarine (Indusalim), et deux unités en Tunisie (Cristal Tunise) et au Sénégal (Oleosen). L’entreprise produit et distribue une large gamme d’huiles de table, d’huiles d’olive, de margarine et de savons, qui ont su conquérir l’adhésion et la fidélité renouvelée de plusieurs générations de consommateurs : Lesieur, Cristal, Huilor, Al Horra, Mabrouka, Magdor, Familia, Ledda, Taous, El Kef, El Menjel. Soucieuse de son impact social et environnemental, ouverte vers l’international, Lesieur Cristal investit sur le savoir-faire et l’engagement vers l’excellence de tous ses collaborateurs, acteurs de progrès dans leur environnement. Culture de l'entreprise ","Tableau, Excel","Bac+5","Non spécifié","Non spécifié","Non spécifié","2026-04-29","Rekrute | https://www.rekrute.com/offre-emploi-ingenieur-procedes-industriels-recrutement-lesieur-cristal-casablanca-181595.html"
"Ingénieur Support Réseaux & Systèmes N2- Multi-Technos -Clients Internationaux- | Casablanca (Maroc)","Hotelitudes","Maroc","Ingénieur","Offre d'emploi Ingénieur Support Réseaux & Systèmes N2- Multi-Technos -Clients Internationaux- - Casablanca - Hotelitudes Ingénieur Support Réseaux & Systèmes N2- Multi-Technos -Clients Internationaux- - Casablanca Informatique / Electronique - Secteur Informatique Junior (1 à 3 ans) - Intermédiaire (3 à 5 ans) Casablanca et région - Maroc Bac +5 et plus Minimum - Ecole d'ingénieur - Université Recherche de nouveauté Besoin de réflexion Travail en équipe Implication au travail CDI Télétravail : Non Publiée il y a 3 jours sur ReKrute.com - Postulez avant le 27/06/2026 J'aime Suivre Entreprise : HOTELITUDES est un acteur reconnu du support et du déploiement à distance des solutions de contenu multimédia, notamment les solutions IPTV et streaming de l’éditeur DirectStreams. Positionnée sur une clientèle hôtelière internationale haut de gamme, l’entreprise mets l’accent sur une forte exigence de qualité de service et une relation client premuim. En parallèle, HOTELITUDES accompagne ses clients sur l’ensemble des infrastructures IP convergentes : réseaux (switching, firewall), Wi-Fi (VSZ), téléphonie IP, vidéosurveillance et infogérance. Rejoindre HOTELITUDES, c’est intégrer une structure à taille humaine, où la collaboration, la responsabilisation de chacun et l’esprit d’équipe sont au cœur du fonctionnement. Vous évoluerez dans un environnement technique riche, avec de réelles opportunités de montée en compétences. Poste : Votre rôle Vous intervenez en tant que Support N2 sur des environnements réseaux complexes et variés (Réseau, Wifi, VoIP, IPTV). Vous êtes au cœur de la relation client, garant de la résolution des incidents, et acteur du déploiement des solutions. Ici, tu touches à tout. Et tu montes vite en compétence ! Vos missions 1-Support technique Prendre en charge les incidents avec réactivité (tickets & hotline) Diagnostiquer, Prioriser, Résoudre les problèmes techniques Assurer le suivi de plusieurs tickets en parallèle 2-Déploiement & exploitation Déployer","Non spécifié","Bac+5","Junior","Français (Courant), Anglais (Courant)","Non spécifié","2026-04-29","Rekrute | https://www.rekrute.com/offre-emploi-ingenieur-support-reseaux-systemes-n2--multi-technos--clients-internationaux--recrutement-hotelitudes-casablanca-182125.html"
"Responsable Trésorerie & Financements (H/F) – 7 ans minimum d’expérience | Casablanca (Maroc)","Disty technologies","Maroc","Ingénieur","Offre d'emploi Responsable Trésorerie & Financements (H/F) – 7 ans minimum d’expérience - Casablanca - Disty technologies Responsable Trésorerie & Financements (H/F) – 7 ans minimum d’expérience - Casablanca Gestion / Comptabilité / Finance - Banque (métiers de la) - Secteur Distribution - Import / Export / Négoce Confirmé (5 à 10 ans) - Expert (10 à 20 ans) 1 poste(s) sur Casablanca et région - Maroc Bac +5 et plus - Ecole d'ingénieur - Master Conventionnel Respect des règles Rationalisme Flexibilité Implication au travail Organisation CDI Télétravail : Non Poste avec Management Publiée il y a 3 jours sur ReKrute.com - Postulez avant le 30/05/2026 J'aime Suivre Entreprise : Et si vous rejoigniez ceux qui font bouger la tech au Maroc ? Disty Technologies est un acteur clé de la distribution IT, connectant les plus grandes marques mondiales (Microsoft, Lenovo, Asus, Schneider-APC…) aux entreprises marocaines. En 15 ans, nous avons construit une organisation solide et agile : Près de 700 MDH de chiffre d’affaires, 70 collaborateurs, une présence nationale. Chez Disty , vous évoluez dans un environnement dynamique où responsabilité, proximité client et performance sont au cœur du quotidien. Impact rapide, montée en compétences accélérée, projets concrets sur un marché en pleine transformation. Rejoignez une équipe engagée au cœur de l’écosystème tech. Culture de l'entreprise : Disty Technologies évolue dans une culture fortement orientée vers la performance et la compétition , où l’ambition, le goût du challenge et l’orientation client constituent des leviers centraux de réussite. Cette dynamique est équilibrée par une dimension de coopération , favorisant la confiance, la responsabilisation et un management de proximité. L’entreprise intègre également une culture d’ innovation , encourageant l’initiative, l’adaptabilité et l’expérimentation. Enfin, une base d’ organisation structurée soutient l’ensemble par la rigueur des processus, la fiabilité et l’efficacité opérat","Agile","Bac+5","Confirmé","Non spécifié","Non spécifié","2026-04-29","Rekrute | https://www.rekrute.com/offre-emploi-responsable-tresorerie-financements-hf-7-ans-minimum-dexperience-recrutement-disty-technologies-casablanca-181292.html"
"Ingénieur d'études Structure | Salé, Technopolis (Maroc)","Novec","Maroc","Ingénieur","Offre d'emploi Ingénieur d'études Structure - Salé, Technopolis - Novec Ingénieur d'études Structure - Salé, Technopolis Gestion projet / Etudes / R&D - Travaux / Chantiers / BTP - Secteur Conseil / Etudes - Autres Industries Débutant (-1 an) - Junior (1 à 3 ans) 2 poste(s) sur Rabat et région - Maroc Bac +5 et plus Minimum - Ecole d'ingénieur Rationalisme Besoin d'autonomie Ambition Recherche de nouveauté Ténacité Organisation Respect des règles Implication au travail CDI Télétravail : Non Publiée il y a 4 jours sur ReKrute.com - Postulez avant le 18/05/2026 J'aime Suivre Entreprise : Novec est le fruit de la fusion entre les sociétés Ingéma et Scet-scom , dont CDG développement est l’actionnaire de référence. Fort de l’expertise de ces deux bureaux d’études, Novec est désormais un acteur de premier ordre dans le domaine de l’ingénierie, employant près de 500 collaborateurs, intervenant dans des domaines d’activité variés et disposant d’implantations régionales. Novec ambitionne de doter le pays d’une ingénierie d’excellence offrant des services de haut niveau dans les métiers en rapport avec le développement territorial durable, tant à l’intérieur du Royaume qu’à l’international. Poste : Rattaché au Service Structures , vous avez pour missions : Réalisation des études de structures d’exécution Etude du comportement des structures et calculs spécifiques Modélisation et calculs informatiques Mise en œuvre des plans de coffrage associés Analyse de la fiabilité technique des dossiers Participation aux réunions clients et équipes travaux Profil recherché : De formation Ingénieur en génie Civil vous justifiez d’une expérience entre 0 et 3 ans dans le domaine des études de structures. Vous avez une expérience pratique dans l'utilisation des logiciels Revit, ROBOT et Dynamo, et idéalement, vous avez de bonnes connaissances en BIM coordination. Passionné de technique, vous avez le goût du travail en équipe et souhaitez vous investir au sein d'un groupe de référence. Vos co","Excel","Bac+5","Débutant","Non spécifié","Non spécifié","2026-04-29","Rekrute | https://www.rekrute.com/offre-emploi-ingenieur-detudes-structure-recrutement-novec-sale-technopolis-180945.html"
"Ingénieur d’études en Assainissement et drainage d'ouvrage linéaire | Salé, Technopolis (Maroc)","Novec","Maroc","Ingénieur","Offre d'emploi Ingénieur d’études en Assainissement et drainage d'ouvrage linéaire - Salé, Technopolis - Novec Ingénieur d’études en Assainissement et drainage d'ouvrage linéaire - Salé, Technopolis Environnement (métiers de l') - Gestion projet / Etudes / R&D - Secteur BTP / Génie Civil - Conseil / Etudes Intermédiaire (3 à 5 ans) 1 poste(s) sur Rabat et région - Maroc Bac +5 et plus Minimum - Ecole d'ingénieur Recherche de nouveauté Respect des règles Rationalisme Ténacité Besoin d'action Ambition Besoin d'autonomie Implication au travail CDI Télétravail : Non Publiée il y a 4 jours sur ReKrute.com - Postulez avant le 29/05/2026 J'aime Suivre Entreprise : Novec est le fruit de la fusion entre les sociétés Ingéma et Scet-scom , dont CDG développement est l’actionnaire de référence. Fort de l’expertise de ces deux bureaux d’études, Novec est désormais un acteur de premier ordre dans le domaine de l’ingénierie, employant près de 500 collaborateurs, intervenant dans des domaines d’activité variés et disposant d’implantations régionales. Novec ambitionne de doter le pays d’une ingénierie d’excellence offrant des services de haut niveau dans les métiers en rapport avec le développement territorial durable, tant à l’intérieur du Royaume qu’à l’international. Poste : Rattaché au Département Transport, vous avez pour missions : Concevoir, planifier et mettre en œuvre des projets liés aux transports, Collecter, analyser et interpréter des données hydrologiques, météorologiques et géographiques, Conduire des études approfondies d’hydrologique-hydraulique-assainissement et drainage, comprenant l'analyse des risques, la modélisation hydraulique et la conception de solutions d'ingénierie pour réduire l'impact sur les aménagements, Concevoir et mettre en œuvre des systèmes de gestion des eaux pluviales et des eaux usées, Rédiger des rapports techniques, présenter des résultats et des recommandations aux clients et aux parties prenantes. Novec s’engage à promouvoir la mixité dans","Excel","Bac+5","Expert","Non spécifié","Non spécifié","2026-04-29","Rekrute | https://www.rekrute.com/offre-emploi-ingenieur-detudes-en-assainissement-et-drainage-douvrage-lineaire-recrutement-novec-sale-technopolis-181223.html"
"Chef de projet Eau potable et assainissement | Salé (Technopolis) (Maroc)","Novec","Maroc","Ingénieur","Offre d'emploi Chef de projet Eau potable et assainissement - Salé (Technopolis) - Novec Chef de projet Eau potable et assainissement - Salé (Technopolis) Travaux / Chantiers / BTP - Gestion projet / Etudes / R&D - Secteur BTP / Génie Civil Confirmé (5 à 10 ans) 1 poste(s) sur Rabat et région - Maroc Bac +5 et plus Minimum - Ecole d'ingénieur Ténacité Organisation Respect des règles Implication au travail Rationalisme Besoin d'autonomie Ambition Recherche de nouveauté CDI Télétravail : Non Publiée il y a 4 jours sur ReKrute.com - Postulez avant le 29/05/2026 J'aime Suivre Entreprise : Novec est le fruit de la fusion entre les sociétés Ingéma et Scet-scom, dont CDG développement est l’actionnaire de référence. Fort de l’expertise de ces deux bureaux d’études, Novec est désormais un acteur de premier ordre dans le domaine de l’ingénierie, employant près de 500 collaborateurs, intervenant dans des domaines d’activité variés et disposant d’implantations régionales. Novec ambitionne de doter le pays d’une ingénierie d’excellence offrant des services de haut niveau dans les métiers en rapport avec le développement territorial durable, tant à l’intérieur du Royaume qu’à l’international. Poste : Rattaché à la Direction Eau potable et assainissement , vous avez pour missions : A la demande, dans le cadre d'appel d'offre, contribuer à la préparation de sous ensemble des offres techniques, selon les instructions du Directeur, Assurer la collecte des données nécessaires pour les projets, les organiser et les synthétiser, Fixer les conditions d'exécution de l'ouvrage en réalisant les travaux de dimensionnement demandés, en utilisant les techniques ou logiciels idoines, selon la qualité, dans le respect des normes techniques et dans le respect des contraintes de délais et de coûts, Transporter en données techniques ( notes de calcul, plans, estimations financières, etc), les données exprimés sous tout autre format ( contraintes clients, exigences normatives, contraintes environne","Excel, Gestion de projet","Bac+5","Confirmé","Non spécifié","Non spécifié","2026-04-29","Rekrute | https://www.rekrute.com/offre-emploi-chef-de-projet-eau-potable-et-assainissement-recrutement-novec-sale-technopolis-181226.html"
"Ingénieur Agronome – Spécialiste en Pédologie / Management des Ressources en Sols et en Eaux | Salé (Technopolis) (Maroc)","Novec","Maroc","Ingénieur","Offre d'emploi Ingénieur Agronome – Spécialiste en Pédologie / Management des Ressources en Sols et en Eaux - Salé (Technopolis) - Novec Ingénieur Agronome – Spécialiste en Pédologie / Management des Ressources en Sols et en Eaux - Salé (Technopolis) Agriculture (métiers de l') - Environnement (métiers de l') - Secteur Agriculture / Environnement - Conseil / Etudes Confirmé (5 à 10 ans) 1 poste(s) sur Rabat et région - Maroc Bac +5 et plus Minimum - Ecole d'ingénieur Respect des règles Extraversion Rationalisme Ténacité Implication au travail CDI Télétravail : Non Publiée il y a 4 jours sur ReKrute.com - Postulez avant le 29/05/2026 J'aime Suivre Entreprise : Novec est le fruit de la fusion entre les sociétés Ingéma et Scet-scom , dont CDG développement est l’actionnaire de référence. Fort de l’expertise de ces deux bureaux d’études, Novec est désormais un acteur de premier ordre dans le domaine de l’ingénierie, employant près de 500 collaborateurs, intervenant dans des domaines d’activité variés et disposant d’implantations régionales. Novec ambitionne de doter le pays d’une ingénierie d’excellence offrant des services de haut niveau dans les métiers en rapport avec le développement territorial durable, tant à l’intérieur du Royaume qu’à l’international. Poste : Rattaché à la Direction Agriculture et Développement rural , vous avez pour mission: Assurer le pilotage et la conduite de projets d’études relatifs aux ressources naturelles, à l’environnement, aux sols et à l’eau, depuis la phase de cadrage jusqu’à la restitution finale, Réaliser et superviser des études techniques spécialisées (diagnostics pédologiques, analyses des sols, gestion et valorisation des ressources en eau, études d’impact, etc.), Apporter une expertise technique “Sols & Eaux”, en garantissant la qualité scientifique et méthodologique des livrables, Coordonner les activités de terrain et assurer l’interface avec les différentes parties prenantes (équipes internes, partenaires, institutions, cl","Excel, Gestion de projet","Bac+5","Confirmé","Non spécifié","Non spécifié","2026-04-29","Rekrute | https://www.rekrute.com/offre-emploi-ingenieur-agronome-specialiste-en-pedologie-management-des-ressources-en-sols-et-en-eaux-recrutement-novec-sale-technopolis-181227.html"
"Ingénieur d'études VRD | Salé, Technopolis (Maroc)","Novec","Maroc","Ingénieur","Offre d'emploi Ingénieur d'études VRD - Salé, Technopolis - Novec Ingénieur d'études VRD - Salé, Technopolis Environnement (métiers de l') - Gestion projet / Etudes / R&D - Secteur BTP / Génie Civil - Conseil / Etudes Confirmé (5 à 10 ans) 1 poste(s) sur Rabat et région - Maroc Bac +5 et plus Minimum - Ecole d'ingénieur Recherche de nouveauté Respect des règles Rationalisme Ténacité Besoin d'action Ambition Besoin d'autonomie Implication au travail CDI Télétravail : Non Publiée il y a 4 jours sur ReKrute.com - Postulez avant le 29/05/2026 J'aime Suivre Entreprise : Novec est le fruit de la fusion entre les sociétés Ingéma et Scet-scom , dont CDG développement est l’actionnaire de référence. Fort de l’expertise de ces deux bureaux d’études, Novec est désormais un acteur de premier ordre dans le domaine de l’ingénierie, employant près de 500 collaborateurs, intervenant dans des domaines d’activité variés et disposant d’implantations régionales. Novec ambitionne de doter le pays d’une ingénierie d’excellence offrant des services de haut niveau dans les métiers en rapport avec le développement territorial durable, tant à l’intérieur du Royaume qu’à l’international. Poste : Rattaché à la Direction Aménagement urbain, vous avez pour missions : Développement et gestion commerciale Contribuer à la préparation des appels d’offres, Travaux de conception dans le cadre des projets confiés Assurer la collecte des données nécessaires pour les projets, les organiser et les synthétiser Contribuer à fixer les conditions d’exécution de l’ouvrage en réalisant les travaux de dimensionnement demandés, en utilisant les techniques ou logiciels idoines, selon la qualité requise, dans le respect des normes techniques, des contraintes de délais et de coûts Transposer en données techniques (notes de calcul, plans, estimations financières, etc.), les données exprimées sous tout autre format (contraintes clients, exigences normatives, contraintes environnementales, dessins, etc.) Réaliser les t","Excel, Gestion de projet","Bac+5","Confirmé","Non spécifié","Non spécifié","2026-04-29","Rekrute | https://www.rekrute.com/offre-emploi-ingenieur-detudes-vrd-recrutement-novec-sale-technopolis-181230.html"
"Ingénieur d'études Eau potable et Assainissement | Salé, Technopolis (Maroc)","Novec","Maroc","Ingénieur","Offre d'emploi Ingénieur d'études Eau potable et Assainissement - Salé, Technopolis - Novec Ingénieur d'études Eau potable et Assainissement - Salé, Technopolis Environnement (métiers de l') - Gestion projet / Etudes / R&D - Secteur BTP / Génie Civil - Conseil / Etudes Débutant (-1 an) - Junior (1 à 3 ans) 1 poste(s) sur Rabat et région - Maroc Bac +5 et plus Minimum - Ecole d'ingénieur Recherche de nouveauté Respect des règles Rationalisme Ténacité Besoin d'action Ambition Besoin d'autonomie Implication au travail CDI Télétravail : Non Publiée il y a 4 jours sur ReKrute.com - Postulez avant le 10/06/2026 J'aime Suivre Entreprise : Novec est le fruit de la fusion entre les sociétés Ingéma et Scet-scom , dont CDG développement est l’actionnaire de référence. Fort de l’expertise de ces deux bureaux d’études, Novec est désormais un acteur de premier ordre dans le domaine de l’ingénierie, employant près de 500 collaborateurs, intervenant dans des domaines d’activité variés et disposant d’implantations régionales. Novec ambitionne de doter le pays d’une ingénierie d’excellence offrant des services de haut niveau dans les métiers en rapport avec le développement territorial durable, tant à l’intérieur du Royaume qu’à l’international. Poste : Rattaché à la Direction Eau potable et Assainissement vous avez pour mission: A la demande, dans le cadre d’appel d’offre, contribuer à la préparation de sous ensemble des offres techniques, selon les instructions du chef de projet ou Directeur DEPA Travaux de conception dans le cadre des projets confiés Assurer la collecte des données nécessaires pour les projets, les organiser et les synthétiser Contribuer à fixer les conditions d’exécution de l’ouvrage en réalisant les travaux de dimensionnement demandés, en utilisant les techniques ou logiciels idoines, selon la qualité requise, dans le respect des normes techniques et dans le respect des contraintes de délais et de coûts transposer en données techniques (notes de calcul, plans, e","Excel, Gestion de projet","Bac+5","Débutant","Non spécifié","Non spécifié","2026-04-29","Rekrute | https://www.rekrute.com/offre-emploi-ingenieur-detudes-eau-potable-et-assainissement-recrutement-novec-sale-technopolis-181693.html"
"Architecte Fibre Optique | Rabat (Maroc)","BTechnologie","Maroc","Ingénieur","Offre d'emploi Architecte Fibre Optique - Rabat - BTechnologie Architecte Fibre Optique - Rabat Télécom / Réseaux - Secteur Telecom Confirmé (5 à 10 ans) - Expert (10 à 20 ans) 1 poste(s) sur Rabat et région - Maroc Bac +5 et plus Minimum - Ecole d'ingénieur Recherche de nouveauté Besoin de réflexion Besoin d'autonomie Implication au travail Ambition CDI Télétravail : Hybride Publiée il y a 5 jours sur ReKrute.com - Postulez avant le 24/06/2026 J'aime Suivre Entreprise : BTECHNOLOGIE est un centre d’excellence premium au service de Bouygues Telecom filiale du groupe Accenture, visant à augmenter sa capacité de delivery, à améliorer la qualité perçue par ses clients finaux et à accompagner la croissance technologique dans une perspective d’économie décarbonée. Aujourd'hui, le centre compte plus de 500 talents et ambitionne d’atteindre les 1000 talents d’ici 2026. Envie de nouvelles perspectives de carrière ? Nous vous invitons à rejoindre notre centre d'excellence à Rabat, où vous participerez à des projets d'envergure avec une vision à long terme. Chaque jour est une opportunité de relever de nouveaux défis et de contribuer à façonner l'avenir de la technologie. Ensemble, nous bâtissons un avenir innovant, propulsé par votre talent et notre passion pour l'excellence. En intégrant notre équipe, vous serez reconnu(e) comme un collaborateur interne de Bouygues Telecom, acteur majeur des télécommunications. Nos atouts chez BTechnologie : • Bénéficiez d’un accompagnement personnalisé dès votre 1er jour d’arrivée par notre équipe Onboarding et votre futur Manager (accueil au sein de nos locaux à Rabat, journée d’onboarding, petit-déjeuner convivial). • Développez vos compétences techniques, fonctionnelles ou de management, grâce au catalogues de formations Accenture et à l’aide de nos Practice Managers et de leurs communautés. • Faîtes évoluer votre carrière grâce à notre politique de mobilité. Poste : Dans le cadre du développement et de l’extension de réseaux FTTH / FTT","Excel","Bac+5","Confirmé","Non spécifié","Non spécifié","2026-04-29","Rekrute | https://www.rekrute.com/offre-emploi-architecte-fibre-optique-recrutement-btechnologie-rabat-182190.html"
"Responsable d'Affaires - Actemium (H/F) | Casablanca (Maroc)","VINCI Energies Afrique de l'Ouest","Maroc","Ingénieur","Offre d'emploi Responsable d'Affaires - Actemium (H/F) - Casablanca - VINCI Energies Afrique de l'Ouest Responsable d'Affaires - Actemium (H/F) - Casablanca Electricité - Gestion projet / Etudes / R&D - Secteur Electro-mécanique / Mécanique - Electricité Confirmé (5 à 10 ans) 4 poste(s) sur Tout le Maroc - Maroc Bac +5 et plus Minimum - Ecole d'ingénieur Recherche de nouveauté Ambition Organisation CDI Télétravail : Non Poste avec Management Publiée il y a 5 jours sur ReKrute.com - Postulez avant le 24/06/2026 J'aime Suivre Entreprise : À Propos de VINCI Energies Afrique de l'Ouest VINCI Energies Afrique de l'Ouest (VEAO) est un pôle de VINCI Energie, entité du Groupe VINCI, regroupant plus de 3000 collaborateurs répartis à travers 5 pays de la région (Bénin, Côte d'Ivoire, Guinée, Sénégal, Maroc et Mauritanie) et représenté par 6 marques : Omexom, Actemium, Axians, Citeos, Cegelec, VINCI Energies Building Solutions et VINCI Facilities. Présent au Maroc à travers la marque Cegelec depuis 1946 et solidement ancré en Afrique par ses 55 entreprises, VEAO offre aujourd’hui à ses partenaires une large palette d’expertises (conception, réalisation et maintenance) dans l’énergie, l’industrie, le tertiaire et les télécommunications. VINCI Energies au Maroc, contribue activement au développement économique et social du pays en s’appuyant sur les compétences pluridisciplinaires de ses équipes locales et bénéficie du vaste réseau de marques de VINCI Energies pour offrir des solutions innovantes et pérennes à ses clients. Poste : Nous sommes à la recherche d'un(e) Responsable d'Affaires Industrie Sénior pour rejoindre notre équipe dynamique. Le candidat idéal possède au moins 10 ans d'expérience dans les domaines suivants: Electrcicité électronique, électrotechnique ou automatisme, avec une expertise avérée dans la gestion de projets d'installation électrique. Responsabilités : Gestion complète des projets, de la conception à la mise en service, en veillant au respect des délai","Excel, Gestion de projet","Bac+5","10 ans","Non spécifié","Non spécifié","2026-04-29","Rekrute | https://www.rekrute.com/offre-emploi-responsable-daffaires---actemium-hf-recrutement-vinci-energies-afrique-de-louest-casablanca-182185.html"
"Ingénieur Support (F/H) | Rabat (Maroc)","Sofrecom Maroc","Maroc","Ingénieur","Offre d'emploi Ingénieur Support (F/H) - Rabat - Sofrecom Maroc Ingénieur Support (F/H) - Rabat Informatique / Electronique - Télécom / Réseaux - Secteur Informatique Junior (1 à 3 ans) 1 poste(s) sur Rabat et région - Maroc Bac +5 et plus Minimum - Ecole d'ingénieur Recherche de nouveauté Besoin de réflexion Besoin d'autonomie Implication au travail Ambition CDI Télétravail : Hybride Publiée il y a 5 jours sur ReKrute.com - Postulez avant le 24/06/2026 J'aime Suivre Entreprise : Vous êtes en quête de nouveaux défis et souhaitez donner un nouvel élan à votre carrière ? Rejoignez Sofrecom , une entreprise où l’agilité, l’audace et l’esprit d’équipe sont au cœur de notre culture, et où chacun peut s’épanouir pleinement. Filiale du groupe Orange, Sofrecom est une société de conseil et d’ingénierie spécialisée dans les télécommunications. Nous accompagnons nos clients dans leur transformation numérique, en les aidant à anticiper les évolutions technologiques, adapter leurs activités, moderniser leurs organisations et développer des solutions durables et performantes. Avec plus de 3 000 consultant(e)s et expert(e)s issus de 34 nationalités et répartis sur 9 implantations dans le monde, Sofrecom s’appuie sur la richesse des parcours et des talents pour stimuler l’innovation et viser l’excellence. Notre culture d’entreprise valorise un environnement inclusif, diversifié et équitable, où chaque personne est encouragée à s’épanouir pleinement. Nous favorisons l’intégration des jeunes talents, soutenons l’évolution des collaboratrices et collaborateurs expérimentés, et promouvons l’égalité professionnelle pour toutes et tous. Nous nous engageons également à créer des conditions propices à la pleine participation des personnes en situation de handicap. Ainsi, chacun·e peut développer ses compétences, contribuer activement et progresser dans sa carrière, dans un cadre bienveillant, stimulant et respectueux de la diversité. Rejoindre Sofrecom , c’est participer à des projets pas","Excel","Bac+5","Junior","Non spécifié","Non spécifié","2026-04-29","Rekrute | https://www.rekrute.com/offre-emploi-ingenieur-support-fh-recrutement-sofrecom-maroc-rabat-182173.html"
"Ingénieur d'études Fluides | Salé, Technopolis (Maroc)","Novec","Maroc","Ingénieur","Offre d'emploi Ingénieur d'études Fluides - Salé, Technopolis - Novec Ingénieur d'études Fluides - Salé, Technopolis Gestion projet / Etudes / R&D - Méthodes / Process / Industrialisation - Secteur BTP / Génie Civil - Intermédiaire (3 à 5 ans) 1 poste(s) sur Rabat et région - Maroc Bac +5 et plus Minimum - Ecole d'ingénieur Recherche de nouveauté Respect des règles Rationalisme Besoin d'action Travail en équipe Implication au travail Ambition Organisation CDI Télétravail : Non Publiée il y a 5 jours sur ReKrute.com - Postulez avant le 24/06/2026 J'aime Suivre Entreprise : Novec, ingénieurs conseils depuis 1958, est aujourd’hui acteur majeur de l’ingénierie en Afrique. Filiale du groupe Caisse de Dépôt et de Gestion, Novec offre une ingénierie d’excellence, capable d’accompagner le développement du Royaume dans ses projets territoriaux et d’accompagner les projets de croissance en Afrique et au Moyen- Orient. Fort d’une équipe pluridisciplinaire comptant près de 500 collaborateurs, Novec intervient dans des domaines d’activités variés couvrant les grandes infrastructures, l’eau, l’environnement, l’agriculture, l’énergie et le bâtiment. Poste : Rattaché au Service Fluides du Pôle Bâtiment, vous avez pour missions : • Réalisation des études techniques pour les différents lots fluides, • Suivi des travaux liés aux installations fluides sur le chantier, • Etablissement des pièces écrites techniques, • Elaboration de simulations numériques pour optimiser les système fluides, • Etablissement de notes de calcul détaillées, • Rédaction des rapports relatifs aux analyses techniques effectuées, • Evaluation des risques liés aux installations fluides et mise en place des mesures préventives, • Gestion des interfaces avec les autres disciplines du projets ( structure, électricité, etc.), • Respect des normes et réglementation en vigueur dans le domaine des fluides, • Evaluation des performances énergétiques des systèmes fluides et propositions d’amélioration. Profil recherché : ","Excel","Bac+5","Non spécifié","Non spécifié","Non spécifié","2026-04-29","Rekrute | https://www.rekrute.com/offre-emploi-ingenieur-detudes-fluides-recrutement-novec-sale-technopolis-182167.html"
"Chef de Projet Ouvrages d'art | Salé (Technopolis) (Maroc)","Novec","Maroc","Ingénieur","Offre d'emploi Chef de Projet Ouvrages d'art - Salé (Technopolis) - Novec Chef de Projet Ouvrages d'art - Salé (Technopolis) Gestion projet / Etudes / R&D - Travaux / Chantiers / BTP - Secteur BTP / Génie Civil - Confirmé (5 à 10 ans) 1 poste(s) sur Rabat et région - Maroc Bac +5 et plus Minimum - Ecole d'ingénieur Recherche de nouveauté Respect des règles Rationalisme Ténacité Ambition Besoin d'autonomie Implication au travail Organisation CDI Télétravail : Non Poste avec Management Publiée il y a 5 jours sur ReKrute.com - Postulez avant le 24/06/2026 J'aime Suivre Entreprise : Novec est le fruit de la fusion entre les sociétés Ingéma et Scet-scom, dont CDG est l’actionnaire de référence. Fort de l’expertise de ces deux bureaux d’études, Novec est désormais un acteur de premier ordre dans le domaine de l’ingénierie, employant près de 500 collaborateurs, intervenant dans des domaines d’activité variés et disposant d’implantations régionales. Novec ambitionne de doter le pays d’une ingénierie d’excellence offrant des services de haut niveau dans les métiers en rapport avec le développement territorial durable, tant à l’intérieur du Royaume qu’à l’international. Poste : Rattaché au Département Ouvrages d’Art, vous avez pour missions : Participer à l’élaboration des études des Ouvrages d’Art, Vérifier la conformité des contrats par rapport à l’offre et aux engagements de la société, Assurer la chefferie de projet au sein du département Ouvrages d’art, Encadrer et superviser l’équipe des ingénieurs, des projeteurs et de dessinateurs impliqués dans les projets Assurer le suivi technique des plans d’exécution et la conformité des prestations réalisées. Profil recherché : De formation Ingénieur en génie civil, Vous avez une expérience minimum de 7 ans dans les études des ouvrages d'art, Connaissances de la réglementation technique et les normes de conception des ouvrages d’art, Capacité à respecter les délais à et coordonner les différentes phases du projet, Compréhension ","Excel","Bac+5","Confirmé","Non spécifié","Non spécifié","2026-04-29","Rekrute | https://www.rekrute.com/offre-emploi-chef-de-projet-ouvrages-dart-recrutement-novec-sale-technopolis-182164.html"
"Ingénieur support PHP (F/H) | Casablanca (Maroc)","Sofrecom Maroc","Maroc","Ingénieur","Offre d'emploi Ingénieur support PHP (F/H) - Casablanca - Sofrecom Maroc Ingénieur support PHP (F/H) - Casablanca Informatique / Electronique - Secteur Informatique Confirmé (5 à 10 ans) Casablanca et région - Maroc Bac +5 et plus Minimum - Ecole d'ingénieur - Master Recherche de nouveauté Besoin de réflexion Besoin d'autonomie Implication au travail Ambition CDI Télétravail : Hybride Publiée il y a 5 jours sur ReKrute.com - Postulez avant le 24/06/2026 J'aime Suivre Entreprise : Vous êtes en quête de nouveaux défis et souhaitez donner un nouvel élan à votre carrière ? Rejoignez Sofrecom , une entreprise où l’agilité, l’audace et l’esprit d’équipe sont au cœur de notre culture, et où chacun peut s’épanouir pleinement. Filiale du groupe Orange, Sofrecom est une société de conseil et d’ingénierie spécialisée dans les télécommunications. Nous accompagnons nos clients dans leur transformation numérique, en les aidant à anticiper les évolutions technologiques, adapter leurs activités, moderniser leurs organisations et développer des solutions durables et performantes. Avec plus de 3 000 consultant(e)s et expert(e)s issus de 34 nationalités et répartis sur 9 implantations dans le monde, Sofrecom s’appuie sur la richesse des parcours et des talents pour stimuler l’innovation et viser l’excellence. Notre culture d’entreprise valorise un environnement inclusif, diversifié et équitable, où chaque personne est encouragée à s’épanouir pleinement. Nous favorisons l’intégration des jeunes talents, soutenons l’évolution des collaboratrices et collaborateurs expérimentés, et promouvons l’égalité professionnelle pour toutes et tous. Nous nous engageons également à créer des conditions propices à la pleine participation des personnes en situation de handicap. Ainsi, chacun·e peut développer ses compétences, contribuer activement et progresser dans sa carrière, dans un cadre bienveillant, stimulant et respectueux de la diversité. Rejoindre Sofrecom , c’est participer à des projets pas","SQL, PHP, Excel","Bac+5","Confirmé","Français (Courant), Anglais (Courant)","Non spécifié","2026-04-29","Rekrute | https://www.rekrute.com/offre-emploi-ingenieur-support-php-fh-recrutement-sofrecom-maroc-casablanca-182149.html"
"Ingénieur Process (H/F)","EXPERT EYE ENGINEERING","Casablanca-Mohammedia","Ingénierie, études développement","Nous sommes à la recherche d'un Ingénieur Process (H/F). Missions principales Intégré au pôle ingénierie, l’ingénieur process interviendra sur des projets industriels, énergétiques et d’infrastructures, principalement en phase études : Réalisation des études de procédé (faisabilité, APS, APD, ingénierie de base et détaillée) Élaboration et mise à jour des PFD / PID, bilans matière et énergie Définition des bases de conception (Design Basis) et notes de calcul process Réalisation des calculs hydrauliques (pertes de charge, dimensionnement des lignes, sélection des pompes, régimes d’écoulement) Réalisation des calculs de flexibilité des réseaux de tuyauterie en coordination avec la discipline piping Dimensionnement des équipements process (réservoirs, échangeurs, pompes, compresseurs, colonnes, utilités, etc.) Rédaction des spécifications techniques process pour consultation fournisseurs Analyse des conditions opératoires, transitoires et scénarios de fonctionnement Participation aux études de sécurité (HAZID, HAZOP, ATEX – selon projets) Interface technique avec les disciplines piping, mécanique, instrumentation et électricité Participation aux revues techniques clients et internes","Diplôme d’ingénieur (Génie des procédés ou équivalent) Expérience confirmée en bureau d’études ou ingénierie industrielle Maîtrise des calculs hydrauliques et compréhension des problématiques de flexibilité des lignes Connaissance des normes et codes applicables (API, ASME, ISO, EN – selon projets) Capacité à produire des notes de calcul et livrables techniques exploitables Rigueur, autonomie et sens de l’ingénierie Maîtrise du français et de l’anglais technique","Bac+5 et plus","Expérience entre 5 ans et 10 ans - Expérience > 10 ans","Français, Anglais","CDI","2026-04-29","Emploi.ma | https://www.emploi.ma/offre-emploi-maroc/ingenieur-process-hf-casablanca-9272501"
"Responsables de Magasin","MARJANE MARKET","Casablanca-Mohammedia","Produits de grande consommation","Dans le cadre de l’ouverture de nouveaux sites, Marjane Market recrute des Responsables Magasins (H/F) pour les villes de : Casablanca et El Jadida. Vous serez rattaché au Directeur Régional, vous dirigez une surface de vente, coordonnez et optimisez l’activité, contrôlez la gestion quotidienne et encadrez une équipe. Dans ce cadre vous serez directement responsable du résultat d’exploitation du magasin et pleinement impliqué(e) sur les missions suivantes : Contribuer au développement du chiffre d’affaires et de la marge ; Établir les prévisions des ventes et s’assurer de la fidélisation des clients…); Établir le budget prévisionnel annuel ; Analyser les tableaux de pilotage et mettre en place des plans d’action, être le garant du respect des procédures ; Animer l’équipe de vente, Organiser la communication interne ; Veiller au respect de la législation sociale et la sécurité.","Profil recherché : Formation supérieure en commerce et gestion (Bac+5) ; Expérience professionnelle de plus de 3ans en tant que patron d’un centre de profit ou d’une direction commerciale ; Vous êtes un gestionnaire confirmé et faîtes preuve d’excellentes capacités relationnelles et managériale ; La maitrise des outils bureautiques et de gestion en entreprise sont nécessaires pour ce poste.","Bac+4 - Bac+5 et plus","Expérience entre 2 ans et 5 ans","Français (Courant)","CDI","2026-04-29","Emploi.ma | https://www.emploi.ma/offre-emploi-maroc/responsables-magasin-casablanca-el-jadida-9273985"
"Ingénieur Étude de Prix et Développement","N/A","Rabat-Salé-Kénitra","N/A","Ingénieur de formation Génie civil ou hydraulique, vous êtes passionné par la réalisation des études de budgétisation le développement des méthodes d’exécution et l'élaboration du dossier des Appels d'offre et d’exécution et vous voulez mettre en œuvre votre goût pour la communication, votre dynamisme et votre sens du service. L'entreprise Riegonor renforce son équipe et recrute un Ingénieur Étude de Prix et Développement sur Kénitra. Missions : Réaliser les études de marché (Biens, clients, la concurrence, l’environnement politique, économique et juridique, la conjoncture) Conquérir de nouveaux clients par de nouvelles stratégies marketing (publicités, participations aux salons, …) Valoriser le potentiel de l’entreprise (Qualification et classification,certification) Assurer la veille du marché Développer le panel Produits, Clients à l’échelle nationale et internationale Répondre aux consultations et aux sollicitations des clients publics et privés, soit en négoce ou en projet. Suivre et analyser de façon pertinente les résultats de chaque offre pour capitaliser. Assurer la mise en place des démarches nécessaires à la concrétisation de la transaction. Élaborer les tableaux de bords et indicateurs nécessaire au pilotage commercial et à la mesure de sa performance (PPC-CCF-Tableaux de suivis). Transférer les dossiers des transactions adjugées aux processus concernés (Travaux pour les projets, Achats logistique pour les ventes). Participer dans les processus réalisation et vente en terme d’étude d’exécution, de variantes techniques, variation des masses de travaux, d’étude d’agrément et de recollement. Participer à la réunion de clôture de tous les projets. Suivre la réclamation et en ressortir les indicateurs de la non qualité et de la satisfaction client Appliquer et Veiller à l’application des processus et procédures Ainsi, tout en collaborant avec l'équipe en place, vous gérez en toute autonomie l'intégralité du cycle de l'ingénierie d'affaires, de l'analyse des b","Ingénieur Génie Civil ou Hydraulique Ayant au minimum 5 ans d'expérience dans la réalisation des études Bonne maîtrise des logiciels de calcul Bonne maîtrise des langues Autonome, Ambitieux et Rigoureux.","Bac+5 et plus","Expérience entre 2 ans et 5 ans","Français, Anglais","CDI","2026-04-29","Emploi.ma | https://www.emploi.ma/offre-emploi-maroc/ingenieur-etude-prix-developpement-kenitra-9335258"
"Responsable Finance et Comptabilité","TK BETON","Rabat-Salé-Kénitra","Industrie, production, fabrication, autres","Nous sommes un groupe industriel basé dans la région de kenitra nous recrutons un Responsable Financier Groupe pour rejoindre notre équipe et accompagner notre développement. Missions principales : En tant que Responsable Financier, vous serez un acteur clé dans la gestion financière du groupe. Vos principales missions seront les suivantes : Superviser l'ensemble des fonctions financières : comptabilité, trésorerie, contrôle de gestion, fiscalité, etc. Élaborer, mettre en place et suivre les budgets et les prévisions financières. Analyser les résultats financiers et fournir des recommandations à la direction générale pour soutenir la prise de décisions stratégiques. Assurer la gestion de la trésorerie et optimiser la rentabilité de l'entreprise. Piloter les audits internes et externes. Participer à la définition des objectifs financiers et à l'élaboration de la stratégie du groupe. Encadrer une équipe de quatre collaborateurs et garantir le bon fonctionnement des services financiers. Assurer la conformité aux normes comptables, fiscales et réglementaires","Profil recherché : Formation supérieure en Finance (Master, ou équivalent). Expérience de 5ans minimum dans un poste similaire, idéalement dans un environnement industriel. Maîtrise des outils de gestion financière Excellentes capacités d’analyse, de synthèse et de communication. Autonomie, rigueur, et esprit d’équipe.","Bac+5 et plus","Expérience entre 2 ans et 5 ans - Expérience entre 5 ans et 10 ans","Non spécifié","CDI","2026-04-29","Emploi.ma | https://www.emploi.ma/offre-emploi-maroc/responsable-finance-comptabilite-kenitra-9289332"
"Professeur Permanent en Informatique","EDVANTIS HIGHER EDUCATION GROUP","Fès","Éducation, formation","Dans le cadre de son développement, le groupe Edvantis recrute pour son campus ISGA à Fès des Enseignants Chercheurs Permanents en Informatique. Missions: Enseignement (cours et des Travaux Dirigés) et autres activités pédagogiques Encadrement pédagogique et suivi de projets étudiants Recherche scientifique dans le domaine de spécialisation.","Professeurs titulaires d’un doctorat en Informatique (Développement SI, Intelligence artificielle, Réseaux) Expérience professionnelle de plus de 5 ans est obligatoire Expérience dans l'enseignement est souhaitable.","Bac+5 et plus","Expérience entre 2 ans et 5 ans - Expérience entre 5 ans et 10 ans - Expérience > 10 ans","Français (Courant)","CDI","2026-04-29","Emploi.ma | https://www.emploi.ma/offre-emploi-maroc/professeur-permanent-informatique-fes-9261120"
"Chargé d’Affaires IT / Ingénieur Avant","VIGON SYSTEMS","Marrakech-Safi","Informatique, SSII, Internet","Nous sommes à la recherche d'un Chargé d’Affaires IT / Ingénieur Avant-Vente (H/F). En tant que Chargé d’Affaires IT / Ingénieur Avant-Vente, vous jouez un rôle central dans le développement commercial et la structuration technique des projets. Vous intervenez dès la phase de qualification du besoin jusqu’à la remise d’offres complètes, en assurant la cohérence entre les exigences client, les contraintes techniques et les objectifs de rentabilité. Vous analysez les besoins clients, proposez des architectures adaptées (réseaux, téléphonie, infrastructure) et élaborez des offres techniques et financières précises, optimisées et compétitives. Vous êtes responsable de la rapidité et de la qualité des chiffrages, en vous appuyant sur un réseau actif de fournisseurs et de distributeurs afin d’obtenir les meilleures conditions en termes de prix, disponibilité et délais. Vous assurez également un rôle de conseil auprès des clients, participez aux présentations techniques et contribuez à la transformation des opportunités en contrats signés. En interne, vous collaborez étroitement avec les équipes techniques pour garantir la faisabilité des solutions proposées et assurer une transition fluide vers les phases de déploiement. Votre mission est orientée résultat : produire des offres fiables rapidement, sécuriser les projets et contribuer directement à la croissance du chiffre d’affaires de l’entreprise.","Dans le cadre de son développement, VIGON Systems recherche un profil expérimenté capable d’allier expertise technique, vision commerciale et forte capacité d’exécution. Le candidat idéal est un véritable acteur de la performance, capable de transformer rapidement des besoins clients en solutions concrètes, chiffrées et compétitives. Formation & expérience Formation supérieure en informatique, réseaux ou télécommunications (Bac+3 à Bac+5) Expérience minimum de 3 à 5 ans dans un poste similaire : avant-vente, ingénieur commercial IT, chargé d’affaires IT Expérience impérative chez un intégrateur IT ou dans un environnement technique comparable Une expérience dans le secteur hôtelier ou projets multisites est fortement appréciée Compétences techniques attendues Maîtrise des architectures réseaux : LAN, WAN, VLAN, WiFi (design, dimensionnement, couverture) Bonne connaissance des solutions de téléphonie IP (VoIP, IPBX, SIP) Compréhension des infrastructures IT : switching, firewall, routage, serveurs Capacité à concevoir des architectures complètes adaptées aux contraintes clients Lecture et compréhension de cahiers des charges techniques (CPS, appels d’offres) Capacité à proposer des alternatives techniques pertinentes selon budget et contraintes Compétences en chiffrage & structuration d’offres (essentiel) Capacité à élaborer des devis détaillés (BOQ, architecture, variantes techniques) Maîtrise des logiques de coûts : matériel, licences, services, intégration Capacité à optimiser les marges tout en restant compétitif Rapidité d’exécution (production d’offres complètes en délais courts) Rigueur dans la structuration et la présentation des offres Gestion des fournisseurs & sourcing (critère clé) Expérience confirmée dans la relation avec fournisseurs et distributeurs IT Capacité à identifier rapidement les bons interlocuteurs et obtenir des devis fiables Négociation des conditions commerciales : prix, délais, remises, disponibilités Suivi des évolutions produits et veille active sur les solutions du marché Disposer d’un réseau fournisseurs actif est un avantage majeur Compétences commerciales & avant-vente Capacité à analyser et reformuler un besoin client Aisance dans la présentation de solutions techniques Capacité à défendre une proposition et gérer les objections Contribution active à la transformation des opportunités en contrats signés Sens du service et posture de conseil Organisation & gestion opérationnelle Capacité à gérer plusieurs projets et demandes en parallèle Priorisation efficace des tâches dans un environnement dynamique Respect des délais et engagement sur les livrables Coordination avec les équipes techniques pour validation et exécution Transmission de dossiers clairs et exploitables aux équipes projet Qualités personnelles recherchées Réactivité et capacité à travailler sous pression Autonomie et sens des responsabilités Rigueur et souci du détail Esprit analytique et structuré Excellent relationnel (clients, partenaires, équipes internes) Orientation résultats et culture de la performance Critères différenciants (gros plus) Portefeuille fournisseurs existant et exploitable immédiatement Expérience sur des marques reconnues (Cisco, Aruba, Fortinet, etc.) Expérience dans des projets hôteliers ou environnements complexes Capacité à produire rapidement des offres à forte valeur ajoutée Ce que nous attendons concrètement Comprendre rapidement un besoin client complexe Concevoir une solution technique cohérente et optimisée Produire un chiffrage fiable dans un délai court S’appuyer sur un réseau fournisseurs pour sécuriser l’offre Défendre la proposition et contribuer activement à la signature","Bac+2 - Bac+3 - Bac+4 - Bac+5 et plus","Débutant < 2 ans - Expérience entre 2 ans et 5 ans - Expérience entre 5 ans et 10 ans - Expérience > 10 ans","Français (Courant), Anglais (Courant)","CDI","2026-04-29","Emploi.ma | https://www.emploi.ma/offre-emploi-maroc/charge-affaires-it-ingenieur-avant-vente-hf-marrakech-9316467"
"Ingénieur D'Etudes Solaire","RENEWABLE ENERGY DESIGN","Rabat-Salé-Kénitra","Electricité, eau, gaz, nucléaire, énergie","Dans le cadre d'une croissance soutenue du marché et d'un engagement marqué en faveur des énergies renouvelables (éoliens, hydrogène vert, photovoltaïque...), nous sommes à la recherche d'un Ingénieur d’Études Solaire chargé de concevoir, dimensionner, et optimiser les installations énergétiques tout en intégrant les contraintes techniques, économiques et réglementaires. Missions principales: Réaliser les études techniques et dimensionnements Élaborer les dossiers techniques et plans d'exécution Élaborer et rédiger les modes opératoires Coordonner les équipes techniques et prestataires Assurer un Reporting régulier auprès de la direction","Formation : Diplôme d’ingénieur (Bac+5) en génie électrique, énergétique ou équivalent Expérience : Minimum 3 ans d'expérience dans un poste similaire. Bonne maîtrise des outils de dimensionnement et bureautique (Autocad, Caneco, PV-syst, Excel, word). Connaissance des normes électriques et réglementaires Excellente maîtrise du français (oral et écrit) Esprit analytique, rigueur et autonomie Aisance relationnelle et esprit d'équipe.","Bac+5 et plus","Expérience entre 2 ans et 5 ans","Français (Courant), Anglais (Courant)","CDI","2026-04-29","Emploi.ma | https://www.emploi.ma/offre-emploi-maroc/ingenieur-etudes-solaire-rabat-9338979"
"Business Developer With Experience In Recruitment","EMPLOI.MA","Rabat-Salé-Kénitra","Éducation, formation Informatique, SSII, Internet Intérim, recrutement","We are recruiting a B2B Business Developer (English–French bilingual) with experience in recruitment, to sell our recruitment products and services to our international clients. You must have prior experience as a Sales Representative in the recruitment sector.You must be fluent in both English and French. Key Responsibilities: As the manager of your portfolio of corporate accounts, your main duties will include: Prospecting new clients Selling our products and services by phone to an international business clientele Identifying client needs Managing contracts Ensuring ongoing client relationship management and follow-up The position is based in Rabat.","Strong sales skills with at least 2 years of proven experience in B2B sales / telesales Mandatory experience as a Sales Representative in the recruitment sector Must be fluent in both English and French Excellent commercial acumen Excellent verbal communication skills Strong communication abilities and a well-developed sense of organization","Bac+4 - Bac+5 et plus","Expérience entre 2 ans et 5 ans","Français (Courant), Anglais (Courant)","CDI","2026-04-29","Emploi.ma | https://www.emploi.ma/offre-emploi-maroc/business-developer-with-experience-in-recruitment-rabat-9350205"
"Chef de Produit Senior","SOLUDIA MAGHREB","Rabat-Salé-Kénitra","Industrie pharmaceutique","Nous sommes à la recherche d'un Chef de Produit Senior. Missions : Élaborer et mettre en œuvre la stratégie marketing (plan produit) pour dynamiser les ventes et maximiser la rentabilité d'une gamme de médicaments, en conformité avec la réglementation stricte. Développer la notoriété des produits sous sa responsabilité et accroitre leur part de marché. Assurer le lancement de nouveaux produits sur la Marché.","Formation : Bac+5 (PharmD, Master Marketing Santé, École de commerce ou Ingénieur). Expérience : Une expérience en visite médicale ou en marketing pharmaceutique est souvent requise +5ans. Compétences : Maîtrise des techniques marketing, analyse de données, rigueur réglementaire, gestion de projet, anglais courant et compétences informatiques. Soft Skills : Excellente communication, créativité, esprit d'équipe, agilité, résilience.","Bac+3 - Bac+4 - Bac+5 et plus","Expérience entre 2 ans et 5 ans - Expérience entre 5 ans et 10 ans - Expérience > 10 ans","Français (Courant), Anglais (Courant)","CDI","2026-04-29","Emploi.ma | https://www.emploi.ma/offre-emploi-maroc/chef-produit-senior-tamesna-9315586"
"Cuisinier","N/A","Casablanca-Mohammedia","N/A","Entreprise spécialisée dans la distribution des produits pétroliers, en plein développement de ses activités, recherche pour son Restaurant situé à la Station-service ADM Oualidia un Cuisinier. Vous avez en charge les missions suivantes : Réceptionner après vérification de la conformité de la matière première; Rassembler tous les ingrédients nécessaires à la préparation des plats; Réaliser les travaux préparatoires : épluchage, découpe, réduction de sauces, préparation des garnitures et fonds de tarte; Assurer le découpage des viandes et charcuteries selon les besoins des plats; Surveiller la cuisson des mets et assurer leur remise en température; Assurer la maîtrise des préparations classiques; Assurer la disposition des mets dans les plats; Assurer la transmission au personnel de salle; Maintenir la cuisine et les locaux annexes propres et fonctionnels; Réaliser les opérations de fin de service (nettoyage, rangement, stockage).","De formation de Qualification Professionnelle en art culinaire, art de la table et du service ou cursus reconnu équivalent, vous avez une expérience professionnelle minimum de 2 ans un poste similaire. Également, vous habitez à la ville de Oualidia ou ses régions et vous disposez des atouts suivants : Avoir le sens de l’observation; Aptitudes à travailler en équipe; Résistance au stress et bonne condition physique;","Qualification avant bac","Expérience entre 2 ans et 5 ans","Français (Courant), Arabe (Courant)","Freelance","2026-04-29","Emploi.ma | https://www.emploi.ma/offre-emploi-maroc/cuisinier-oualidia-9314888"
"Responsable E marketing , Animation d'une Equipe d'Assistant","TRIBAL ART MOROCCO","Marrakech-Safi","Ameublement, décoration","Nous sommes à la recherche d'un Responsable E marketing , Animation d'une Équipe d'Assistant. Vos missions Dans un contexte de développement d’un e-commerce positionné sur des produits d’ameublement et de décoration à forte valeur, vous aurez un rôle stratégique et opérationnel de nos 4 sites internet et préparer le lancement d'un 5ème Définir et piloter la stratégie e-marketing globale (acquisition, conversion, fidélisation) Gérer et optimiser les campagnes publicitaires (notamment Google Ads) avec un objectif de rentabilité (ROI) Superviser le référencement naturel (SEO) et améliorer la visibilité organique du site Initier et structurer une stratégie d’indexation et de visibilité (type IA / moteurs intelligents / nouveaux modes de recherche) Analyser les performances (trafic, conversion, panier moyen) et proposer des axes d’amélioration Piloter l’évolution du site e-commerce (UX, parcours client, contenus) Manager et animer une équipe existante de 3 personnes, dont un webmaster Coordonner les actions avec les prestataires externes si nécessaire Ce que nous offrons Poste clé avec forte autonomie et impact direct sur la croissance Environnement entrepreneurial et produits à forte valeur ajoutée Équipe déjà en place à structurer et faire monter en puissance Rémunération attractive selon profil + perspectives d’évolution","Profil recherché Formation supérieure en marketing digital, e-commerce ou équivalent Expérience confirmée (minimum 3-5 ans) en e-marketing, idéalement dans un univers premium / luxe / décoration Maîtrise des campagnes Google Ads (indispensable) avec logique de performance Bonnes connaissances en SEO et compréhension des nouveaux enjeux de référencement (IA, moteurs conversationnels, indexation avancée) Expérience en management d’équipe (même petite équipe) Sensibilité esthétique et compréhension des codes du haut de gamme Esprit analytique, autonomie et capacité à prendre des décision","Bac+3 - Bac+4 - Bac+5 et plus","Expérience entre 2 ans et 5 ans - Expérience entre 5 ans et 10 ans - Expérience > 10 ans","Français (Courant), Anglais (Courant)","CDI","2026-04-29","Emploi.ma | https://www.emploi.ma/offre-emploi-maroc/responsable-e-marketing-animation-equipe-assistant-tameslohte-9336627"
"Comptable Fournisseur","CRIT","Casablanca-Mohammedia","Intérim, recrutement","Nous sommes à la recherche d'un Comptable Fournisseur. Missions : Contrôler la conformité des factures et assurer leur traitement Enregistrer les opérations comptables (factures, notes de frais…) Assurer le respect des obligations fiscales, notamment en matière de TVA Gérer et régulariser les litiges fournisseurs Participer aux clôtures mensuelles et aux travaux de réconciliation Analyser les comptes fournisseurs et suivre les écarts Assurer le suivi et l’apurement des comptes non soldés Répondre aux demandes internes, fournisseurs et groupe Mettre à jour les outils de reporting et tableaux de bord Participer aux travaux d’amélioration continue des processus","Bac+5 en Finance, Comptabilité ou Gestion Minimum 4 ans d’expérience dans un poste similaire Bonne maîtrise de SAP et du Pack Office Bon niveau de communication et relationnel","Bac+5 et plus","Expérience entre 2 ans et 5 ans - Expérience entre 5 ans et 10 ans","Français","Freelance","2026-04-29","Emploi.ma | https://www.emploi.ma/offre-emploi-maroc/comptable-fournisseur-casablanca-9341786"
"Responsable de Site Web et Growth Manager (SEO, Ads et Contenu)","PIXELPRESS","Casablanca-Mohammedia","Marketing, communication, médias","Pixelpress est une startup digitale basée à Casablanca qui conçoit, lance et fait grandir des projets web à fort potentiel.On build, on teste, on scale. Notre objectif : transformer des idées en plateformes performantes capables de générer de l’audience et du revenu. Notre mission : Créer des produits digitaux qui performent, en combinant contenu, acquisition et data pour maximiser leur croissance. Chez Pixelpress, on fonctionne comme une équipe d’entrepreneurs : chacun gère ses projets avec autonomie on teste vite, on apprend vite, on optimise en continu la performance et les résultats sont au cœur de tout Si tu aimes builder, expérimenter et voir l’impact direct de ton travail, tu es au bon endroit. En tant que Responsable de Site Web & Growth Manager, vous serez en charge de la gestion complète d’un ou plusieurs sites, avec un objectif clair : développer leur audience et leur rentabilité. Vos responsabilités incluent : Contenu & SEO Effectuer une veille active et rechercher des opportunités de contenus/offres pertinentes à mettre en avant Rédiger et publier du contenu optimisé pour le web (SEO) Identifier les opportunités de mots-clés et de trafic Améliorer le référencement naturel des sites Acquisition & Publicité Créer, lancer et optimiser des campagnes publicitaires (Meta Ads, etc.) Tester différents formats et audiences pour maximiser les performances Gérer le budget publicitaire et le ROI Social Media & Engagement Gérer les réseaux sociaux des sites Développer la communauté et créer des contenus engageants Identifier et reproduire des contenus viraux Analyse & Performance Suivre les KPI (trafic, conversion, revenus, ROI) Analyser les performances et prendre des décisions basées sur les données Mettre en place des actions pour améliorer la rentabilité Stratégie & Innovation Proposer des idées pour faire croître les sites Effectuer une veille constante en marketing digital Tester de nouvelles stratégies d’acquisition et de monétisation Vous gérez votre site co","Nous recherchons une personne autonome, orientée résultats et passionnée par le digital. Compétences & expérience 1 à 2 ans d’expérience minimum en marketing digital / gestion de site Formation en communication, marketing digital, journalisme ou équivalent Bonne maîtrise du SEO, des réseaux sociaux et des campagnes Ads Excellente capacité rédactionnelle (FR et/ou EN) Soft skills Esprit analytique et orienté performance Créatif(ve) et force de proposition Organisé(e), rigoureux(se) et autonome Curieux(se) et toujours en veille sur les tendances digitales Capacité à travailler en équipe et bon relationnel Ce qui rend ce poste unique Vous gérez un site comme un entrepreneur Impact direct sur la croissance et les revenus Grande autonomie dans les décisions Possibilité de tester, apprendre et scaler rapidement","Bac+4 - Bac+5 et plus","Débutant < 2 ans - Expérience entre 2 ans et 5 ans - Expérience entre 5 ans et 10 ans - Expérience > 10 ans","Français (Courant), Anglais (Courant)","CDI","2026-04-29","Emploi.ma | https://www.emploi.ma/offre-emploi-maroc/responsable-site-web-growth-manager-seo-ads-contenu-casablanca-9311462"
"Chef d'Equipe Extrudeur","SOMACOS","Agadir - Béni Mellal-Khénifra - Casablanca-Mohammedia - Dakhla - Errachidia - Fès - Guelmim - Laâyoune - Marrakech-Safi - Meknès - Oujda - Rabat-Salé-Kénitra - Settat - Tanger-Tétouan-Al Hoceïma - International","Industrie, production, fabrication, autres","Nous recrutons un Chef d’Équipe Extrudeur. Description du poste Vous interviendrez dans une industrie en production continue en 3X8. Durant votre poste, Vous affecterez les tâches à effectuer pendant le poste au sein de l'équipe. Vous veillerez à la bonne réalisation des productions selon les besoins clients et les standards sécurité et qualité et serez vous-même œuvrant (assurer les changements de série, montage démontage des filières et des conformateurs, assurer la maintenance première niveau suivre et préparation mélange la mise en place des 5S la rédaction des rapport production contrôles qualité ...). Vous serez l'interlocuteur principal entre votre équipe et le Responsable de Production : suivi de la performance, gestion des aléas, proposition d'améliorations.","Profil recherché: Expérience: plus de 2 ans en extrusion * EXTRUSION TUBE * Compétences recherchées: Règles de sécurité Modalités d'approvisionnement d'une ligne de production Transmettre une technique, un savoir-faire Réaliser un diagnostic technique Organiser et contrôler un approvisionnement Communiquer à l'oral en milieu professionnel Ponctualité Prendre des initiatives et être force de proposition Faire preuve d'autonomie Organiser son travail selon les priorités et les objectifs.","Bac+3 - Bac+4 - Bac+5 et plus","Expérience entre 2 ans et 5 ans - Expérience entre 5 ans et 10 ans - Expérience > 10 ans","Non spécifié","CDI","2026-04-29","Emploi.ma | https://www.emploi.ma/offre-emploi-maroc/chef-equipe-extrudeur-meknes-9338265"
"Agent de Sécurité","EDSN","Rabat-Salé-Kénitra","Nettoyage, sécurité, surveillance","Dans le cadre du renforcement des équipes de notre client, nous recrutons plusieurs profils d’Agents de Sécurité pour intervenir au sein d’un site basé à Kénitra (Zone Franche Ouled Bourahma). Profils recherchés : Agent de gardiennage Agent de gardiennage maître-chien Agent rondier Agent fouilleur Agent opérateur vidéo Agent d’accueil (portier)","Profil recherché : BAC, BAC+2, SSIAP 1 Bon niveau en français, anglais souhaitable Age entre 35 à 50 ans Résidence à Kénitra ou régions obligatoire Compétences et qualités requises : Agents sérieux et professionnel Sens élevé des responsabilités et de la vigilance Respect strict des consignes et procédures Bonne capacité d'adaptation et réactivité Apte à travailler seul ou en équipe Motivé et disponible pour assurer la sécurité des biens et des personnes.","Bac - Bac+1 - Bac+2 - Bac+3 - Bac+4 - Bac+5 et plus","Débutant < 2 ans - Expérience entre 2 ans et 5 ans","Français, Anglais, Arabe","CDI","2026-04-29","Emploi.ma | https://www.emploi.ma/offre-emploi-maroc/agent-securite-kenitra-kenitra-amer-seflia-9291531"
"Architecte","EMPREINTE D'ARCHITECTE","Casablanca-Mohammedia","BTP, construction Immobilier, architecture, urbanisme","L’agence H+E Architecture Casablanca recrute! Nous renforçons notre équipe et recherchons des Architectes passionnés et motivés, capables d’intervenir sur toutes les phases d’un projet avec : Rigueur Autonomie Esprit d’équipe","Profil recherché : Formation en architecture ou équivalent Expérience sur différents types de projets (résidentiel, tertiaire, etc.) Capacité à travailler en équipe et à gérer les deadlines Candidature : Merci d’envoyer votre CV accompagné de votre portfolio. Rejoignez-nous pour contribuer à des projets ambitieux et créatifs à Casablanca !","Bac+3 - Bac+4 - Bac+5 et plus","Débutant < 2 ans - Expérience entre 2 ans et 5 ans - Expérience entre 5 ans et 10 ans - Expérience > 10 ans","Non spécifié","CDI","2026-04-29","Emploi.ma | https://www.emploi.ma/offre-emploi-maroc/architecte-casablanca-9306253"
"Consultant RPA et Automatisation","BRIQUETERIE JBEL ANNOUR","Casablanca-Mohammedia","BTP, construction Industrie, production, fabrication, autres","Nous sommes à la recherche des Consultants RPA et Automatisation. Le Consultant RPA est chargé d’analyser, concevoir, développer, déployer et maintenir des solutions d’automatisation des processus métiers à l’aide d’outils RPA, afin d’améliorer la performance opérationnelle, réduire les coûts et sécuriser les processus.","Bac +3 à Bac +5 en informatique, systèmes d’information, automatisation ou équivalent Expérience souhaitée en RPA ou transformation digitale Certification RPA (UiPath, Blue Prism, Automation Anywhere) appréciée .","Bac+3 - Bac+4 - Bac+5 et plus","Expérience entre 2 ans et 5 ans - Expérience entre 5 ans et 10 ans - Expérience > 10 ans","Non spécifié","CDI","2026-04-29","Emploi.ma | https://www.emploi.ma/offre-emploi-maroc/consultant-rpa-automatisation-mohammedia-9261204"
"Technicien Laboratoire","REAL SMILE ALIGNER","Casablanca-Mohammedia","Santé, pharmacie, hôpitaux, équipements médicaux","Nous sommes à la recherche d'un Technicien Laboratoire. Missions principales : Réaliser les analyses et manipulations en laboratoire Assurer le suivi des échantillons et des résultats Veiller au respect des protocoles et des normes d’hygiène et de sécurité Participer à l’organisation et à l’entretien du matériel de laboratoire Nous offrons : Un environnement de travail dynamique Une opportunité de développement professionnel","Profil recherché : Formation en biologie, analyses biomédicales ou domaine similaire Première expérience en laboratoire souhaitée Sens de l’organisation, précision et esprit d’équipe Bonne maîtrise des techniques de base en laboratoire","Bac+2 - Bac+3 - Bac+4 - Bac+5 et plus","Débutant < 2 ans - Expérience entre 2 ans et 5 ans - Expérience entre 5 ans et 10 ans - Expérience > 10 ans","Français, Anglais, Arabe","CDI","2026-04-29","Emploi.ma | https://www.emploi.ma/offre-emploi-maroc/technicien-laboratoire-casablanca-9338268"
"Assistante de Direction Générale","SOCIÉTÉ ROUANDI","Marrakech-Safi","BTP, construction","Dans le cadre du renforcement de notre organisation basée à Marrakech, nous recrutons une Assistante de Direction Générale (DG) en CDI. Directement rattachée au Directeur Général, vous jouez un rôle central dans l'organisation quotidienne, la coordination des priorités et le suivi des actions stratégiques. Missions : Gérer l'agenda et les plannings de la direction pour assurer une organisation fluide des réunions et des déplacements. Organiser et coordonner les réunions, en préparant les documents nécessaires et en assurant le bon déroulement des événements. Assurer la communication interne et externe en filtrant les appels et en gérant la correspondance. Suivre et préparer les dossiers administratifs et financiers liés aux activités de la direction. Collaborer avec les différents départements pour assurer la cohérence et la fluidité des opérations quotidiennes.","Profil : Expérience confirmée (minimum 3 ans) sur un poste similaire Niveau d’études requis : Bac+5. Langues exigées : arabe (maternelle), français (courant), anglais (intermédiaire). Secteurs d’activité pertinents : BTP, construction. Qualifications et compétences : Excellentes compétences en gestion d’agenda et organisation de réunions. Capacité à gérer efficacement la coordination administrative et le support à la direction. Compétences relationnelles et diplomatie dans la communication avec différents interlocuteurs. Organisation rigoureuse et sens du détail. Maîtrise des outils bureautiques et des logiciels de gestion administrative.","Bac+3 - Bac+4 - Bac+5 et plus","Expérience entre 2 ans et 5 ans - Expérience entre 5 ans et 10 ans - Expérience > 10 ans","Français (Courant), Anglais (Courant), Arabe (Courant)","CDI","2026-04-29","Emploi.ma | https://www.emploi.ma/offre-emploi-maroc/assistante-direction-generale-marrakech-9338982"
"Consultant Chef Pâtissier","GROUPE MCE","Casablanca-Mohammedia","Hôtellerie, restauration Intérim, recrutement Marketing, communication, médias Nettoyage, sécurité, surveillance","Dans le cadre d’un projet pour le compte de notre client, nous recherchons un Consultant Chef Pâtissier en mission freelance afin d’accompagner le développement de produits et l’amélioration des processus de préparation. Missions principales : Développement de produits Concevoir et finaliser une recette signature Apporter des recommandations techniques pour améliorer la qualité des préparations Participer à l’optimisation des méthodes de production Optimisation des processus Analyser et améliorer les procédés de préparation Proposer des solutions pour optimiser l’organisation et l’efficacité en production Veiller au respect des standards de qualité Accompagnement de l’équipe Former l’équipe aux techniques de préparation Transmettre les bonnes pratiques et le savoir-faire en pâtisserie Assurer un accompagnement opérationnel durant la mission","Profil recherché : Professionnel de la pâtisserie justifiant d’au moins 3 ans d’expérience Expérience dans le développement de recettes ou le lancement de nouveaux produits Créativité, rigueur et sens du détail Capacité à transmettre son savoir-faire et à accompagner une équipe","Bac+3 - Bac+4 - Bac+5 et plus","Expérience entre 2 ans et 5 ans - Expérience entre 5 ans et 10 ans - Expérience > 10 ans","Non spécifié","Freelance","2026-04-29","Emploi.ma | https://www.emploi.ma/offre-emploi-maroc/consultant-chef-patissier-casablanca-9274345"
"Commercial Senior – Logistique","ELITE INTERIM MAROC","Casablanca-Mohammedia","Intérim, recrutement","Nous sommes à la recherche d'un Commercial Senior – Logistique. Missions : Développer et structurer le département commercial de notre entreprise logistique au Maroc, en assurant la croissance du portefeuille clients et en renforçant notre présence sur le marché, notamment dans le domaine des ISO TANKS.","Minimum 4 ans d’expérience démontrable dans la logistique. Connaissance solide du transport international et supply chain. Expérience appréciée dans les ISO TANKS. Capacité à développer un portefeuille clients. Compétences en communication et négociation. Esprit proactif, autonomie et orientation résultats.","Bac+3 - Bac+4 - Bac+5 et plus","Expérience entre 2 ans et 5 ans - Expérience entre 5 ans et 10 ans - Expérience > 10 ans","Français (Courant), Anglais (Courant), Arabe (Courant), Espagnol (Courant)","CDI","2026-04-29","Emploi.ma | https://www.emploi.ma/offre-emploi-maroc/commercial-senior-logistique-casablanca-9316622"
"Chargé d’Études Fluides (CVC / Plomberie)","YB INGENIERIE","Agadir - Béni Mellal-Khénifra - Casablanca-Mohammedia - Dakhla - Errachidia - Fès - Guelmim - Laâyoune - Marrakech-Safi - Meknès - Oujda - Rabat-Salé-Kénitra - Settat - Tanger-Tétouan-Al Hoceïma - International","Ingénierie, études développement","Nous sommes à la recherche d'un Chargé d’Études Fluides (CVC / Plomberie). Rattaché(e) au responsable d’études, vous intervenez sur des projets de logements, tertiaires et équipements publics. À ce titre, vos principales missions sont : Réalisation des études d’exécution CVC et plomberie Élaboration des plans (AutoCAD / REVIT) Réalisation des notes de calcul (dimensionnement réseaux, pertes de charge, etc.) Participation à la synthèse technique et coordination avec les autres lots Analyse des dossiers techniques (CCTP, plans, DCE) Participation au chiffrage et à l’optimisation des solutions techniques Mise à jour des plans et documents suite aux retours chantier","Formation Bac+3 à Bac+5 en génie climatique / énergétique / thermique Minimum 2 ans d’expérience en bureau d’études (CVC / plomberie) Bonne maîtrise de AutoCAD (indispensable) – REVIT est un plus Connaissances solides en dimensionnement CVC et plomberie Rigueur, autonomie et sens de l’organisation Capacité à travailler en équipe dans un environnement structuré","Bac+2 - Bac+3 - Bac+4 - Bac+5 et plus","Expérience entre 2 ans et 5 ans - Expérience entre 5 ans et 10 ans - Expérience > 10 ans","Français","CDI","2026-04-29","Emploi.ma | https://www.emploi.ma/offre-emploi-maroc/charge-etudes-fluides-cvc-plomberie-mohammedia-9324841"
"Ingénieur(e) d’Études en Génie Civil","INNOV ENGINEERING CONSULTING","Rabat-Salé-Kénitra","BTP, construction Immobilier, architecture, urbanisme","Nous sommes à la recherche d'un Ingénieur(e) d’Études en Génie Civil - Chef de Projets - Barrage. Missions: Réaliser des études de projets au sein d’une équipe pluridisciplinaire ; Réaliser des calculs propres au dimensionnement et à la justification du projet correspondant ; Participer aux réunions avec les clients et les parties prenantes","Être titulaire d’un Bac+5 de formation Ingénieur en Génie Civil lauréat(e) d’une grande école d’ingénieurs ; Disposer d'une expérience probante de minimum 1 an dans l'étude ; Faire preuve d’une exigence technique, de rigueur et d’une capacité relationnelle ; Avoir un très bon niveau en français et de bonnes compétences rédactionnelles","Bac+5 et plus","Expérience entre 5 ans et 10 ans - Expérience > 10 ans","Français","CDI","2026-04-29","Emploi.ma | https://www.emploi.ma/offre-emploi-maroc/ingenieure-etudes-genie-civil-chef-projets-barrage-rabat-9278628"
"Assistante de Direction","N/A","Casablanca-Mohammedia","N/A","Nous sommes à la recherche d'une Assistante de Direction. Missions principales: Gérer les notes de frais. Réaliser des commandes de matériel, de fournitures, de consommables et vérifier la conformité des livraisons. Assurer le suivi des conditions d’exécution d’un contrat, être le support ponctuel à l’administration des ventes (commandes clients, factures clients, BL…). Organiser le tri et l’archivage des documents importants Gérer et actualiser la documentation professionnelle et réglementaire. Organiser le tri et l’archivage des documents importants rédiger des rapports de gestion . suivre et traiter les contrats","Bac+4/5 en Management d'entreprise expérience minimum de 3 ans dans le même poste est exigée","Bac+4 - Bac+5 et plus","Expérience entre 2 ans et 5 ans - Expérience entre 5 ans et 10 ans - Expérience > 10 ans","Français (Courant), Anglais (Courant), Arabe (Courant)","CDI","2026-04-29","Emploi.ma | https://www.emploi.ma/offre-emploi-maroc/assistante-direction-nouaceur-9301378"
"Chef de Projet Trade Marketing","DIRECT SALES","Casablanca-Mohammedia","Marketing, communication, médias","Nous sommes à la recherche d'un Chef de Projet Trade Marketing. En tant que Chef de Projet Trade Marketing, vous piloterez des opérations commerciales complètes du terrain à l'analyse, en coordonnant des animations commerciales et en exploitant les données pour optimiser les campagnes. Responsabilités principales Terrain (50%) Coordonner et superviser opérations street marketing (caravanes, animations, événements) Assurer présence terrain et veiller à l'exécution conforme aux spécifications Manager équipes d'animateurs et gérer logistique déploiement Résoudre problèmes opérationnels en direct et en temps réel Vérifier qualité et respect des délais d'exécution Collecter données terrain (participations, acquisitions, retours clients) Analyse de Données (50%) Analyser résultats post-campagnes (KPIs, ROI, conversions) Exploiter données collectées pour générer insights actionnables Créer rapports bilans détaillés avec visualisations Identifier tendances et axes d'amélioration Formuler recommandations stratégiques pour optimiser futures campagnes Utiliser outils BI/analytics (Tableau, Power BI, Google Analytics) Présenter résultats aux décideurs en format clair & percutan","Compétences Techniques Obligatoires Trade Marketing / Marketing Terrain Expérience opérations street marketing prouvée Connaissance activations commerciales Gestion de Données & Analytics : Excel avancé (tableaux croisés, formules complexes) Outils BI & Reporting Power BI / Tableau / Looker (au moins 1) Google Sheets Gestion de Projets : Planification & suivi Langues Français courant (lu/parlé/écrit) Anglais Compétences Comportementales Autonomie & Initiative Travail autonome sur le terrain Prise de décision rapide Orientation Données & Résultats Pensée analytique forte Obsession des chiffres & KPIs Data-driven decision making Leadership & Communication Coordination équipes terrain Présentation données aux exécutifs Capacité à simplifier complexité Adaptabilité & Résilience Gestion stress & délais Flexibilité (déplacements 40-50%) Résolution problèmes rapide Rigueur & Organisation Attention détails Respect délais Documentation complète Formation Minimale Bac+2/3 en : Marketing / Commerce Analyse de Données Gestion Statistiques Communication Écoles de Commerce (apprécié) Certifications Data Analytics (bonus)","Bac+4 - Bac+5 et plus","Etudiant, jeune diplômé - Débutant < 2 ans - Expérience entre 2 ans et 5 ans - Expérience entre 5 ans et 10 ans - Expérience > 10 ans","Français (Courant), Anglais (Courant)","CDI","2026-04-29","Emploi.ma | https://www.emploi.ma/offre-emploi-maroc/chef-projet-trade-marketing-casablanca-9287543"
"Gestionnaire Logistique et Administratif (H/F)","BUDGET LOCASOM","Casablanca-Mohammedia","Automobile, matériels de transport, réparation Location","Dans le cadre de son développement, LOCASOM recrute un(e) Gestionnaire Logistique et Administratif. Rattaché(e) à la Direction des Opérations, vous aurez pour mission d’assurer le suivi logistique et administratif lié à la gestion de la flotte de véhicules. Missions principales : Participation et assistance lors des opérations de livraison des véhicules neufs (VN) Demande de disponibilité auprès des concessionnaires Suivi des commandes et des délais de livraison Gestion de la relation client et suivi des livraisons Suivi des demandes de règlement Préparation et constitution des dossiers administratifs Organisation des convoyages : réservation des convoyeurs et saisie des bons de commande associés Prise de photos des véhicules neufs (VN) Suivi et gestion de la partie administrative liée à l’activité Suivi et traitement des contraventions Intégration des véhicules neufs sur la plateforme NARSA","Bac+2 / Bac+3 en logistique, gestion ou équivalent Une première expérience dans un poste similaire est souhaitable (idéalement dans le secteur automobile) Bonne maîtrise des outils informatiques Sens de l’organisation, rigueur et autonomie Bon relationnel et esprit d’équipe Si vous êtes motivé (e), organisé (e) et que vous souhaitez rejoindre une entreprise en pleine croissance, n’hésitez pas à postuler !","Bac+2 - Bac+3","Expérience entre 2 ans et 5 ans","Français (Courant), Anglais (Courant)","CDI","2026-04-29","Emploi.ma | https://www.emploi.ma/offre-emploi-maroc/gestionnaire-logistique-administratif-hf-casablanca-9348994"
"Secrétaire de Direction","GENERAL PRIVATE INTERIM","Casablanca-Mohammedia","Intérim, recrutement","Dans le cadre du renforcement de notre équipe, nous recherchons un(e) Secrétaire de Direction hautement qualifié(e) pour assister la Direction Générale dans la gestion quotidienne et stratégique de ses activités. Missions principales : Gestion de l’agenda et organisation des réunions de la Direction Rédaction de comptes rendus, courriers et documents administratifs Suivi des dossiers stratégiques et coordination interne Accueil des interlocuteurs et gestion des communications Assistance directe à la Direction dans ses tâches quotidiennes","Profil recherché : Bac+5 en gestion, administration, communication ou équivalent Expérience confirmée dans un poste similaire (minimum 3 ans souhaité) Excellente maîtrise du français (écrit et oral) – l’anglais est un atout Maîtrise des outils bureautiques (Word, Excel, PowerPoint) Sens de l’organisation, rigueur et discrétion professionnelle Excellentes capacités rédactionnelles et relationnelles","Bac+3 - Bac+4 - Bac+5 et plus","Expérience entre 2 ans et 5 ans - Expérience entre 5 ans et 10 ans - Expérience > 10 ans","Français (Courant), Anglais (Courant)","CDI","2026-04-29","Emploi.ma | https://www.emploi.ma/offre-emploi-maroc/secretaire-direction-casablanca-9349736"
"Magasinier Bâtiment (Senior)","JOB CONNECT","Rabat-Salé-Kénitra","Intérim, recrutement","Nous recrutons pour notre client à Rabat un Magasinier Bâtiment (Senior). Missions principales : Gérer les stocks de matériaux et équipements Réceptionner, contrôler et stocker les marchandises Assurer la distribution des matériaux aux équipes chantier Suivre les entrées/sorties et tenir à jour les inventaires Veiller à la bonne organisation du magasin","Profil : Expérience en magasin BTP ou logistique Bonne connaissance des matériaux Maîtrise des outils de gestion de stock Qualités : Organisation et rigueur Fiabilité Réactivité Lieu : Rabat Contrat : CDI Salaire : Négociable selon profil","Bac+3 - Bac+4 - Bac+5 et plus","Expérience entre 5 ans et 10 ans - Expérience > 10 ans","Non spécifié","CDI","2026-04-29","Emploi.ma | https://www.emploi.ma/offre-emploi-maroc/magasinier-batiment-senior-rabat-9349611"
"Chargée D’Accueil Francophone","CRIT","Tanger-Tétouan-Al Hoceïma","Intérim, recrutement","Nous recrutons pour le compte de notre client, acteur reconnu dans le secteur automobile, une Chargée d’Accueil Francophone. Missions principales : Accueillir les clients avec professionnalisme et courtoisie Gérer les appels téléphoniques et orienter les demandes Assurer le suivi administratif des dossiers clients Participer à la bonne organisation du service après-vente Représenter l’image de l’entreprise auprès de la clientèle","Excellente maîtrise du français à l’oral et à l’écrit Présentation soignée et sens de l’accueil développé Bon relationnel et capacité d’adaptation Une première expérience dans l’accueil ou le secteur automobile est un plus Maîtrise des outils bureautiques","Bac+2","Expérience entre 2 ans et 5 ans","Français (Courant)","Freelance","2026-04-29","Emploi.ma | https://www.emploi.ma/offre-emploi-maroc/chargee-accueil-francophone-tanger-9348380"
"Conseiller(ère) Pédagogique","CALLIOPE","Agadir - Béni Mellal-Khénifra - Casablanca-Mohammedia - Fès - Laâyoune - Marrakech-Safi - Meknès - Rabat-Salé-Kénitra","Distribution, vente, commerce de gros Édition, imprimerie Éducation, formation","Vous êtes enseignant(e) ou issu(e) du milieu de l’éducation ?Mettez votre expertise au service d’un nouveau défi stimulant !Rejoignez notre équipe et accompagnez les établissements scolaires dans le choix de ressources pédagogiques innovantes et adaptées à leurs besoins. Nous recrutons actuellement des Conseiller(ère)s Pédagogiques dans plusieurs régions du Maroc. Missions : Démarcher les établissements scolaires et présenter notre gamme de manuels et supports pédagogiques Conseiller et accompagner les enseignants dans le choix des ressources adaptées à leurs besoins Assurer le suivi, la fidélisation et l’organisation d’ateliers ou d’événements pédagogiques","Profil recherché : Diplôme en littérature française, anglaise ou domaine connexe Expérience confirmée dans l’enseignement ou le secteur éducatif Excellentes capacités de communication en français (et idéalement en anglais) Maîtrise des outils bureautiques (Word, Excel, PowerPoint) Permis de conduire obligatoire – déplacements réguliers à prévoir","Bac+3 - Bac+4 - Bac+5 et plus","Expérience entre 2 ans et 5 ans - Expérience entre 5 ans et 10 ans - Expérience > 10 ans","Français (Courant), Anglais (Courant)","CDI","2026-04-29","Emploi.ma | https://www.emploi.ma/offre-emploi-maroc/conseillerere-pedagogique-tout-maroc-9336830"
"Superviseur des Agents de Nettoyage","GENERAL PRIVATE INTERIM","Tanger-Tétouan-Al Hoceïma","Intérim, recrutement","Dans le cadre de notre développement, nous recherchons un Superviseur des Agents de Nettoyage pour encadrer et assurer la qualité des prestations sur nos différents sites à Tanger. Missions principales : Superviser et encadrer les équipes d’agents de nettoyage Organiser les plannings et répartir les tâches Contrôler la qualité des prestations sur site Veiller au respect des normes d’hygiène et de sécurité Gérer les stocks de produits et matériels Assurer la relation avec les clients","Expérience obligatoire dans un poste similaire (minimum 2 ans) Bon sens du management et de l’organisation Sérieux, rigueur et réactivité Bon relationnel Disponibilité et mobilité","Bac+2 - Bac+3","Expérience entre 2 ans et 5 ans - Expérience entre 5 ans et 10 ans - Expérience > 10 ans","Français","CDI","2026-04-29","Emploi.ma | https://www.emploi.ma/offre-emploi-maroc/superviseur-agents-nettoyage-tanger-9349639"
"Comptable en Intérim (H/F)","DEKRA SERVICES","Casablanca-Mohammedia","Intérim, recrutement","Note client, une société de service interbancaire basée à Maarif, cherche dans le cadre de l’intérim, un( e) Comptable. Vous serez en charge de : La comptabilité générale Suivre les opérations bancaires. Comptabiliser les différents flux de trésorerie (Encaissements, Décaissements). Préparer les états de rapprochements bancaires. Préparer, déclarer, comptabiliser et assurer le suivi des déclarations TVA Assurer le classement des différentes pièces comptables. Assurer la réconciliation des comptes généraux","De formation Bac+3/+4 en comptabilité ou gestion, vous justifiez d’une expérience d’au moins 2 ans dans une fonction similaire. Compétences : Bonne connaissance des normes comptables et fiscales. Esprit d’analyse Capable de travailler en équipe Rigoureux, sérieux et ayant le sens de la confidentialité","Bac+3 - Bac+4 - Bac+5 et plus","Expérience entre 2 ans et 5 ans - Expérience entre 5 ans et 10 ans","Français, Arabe","Freelance","2026-04-29","Emploi.ma | https://www.emploi.ma/offre-emploi-maroc/comptable-interim-hf-casablanca-9349820"
"Conseiller(e) Pédagogique","CALLIOPE","Rabat-Salé-Kénitra","Distribution, vente, commerce de gros Édition, imprimerie Éducation, formation","Nous sommes à la recherche d'un(e) Conseiller(e) Pédagogique. Vous êtes enseignant et vous souhaitez vous orienter vers d'autres opportunités tout en mettant en avant vos compétences en éducation pour accompagner les établissements scolaires en proposant des livres et manuels adaptés. Responsabilités : Identifier et prospecter les établissements scolaires pour présenter l’offre de l’entreprise. Recommander des solutions pédagogiques adaptées et assurer un suivi régulier pour répondre aux besoins évolutifs des établissements. Renforcer les relations avec les établissements via des actions de fidélisation et l’organisation d’événements pédagogiques.","Vous êtes diplômé en littérature anglaise ou française ou un domaine similaire. Vous êtes enseignant(e) ou avez une expérience significative dans le milieu éducatif. Excellentes compétences en communication français/anglais. Maîtrise des outils bureautiques (Word, Excel, PowerPoint…) Permis de conduire obligatoire","Bac+3 - Bac+4 - Bac+5 et plus","Expérience entre 2 ans et 5 ans - Expérience entre 5 ans et 10 ans - Expérience > 10 ans","Français (Courant), Anglais (Courant)","CDI","2026-04-29","Emploi.ma | https://www.emploi.ma/offre-emploi-maroc/conseillere-pedagogique-sale-9336790"
"Développeur LARAVEL Freelance","EMPLOI.MA","Agadir - Béni Mellal-Khénifra - Casablanca-Mohammedia - Dakhla - Errachidia - Fès - Guelmim - Laâyoune - Marrakech-Safi - Meknès - Oujda - Rabat-Salé-Kénitra - Settat - Tanger-Tétouan-Al Hoceïma - International","Éducation, formation Informatique, SSII, Internet Intérim, recrutement","Nous recherchons un Développeur LARAVEL freelance (5 ans minimum d'expérience en LARAVEL obligatoire). Missions : Vous développez nos plateformes basées sur LARAVEL : Réalisation / développement de modules ; Préparation des spécifications ; Développement de nouvelles fonctionnalités.","Profil : Vous avez obligatoirement une expérience de 5 ans minimum en LARAVEL ; Vous être freelance ; Vous parlez couramment français ; Vous êtes rigoureux, volontaire, ambitieux et autonome. Si vous n'avez pas 5 ans minimum d'expérience en LARAVEL, merci de ne pas postuler à cette offre.","Bac+2 - Bac+3 - Bac+4 - Bac+5 et plus","Expérience entre 5 ans et 10 ans - Expérience > 10 ans","Français (Courant)","Freelance","2026-04-29","Emploi.ma | https://www.emploi.ma/offre-emploi-maroc/developpeur-laravel-freelance-travail-distance-travail-distance-9348952"
"Agent Logistique et Administratif (H/F)","BUDGET LOCASOM","Casablanca-Mohammedia","Automobile, matériels de transport, réparation Location","Dans le cadre du renforcement de ses équipes, LOCASOM recrute un(e) Agent Logistique et Administratif. Vous interviendrez dans la gestion opérationnelle et administrative liée à la livraison et au suivi des véhicules. Missions principales : Assurer les opérations de livraison des véhicules neufs (VN) Veiller à la conformité des documents des véhicules, de la livraison jusqu’à la restitution Assurer le suivi administratif lié à la gestion des véhicules Coordonner avec les différents intervenants (clients, concessionnaires, équipes internes)","Bac+2 en gestion, logistique ou équivalent Première expérience souhaitée dans un poste similaire Sens de l’organisation et rigueur Bon relationnel et esprit d’équipe Maîtrise des outils informatiques Si vous êtes motivé(e), organisé(e) et que vous souhaitez rejoindre une entreprise en pleine croissance, n’hésitez pas à postuler !","Bac+2","Débutant < 2 ans - Expérience entre 2 ans et 5 ans","Français","CDI","2026-04-29","Emploi.ma | https://www.emploi.ma/offre-emploi-maroc/agent-logistique-administratif-hf-casablanca-9349005"
"Chargé de Back Office Recouvrement et Trésorerie (Contrat d'intérim)","DEKRA SERVICES","Casablanca-Mohammedia","Intérim, recrutement","Nous cherchons dans le cadre de l’intérim, un(e) Chargé de Back Office Recouvrement et Trésorerie pour le compte d’un groupe international, leader mondial dans la Commercialisation et assemblage de camions, autocars, autobus et Importation d'engins de travaux publics, sis au quartier industriel Ahl Loghlam. Vous serez en charge de : Recouvrement : Effectuer les relances écrites et téléphoniques, assurer le suivi des dossiers clients et mettre à jour les outils de gestion Effectuer les relances écrites et téléphoniques, assurer le suivi des dossiers clients et mettre à jour les outils de gestion Gestion des impayés : Suivi des dossiers de recouvrement de l'ouverture à la clôture, relances par courrier ou courriel. Lettrage des comptes clients, réconciliation des paiements et régularisation des comptes. Envoi des relevés clients Suivi et reporting : Gestion des demandes d’augmentation temporaire et de blocage des comptes clients sur CREDIT PORTAL. Analyse de la balance âgée, suivi des encaissements et reporting. Procédures contentieuses : Préparation des dossiers pour le recouvrement judiciaire ou la transmission aux cabinets spécialisés. Back office Tresorerie: Scannérisations des chèques et effets Suivi du portefeuille des effets Suivi quotidien des positions bancaires, équilibrage des comptes Gestion des encaissements/ décaissements Assurer le règlement/livraison des transactions, initier les virements et gérer les positions cash Effectuer les rapprochements bancaires, analyser les suspens comptables et justifier les écarts Produire les états de position de trésorerie, les prévisions de liquidité et les rapports d'incidents.","De formation Bac+3/+4 en comptabilité ou gestion, vous justifiez d’une expérience d’au moins 3 ans dans une fonction similaire. Compétences : Capable de travailler en équipe Rigoureux, sérieux et ayant le sens de la confidentialité Bonne communication en français","Bac+3 - Bac+4 - Bac+5 et plus","Expérience entre 2 ans et 5 ans - Expérience entre 5 ans et 10 ans","Français, Arabe","Freelance","2026-04-29","Emploi.ma | https://www.emploi.ma/offre-emploi-maroc/charge-back-office-recouvrement-tresorerie-contrat-interim-casablanca-9349832"
"Agent Service Achat Senior","JOB CONNECT","Rabat-Salé-Kénitra","Intérim, recrutement","Dans le cadre du développement de ses activités, notre client, acteur reconnu dans le secteur du bâtiment, recrute un Agent Service Achat Senior afin de renforcer son département approvisionnement. Missions principales : Identifier les besoins en matériaux, équipements et prestations pour les chantiers Rechercher, sélectionner et évaluer les fournisseurs Négocier les conditions d’achat (prix, délais, qualité) Établir et suivre les bons de commande Assurer le suivi logistique des livraisons jusqu’à réception Optimiser les coûts tout en garantissant la qualité des produits Mettre en place des tableaux de suivi et reporting achats","Profil recherché : Bac+2 à Bac+5 en achats, logistique ou équivalent Expérience confirmée (minimum 5 ans) dans les achats BTP Bonne connaissance des matériaux et fournisseurs du secteur Excellentes compétences en négociation et gestion des priorités Maîtrise des outils informatiques et ERP Qualités requises : Rigueur et organisation Réactivité et sens de l’anticipation Esprit d’analyse et orientation résultats Lieu : Rabat Contrat : CDI Salaire : Négociable selon profil","Bac+3 - Bac+4 - Bac+5 et plus","Expérience entre 5 ans et 10 ans - Expérience > 10 ans","Non spécifié","CDI","2026-04-29","Emploi.ma | https://www.emploi.ma/offre-emploi-maroc/agent-service-achat-senior-rabat-9349600"
"Technicien Maintenance","AMANYS PHARMA","Rabat-Salé-Kénitra","Electricité, eau, gaz, nucléaire, énergie Industrie pharmaceutique Industrie, production, fabrication, autres Maintenance, entretien, service après vente Santé, pharmacie, hôpitaux, équipements médicaux","Nous sommes à la recherche d'un Technicien Maintenance. Missions : Assurer la maintenance préventive et corrective des équipements industriels (production, utilités, conditionnement, etc.) Diagnostiquer les pannes et intervenir rapidement afin de minimiser les arrêts de production Participer à l’installation, au réglage et à la mise en service des nouveaux équipements Contribuer à l’amélioration continue des installations et proposer des actions d’optimisation Renseigner les interventions dans le système de gestion de maintenance (GMAO) Veiller au respect des normes de sécurité, d’hygiène et des BPF Participer aux qualifications techniques et aux audits internes si nécessaire Assurer un reporting régulier à votre hiérarchie","Formation Bac+2 / Bac+3 en maintenance industrielle, électromécanique, génie électrique ou équivalent Expérience de 2 à 4 ans minimum dans un poste similaire en milieu industriel (idéalement pharmaceutique, agroalimentaire ou industrie réglementée) Bonne connaissance en mécanique, électricité industrielle, pneumatique et automatisme Lecture et interprétation de plans et schémas techniques Connaissance des BPF est un atout","Bac+2 - Bac+3","Expérience entre 2 ans et 5 ans","Français, Anglais","CDI","2026-04-29","Emploi.ma | https://www.emploi.ma/offre-emploi-maroc/technicien-maintenance-ain-aouda-9257428"
"Chef D’équipe Bâtiment (Senior)","JOB CONNECT","Rabat-Salé-Kénitra","Intérim, recrutement","Nous recrutons pour notre client à Rabat un Chef D’équipe Bâtiment (Senior). Missions principales : Encadrer et animer une équipe d’ouvriers Répartir les tâches et organiser le travail Suivre l’avancement des travaux Garantir la qualité d’exécution Veiller au respect des consignes de sécurité","Profil : Expérience confirmée en encadrement d’équipe Bonne maîtrise des techniques de construction Capacité à gérer le terrain Qualités : Leadership Organisation Esprit d’équipe Lieu : Rabat Contrat : CDI Salaire : Négociable selon profil","Bac+3 - Bac+4 - Bac+5 et plus","Expérience entre 5 ans et 10 ans - Expérience > 10 ans","Non spécifié","CDI","2026-04-29","Emploi.ma | https://www.emploi.ma/offre-emploi-maroc/chef-equipe-batiment-senior-rabat-9349617"
"Chef de Chantier Expérimenté","JOB CONNECT","Rabat-Salé-Kénitra","Intérim, recrutement","Nous recrutons pour notre client un Chef de Chantier Expérimenté, garant du bon déroulement des travaux sur le terrain. Missions principales : Organiser, planifier et superviser les travaux sur chantier Encadrer et coordonner les équipes techniques Assurer le respect des délais, du budget et des normes de qualité Veiller à l’application des règles de sécurité Assurer le suivi technique et administratif du chantier Participer aux réunions de chantier et assurer le reporting","Profil recherché : Formation en BTP ou équivalent Expérience significative (5 ans minimum) en gestion de chantier Maîtrise des techniques de construction Capacité à gérer plusieurs intervenants Qualités : Leadership terrain Sens de l’organisation Esprit d’équipe et réactivité Lieu : Rabat Contrat : CDI Salaire : Négociable selon profil","Bac+3 - Bac+4 - Bac+5 et plus","Expérience entre 5 ans et 10 ans - Expérience > 10 ans","Non spécifié","CDI","2026-04-29","Emploi.ma | https://www.emploi.ma/offre-emploi-maroc/chef-chantier-experimente-rabat-9349601"
"Responsable Back","CALLIOPE","Casablanca-Mohammedia","Distribution, vente, commerce de gros Édition, imprimerie Éducation, formation","Calliope est une entreprise spécialisée dans la distribution de programmes, méthodes et manuels pédagogiques, notamment dans le domaine des langues. Nous accompagnons les établissements scolaires et institutions éducatives avec des solutions pédagogiques de qualité. Dans le cadre de notre développement, nous recrutons un(e) Responsable Back-Office pour encadrer et piloter une équipe de conseillers pédagogiques. Rattaché(e) à la Direction, vous aurez pour principales responsabilités : Encadrer, animer et accompagner une équipe de conseillers pédagogiques Organiser et superviser l’activité du back-office Assurer le suivi des objectifs commerciaux et pédagogiques Mettre en place des outils de reporting et assurer le suivi des performances Garantir la qualité du service et la satisfaction des établissements partenaires Coordonner les actions entre les équipes terrain et l’administration Participer aux réunions stratégiques et contribuer au développement de l’activité Effectuer des déplacements réguliers à Rabat et dans les régions","Bac+3 à Bac+5 (Commerce, Gestion, Management, Sciences de l’éducation ou équivalent) Expérience confirmée dans un poste similaire (gestion d’équipe / back-office / coordination commerciale ou pédagogique) Une expérience dans le secteur de l’éducation ou de l’édition pédagogique est fortement appréciée Excellentes capacités managériales et organisationnelles Sens du leadership et esprit d’équipe Bonne maîtrise des outils bureautiques (Excel, reporting, CRM…) Excellentes compétences en communication écrite et orale (Français indispensable) Qualités requises Rigueur et sens de l’organisation Esprit d’analyse et orientation résultats Autonomie et proactivité Capacité à gérer les priorités et le stress Disponibilité pour déplacements","Bac+3 - Bac+4 - Bac+5 et plus","Expérience entre 2 ans et 5 ans - Expérience entre 5 ans et 10 ans - Expérience > 10 ans","Français (Courant), Anglais (Courant)","CDI","2026-04-29","Emploi.ma | https://www.emploi.ma/offre-emploi-maroc/responsable-back-office-casablanca-9336826"
"Métreur Bâtiment (senior)","JOB CONNECT","Rabat-Salé-Kénitra","Intérim, recrutement","Nous recrutons pour notre client à Rabat un Métreur Bâtiment (senior), Missions principales : Analyser les dossiers techniques (plans, cahiers des charges) Réaliser les métrés et quantitatifs Estimer les coûts des projets Élaborer les devis et études de prix Participer à la préparation des appels d’offres Assurer le suivi budgétaire","Profil : Formation en génie civil ou bâtiment Expérience confirmée en tant que métreur Maîtrise des logiciels de métrage Bonne lecture de plans Qualités : Précision et rigueur Capacité d’analyse Organisation Lieu : Rabat Contrat : CDI Salaire : Négociable selon profil","Bac+3 - Bac+4 - Bac+5 et plus","Expérience entre 5 ans et 10 ans - Expérience > 10 ans","Non spécifié","CDI","2026-04-29","Emploi.ma | https://www.emploi.ma/offre-emploi-maroc/metreur-batiment-senior-rabat-9349602"
"Acheteur(se)","COMPAGNIE INDUSTRIELLE DES FIBRES","Tanger-Tétouan-Al Hoceïma","Industrie, production, fabrication, autres","Nous sommes à la recherche d'un Acheteur(se). Vos missions : Gérer les achats locaux et importations des matières, pièces, investissements et prestations de service. Procéder aux achats nécessaires tout en optimisant les quantités et prix, en respectant les caractéristiques techniques et délais définis par les différents services (relances…). Consultation de nouveaux fournisseurs et prospection des nouvelles matières et produits Négociation des prix historiques et nouveaux prix ainsi que les termes de paiement Traitement des réclamations fournisseurs.","Diplômé (e) BAC + 3 ou plus en commerce, gestion, logistique ou ingénieur Une première expérience dans un poste similaire est exigée ( > 2 ans ). Vous avez une bonne maîtrise du français, un bon niveau en anglais, l'espagnol est un atout Vous avez une parfaite communication et vous êtes organisé, rigoureux(se). Le dynamisme et l’aisance relationnelle sont des atouts indispensables. Vous faites preuve d'une grande réactivité, votre sens de la négociation et de gestion des délais est élevé. Vous avez une bonne maîtrise de Microsoft office.","Bac+3 - Bac+4 - Bac+5 et plus","Expérience entre 2 ans et 5 ans - Expérience entre 5 ans et 10 ans","Français (Courant), Anglais (Courant), Espagnol (Courant)","CDI","2026-04-29","Emploi.ma | https://www.emploi.ma/offre-emploi-maroc/acheteurse-tanger-9348975"
"Chimiste Débutant","TECTRA","Casablanca-Mohammedia","Intérim, recrutement","Tectra recrute pour son client en pétrochimie sur Mohammedia un Chimiste Débutant. - Contrat : d'intérim+avantages sociaux - Salaire : 4000 dh net - Transport et cantine assurés","Bac+2/3 en chimie industrielle Débutant ou avec 1ére expérience en tant que chimiste","Bac+2 - Bac+3","Débutant < 2 ans","Français (Courant)","Freelance","2026-04-29","Emploi.ma | https://www.emploi.ma/offre-emploi-maroc/chimiste-debutant-mohammedia-9348154"
"Chargé(e) D’Approvisionnement","BRIQUETERIE JBEL ANNOUR","Casablanca-Mohammedia","BTP, construction Industrie, production, fabrication, autres","Nous sommes à la recherche d'un(e) Chargé(e) d’Approvisionnement pour renforcer notre service achats au sein de la briqueterie. Vous serez en charge d’assurer la disponibilité continue des matières premières, pièces de rechange et fournitures nécessaires à la production, tout en optimisant les coûts et en respectant les délais ainsi que les exigences de qualité. Missions principales : Gestion des approvisionnements Identifier et planifier les besoins en approvisionnement en fonction du planning de production. Passer les commandes auprès des fournisseurs référencés. Assurer le suivi des commandes, des délais de livraison et relancer les fournisseurs si nécessaire. Veiller à la disponibilité des matières premières (argile, combustible, additifs, etc.) pour éviter toute rupture. Suivi des livraisons et des stocks Contrôler la conformité des livraisons (quantité, qualité, délais). Gérer les stocks de sécurité et optimiser les niveaux de stock. Collaborer avec le magasin et la production pour assurer la continuité de l’activité. Relation fournisseurs Maintenir une bonne relation avec les fournisseurs et assurer le suivi de leurs performances. Participer à la consultation des fournisseurs et à la comparaison des offres. Contribuer à la négociation des conditions d’achat (prix, délais, qualité). Gestion administrative Saisir et mettre à jour les données d’approvisionnement dans le système (ERP, Sage X3, etc.). Assurer le suivi documentaire des commandes (bons de commande, bons de livraison, factures). Traiter les anomalies (retards, non-conformités) en coordination avec les services concernés. Amélioration continue Proposer des actions d’optimisation des coûts et des délais d’approvisionnement. Participer à l’amélioration des processus achats et logistiques. Suivre les indicateurs de performance liés aux approvisionnements","Profil recherché : Bac+2 à Bac+3 en logistique, gestion, achats ou équivalent. Expérience de 1 à 3 ans dans un poste similaire, idéalement en milieu industriel. Bonne connaissance de la gestion des stocks et de la chaîne d’approvisionnement. Maîtrise des outils informatiques et logiciels de gestion (ERP, Sage X3 est un atout). Capacité d’analyse, sens de l’organisation et gestion des priorités. Bon relationnel et capacité à travailler en équipe. Réactivité, rigueur et sens des responsabilités.","Bac+3 - Bac+4 - Bac+5 et plus","Expérience entre 2 ans et 5 ans - Expérience entre 5 ans et 10 ans - Expérience > 10 ans","Non spécifié","CDI","2026-04-29","Emploi.ma | https://www.emploi.ma/offre-emploi-maroc/chargee-approvisionnement-mohammedia-9349760"
"Conducteur De Travaux Bâtiment (Senior)","JOB CONNECT","Rabat-Salé-Kénitra","Intérim, recrutement","Nous recrutons pour notre client à Rabat un Conducteur De Travaux Bâtiment (Senior). Missions principales : Piloter et coordonner plusieurs chantiers simultanément Élaborer les plannings et suivre l’avancement des travaux Gérer les budgets et optimiser les ressources Encadrer les équipes et les sous-traitants Assurer la relation avec les clients et partenaires Garantir la conformité des travaux","Profil : Bac+3 à Bac+5 en génie civil / BTP Expérience significative (5 à 10 ans) Bonne maîtrise des aspects techniques et financiers Qualités : Leadership et prise de décision Organisation et rigueur Sens des responsabilités Lieu : Rabat Contrat : CDI Salaire : Négociable selon profil","Bac+3 - Bac+4 - Bac+5 et plus","Expérience entre 5 ans et 10 ans - Expérience > 10 ans","Non spécifié","CDI","2026-04-29","Emploi.ma | https://www.emploi.ma/offre-emploi-maroc/conducteur-travaux-batiment-senior-rabat-9349607"
"Agent de Facturation et de Recouvrement","EDVANTIS HIGHER EDUCATION GROUP","Casablanca-Mohammedia","Éducation, formation","Dans le cadre de son développement, le groupe Edvantis recrute pour son campus à Casablanca un(e) Agent de Facturation et de Recouvrement. Missions : L'établissement des factures annuelles, La gestion et le suivi du recouvrement des créances.","Titulaire d’un Bac+2 min en gestion, Finance,... Une expérience professionnelle de minimum 2 ans est obligatoire Une expérience dans une fiduciaire est souhaitable.","Bac+2 - Bac+3 - Bac+4 - Bac+5 et plus","Débutant < 2 ans - Expérience entre 2 ans et 5 ans - Expérience entre 5 ans et 10 ans - Expérience > 10 ans","Français (Courant)","CDI","2026-04-29","Emploi.ma | https://www.emploi.ma/offre-emploi-maroc/agent-facturation-recouvrement-casablanca-9349295"
"Électricien Qualifié Bâtiment (Senior)","JOB CONNECT","Rabat-Salé-Kénitra","Intérim, recrutement","Nous recrutons pour notre client à Rabat un Électricien Qualifié Bâtiment (Senior). Missions principales : Réaliser les installations électriques sur chantier Assurer la maintenance et le dépannage Lire et interpréter les plans électriques Garantir la conformité aux normes en vigueur Tester et contrôler les installations","Profil : Formation en électricité Expérience confirmée en bâtiment Bonne connaissance des normes de sécurité Qualités : Autonomie Précision Sens des responsabilités Lieu : Rabat Contrat : CDI Salaire : Négociable selon profil","Bac+3 - Bac+4 - Bac+5 et plus","Expérience entre 5 ans et 10 ans - Expérience > 10 ans","Non spécifié","CDI","2026-04-29","Emploi.ma | https://www.emploi.ma/offre-emploi-maroc/electricien-qualifie-batiment-senior-rabat-9349614"
"Conducteur Offset (Machine Imprimerie)","N/A","Rabat-Salé-Kénitra","N/A","Une Importante Imprimerie à Rabat cherche : 2 Conducteurs Offset, 2 Aide Conducteurs offset Un Conducteur plieuse.","Compétences clés : Bonne maîtrise technique de l’impression offset. Sens de la précision et de la qualité. Réactivité en cas d’incident technique. Lecture des fiches de fabrication. Expérience Exigé Vous cherchez un poste stable ? Un salaire évolutif ?. Nous vous offrons : Une rémunération attractive. Un cadre de travail agréable et bien d'autres avantages Avantages sociaux.","Qualification avant bac - Bac","Expérience entre 2 ans et 5 ans","Non spécifié","CDI","2026-04-29","Emploi.ma | https://www.emploi.ma/offre-emploi-maroc/conducteur-rabat-9297201"
"Magasinier","CALLIOPE","Casablanca-Mohammedia","Distribution, vente, commerce de gros Édition, imprimerie Éducation, formation","Nous recherchons un Magasinier motivé et rigoureux pour rejoindre notre équipe au dépôt situé à Aïn Sebaâ. Vous serez en charge de la réception, du rangement, de la préparation et de l'expédition des marchandises. Missions principales : Réceptionner et vérifier les livraisons. Ranger les produits dans les emplacements prévus. Préparer les commandes selon les bons de livraison. Participer aux inventaires. Veiller à la propreté et à la sécurité du dépôt.","Profil recherché : Expérience dans un poste similaire souhaitée. Sérieux, ponctuel et organisé. Bonne condition physique. Connaissance de base en gestion de stock est un atout.","Bac+2 - Bac+3 - Bac+4 - Bac+5 et plus","Expérience entre 2 ans et 5 ans - Expérience entre 5 ans et 10 ans - Expérience > 10 ans","Français, Arabe","CDI","2026-04-29","Emploi.ma | https://www.emploi.ma/offre-emploi-maroc/magasinier-casablanca-9336807"
"Commercial","INGELEC","Agadir - Béni Mellal-Khénifra - Casablanca-Mohammedia - Dakhla - Errachidia - Fès - Guelmim - Laâyoune - Marrakech-Safi - Meknès - Oujda - Rabat-Salé-Kénitra - Settat - Tanger-Tétouan-Al Hoceïma - International","Equip. électriques, électroniques, optiques, précision","Rejoignez une entreprise dynamique dans le secteur de l’électricité en tant que Commercial, basé à Casablanca. Votre rôle sera essentiel pour développer notre présence sur le marché et renforcer nos relations clients. Vos objectifs principaux seront de contribuer activement à la croissance du chiffre d'affaires, d'identifier et de concrétiser de nouvelles opportunités commerciales, et d'assurer une satisfaction client optimale. Vous serez un acteur clé dans l'atteinte des performances commerciales de l'entreprise. Vos responsabilités incluront : Prospecter de nouveaux clients et développer un portefeuille commercial solide. Présenter et promouvoir nos produits et solutions électriques auprès d'une clientèle variée. Analyser les besoins des clients et proposer des offres personnalisées et compétitives. Négocier les conditions commerciales et conclure les ventes. Suivre les commandes et assurer le bon déroulement des livraisons. Participer à la veille concurrentielle et remonter les informations pertinentes du marché. Entretenir une relation de proximité et de confiance avec les clients existants.","Une formation de niveau Bac +2 est attendue, idéalement dans les domaines du Commercial, de la Vente . Une expérience professionnelle de 1 à 3 ans dans une fonction commerciale similaire, idéalement acquise dans le secteur de l’électricité ou un domaine technique connexe, sera un atout majeur. Pour exceller dans ce rôle, il est essentiel de posséder : Un excellent sens du contact et de la négociation. Une forte capacité d'analyse et de persuasion. Une organisation rigoureuse et une grande autonomie. Une bonne connaissance du marché de l’électricité. La maîtrise des outils informatiques usuels (Pack Office). La capacité à travailler en équipe et à atteindre des objectifs ambitieux. Un bon niveau en français et en langues étrangères pourrait être un plus. Si vous êtes passionné par la vente et désireux de relever de nouveaux défis dans un environnement stimulant, votre profil nous intéresse.","Bac+2","Débutant < 2 ans","Français (Courant)","CDI","2026-04-28","Emploi.ma | https://www.emploi.ma/offre-emploi-maroc/commercial-maroc-9348012"
"Technical Sales Representative (Data Center and Site Power) en CDD","DEKRA SERVICES","Casablanca-Mohammedia","Intérim, recrutement","Notre client, opérateur international dans le domaine des télécommunications et leader mondial de son secteur, cherche dans le cadre du développement de ses activités dans le domaine des Data Centers, un(e) Technical Sales Representative (Data Center & Site Power) dans le cadre d'un CDD. Vous jouerez un rôle clé dans l’expansion de notre présence sur le marché marocain des Data Centers, en développant de nouvelles opportunités commerciales et en renforçant notre réseau de partenaires. Missions principales Développer et gérer un portefeuille clients dans le domaine des solutions énergie et data centers Identifier de nouvelles opportunités commerciales et piloter les cycles de vente Promouvoir des solutions techniques adaptées aux besoins clients Collaborer avec les équipes techniques et avant-vente pour construire des offres compétitives Assurer une veille marché et concurrentielle Participer à la stratégie commerciale régionale et aux projets de développement","Profil recherché Diplôme Bac+4/+5 (idéalement en ingénierie, énergie, IT ou domaine technique) Expérience d’au moins 3 ans en vente de solutions techniques (énergie, télécom, IT ou data center) Bonne compréhension des infrastructures énergétiques ou des data centers Capacité à travailler dans un environnement international et transverse Esprit d’initiative, autonomie et excellent relationnel Maîtrise de l’anglais indispensable Atouts supplémentaires Expérience en vente de solutions complexes (B2B) Connaissance du marché africain ou des grands comptes régionaux Capacité à gérer des projets stratégiques","Bac+4 - Bac+5 et plus","Expérience entre 2 ans et 5 ans - Expérience entre 5 ans et 10 ans","Français (Courant), Anglais (Courant), Arabe (Courant)","CDD","2026-04-28","Emploi.ma | https://www.emploi.ma/offre-emploi-maroc/technical-sales-representative-data-center-site-power-cdd-casablanca-9348018"
"Chargé(e) de Contrôle et Support aux Conseillers Pédagogiques","CALLIOPE","Casablanca-Mohammedia","Distribution, vente, commerce de gros Édition, imprimerie Éducation, formation","Dans le cadre du renforcement de notre équipe, nous recrutons un(e) Chargé(e) de Contrôle et Support aux Conseillers Pédagogiques. Vous serez en charge d’assurer la fiabilité des données, le suivi des activités et le contrôle des opérations liées aux conseillers pédagogiques. Missions principales : Vérifier et contrôler les documents administratifs (spécimens, fournitures, bons de sortie…) Assurer le contrôle de la saisie des données sur CRM Analyser et traiter les données statistiques Coordonner et suivre les activités des conseillers pédagogiques Élaborer des reportings réguliers Suivre les indicateurs de performance","Formation Bac+2 / Bac+3 en gestion, administration ou statistiques Bonne maîtrise d’Excel et des outils CRM Rigueur, sens de l’organisation et esprit analytique Capacité à travailler en équipe et à respecter les délais","Bac+3 - Bac+4 - Bac+5 et plus","Expérience entre 2 ans et 5 ans - Expérience entre 5 ans et 10 ans - Expérience > 10 ans","Français (Courant), Anglais (Courant)","CDI","2026-04-29","Emploi.ma | https://www.emploi.ma/offre-emploi-maroc/chargee-controle-support-conseillers-pedagogiques-casablanca-9336819"
"Enseignant(e) FLE","CALLIOPE","Casablanca-Mohammedia","Distribution, vente, commerce de gros Édition, imprimerie Éducation, formation","Dans le cadre du développement de nos activités, nous recherchons des Enseignants(es) FLE pour rejoindre notre équipe pédagogique. Vos missions principales : Dispenser des cours de Français Langue Étrangère (FLE) à un public varié : enfants, adolescents, adultes, en présentiel au centre et/ou en entreprise. Enseigner tous niveaux : A1 à C1/C2. Participer aux événements organisés par le centre : Concours scolaires Formations d’enseignants de français Animations lecture Actions de promotion de la lecture et du livre francophone Se déplacer en entreprise ou lors d’interventions extérieures ponctuelles (Casablanca et environs).","Formation universitaire en didactique du FLE ou équivalent Expérience avérée dans l’enseignement du FLE, idéalement en contexte interculturel Autonomie, sens de l'organisation et esprit d’équipe Une expérience dans l’animation ou la formation serait un atout","Bac+3 - Bac+4 - Bac+5 et plus","Expérience entre 2 ans et 5 ans - Expérience entre 5 ans et 10 ans - Expérience > 10 ans","Français (Courant)","CDI","2026-04-29","Emploi.ma | https://www.emploi.ma/offre-emploi-maroc/enseignante-fle-tout-maroc-9336808"
"Conseiller(ère) Éducation et Ressources Pédagogiques","CALLIOPE","Béni Mellal-Khénifra","Distribution, vente, commerce de gros Édition, imprimerie Éducation, formation","Vous êtes enseignant(e) et souhaitez valoriser votre expertise pédagogique dans un nouveau cadre stimulant ? Mettez à profit vos compétences en éducation en accompagnant les établissements scolaires dans le choix de ressources pédagogiques innovantes et adaptées à leurs besoins.Nous recrutons un(e) Conseiller(ère) Éducation et Ressources Pédagogiques, passionné(e) par la transmission du savoir et motivé(e) à participer activement à l’évolution des pratiques éducatives. Missions principales : Identifier et démarcher les établissements scolaires pour leur présenter notre catalogue de manuels et supports pédagogiques. Proposer des solutions éducatives en phase avec les programmes et les besoins spécifiques de chaque établissement. Assurer une relation de confiance sur le long terme par un suivi régulier, des actions de fidélisation et l'organisation d’événements ou d’ateliers pédagogiques.","Diplôme en littérature française, anglaise ou dans un domaine connexe. Expérience significative dans l’enseignement ou le secteur éducatif. Excellentes compétences en communication, en français et en anglais. Aisance avec les outils bureautiques (Word, Excel, PowerPoint, etc.). Permis de conduire requis (déplacements réguliers à prévoir).","Bac+3 - Bac+4 - Bac+5 et plus","Expérience entre 2 ans et 5 ans - Expérience entre 5 ans et 10 ans - Expérience > 10 ans","Français (Courant), Anglais (Courant)","CDI","2026-04-29","Emploi.ma | https://www.emploi.ma/offre-emploi-maroc/conseillerere-education-ressources-pedagogiques-beni-mellal-9336794"
"Assistante Administrative et Commerciale","CALLIOPE","Casablanca-Mohammedia","Distribution, vente, commerce de gros Édition, imprimerie Éducation, formation","Nous sommes à la recherche des Assistantes Administratives et Commerciales. Missions : Assurer le lien entre le Conseiller Pédagogique et les établissements scolaires (écoles, collèges, lycées). Contacter les établissements pour organiser les rendez-vous, ateliers et présentations pédagogiques. Préparer les supports, documents et échantillons nécessaires aux interventions du Conseiller Pédagogique. Recueillir les besoins des écoles et transmettre les informations pour un suivi précis et efficace. Assurer le suivi administratif : coordination des agendas, préparation de comptes-rendus, mise à jour des bases de données. Gérer les relances et maintenir une communication fluide avec les établissements partenaires. Participer à l’organisation d’événements pédagogiques (ateliers, formations, animations). Contribuer à la qualité du service client et à la fidélisation des écoles.","Diplôme en administration, communication, gestion, langues ou domaine connexe. Expérience souhaitée dans un rôle administratif, commercial ou dans le secteur éducatif. Excellentes capacités de communication en français (anglais est un atout). Sens de l’organisation, rigueur et esprit d’initiative. Maîtrise des outils bureautiques (Word, Excel, PowerPoint). Permis de conduire souhaitable ; déplacements ponctuels possibles.","Bac+3 - Bac+4 - Bac+5 et plus","Expérience entre 2 ans et 5 ans - Expérience entre 5 ans et 10 ans - Expérience > 10 ans","Français, Anglais","CDI","2026-04-29","Emploi.ma | https://www.emploi.ma/offre-emploi-maroc/assistante-administrative-commerciale-casablanca-9336823"
"Ingénieur Télécom Product Manager","DEKRA SERVICES","Casablanca-Mohammedia","Intérim, recrutement","Notre client, opérateur international dans le domaine des télécommunications et leader mondial de son secteur, cherche dans le cadre du développement de ses activités, un(e) Product Manager expérimenté(e) en CDD pour rejoindre l’équipe commerciale Network Solution à Casablanca. Vous jouerez un rôle clé en tant que consultant(e) technique auprès de nos clients sur les domaines Accès & IP, en accompagnant les projets de la conception jusqu'à la livraison. Vos missions principales : Assurer un rôle de consultant(e) technique auprès des clients dans les domaines Accès & Réseau IP (FTTx, xDSL, Cuivre, ODN, Routage, Switching). Préparer les dossiers d'appel d'offres et les propositions techniques pour les projets de déploiement réseau. Participer à la conception réseau, au dimensionnement des équipements, à l'établissement de devis et à la rédaction de propositions commerciales. Présenter les solutions techniques aux clients et accompagner les négociations contractuelles. Développer et entretenir les relations clients pour soutenir les objectifs commerciaux. Garantir un haut niveau de satisfaction client et la qualité de livraison des projets.","Profil recherché : Diplôme : Bac+3/+5 minimum en télécommunications, réseaux ou domaine similaire. Solides compétences en communication en français avec un bon niveau d'anglais. Minimum 3 ans d'expérience dans un rôle similaire Bonne connaissance des domaines Accès & Réseau IP : FTTx, xDSL, Cuivre, ODN, Routage, Switching. La connaissance des produits Nokia, FiberHome, ZTE ou Cisco sera un atout. Attitude positive, dynamisme et capacité à travailler dans un environnement exigeant.","Bac+3 - Bac+4 - Bac+5 et plus","Expérience entre 2 ans et 5 ans - Expérience entre 5 ans et 10 ans - Expérience > 10 ans","Français (Courant), Anglais (Courant), Arabe (Courant)","CDD","2026-04-29","Emploi.ma | https://www.emploi.ma/offre-emploi-maroc/ingenieur-telecom-product-manager-casablanca-sidi-maarouf-9336412"
"Assistante Achat","GROUPE MCE","Casablanca-Mohammedia","Hôtellerie, restauration Intérim, recrutement Marketing, communication, médias Nettoyage, sécurité, surveillance","Dans le cadre du développement de l’activité de notre client, nous recrutons une Assistante Achat. Missions principales : Assister le responsable achats dans la gestion des commandes Suivre les fournisseurs (consultation, négociation, relance) Gérer les bons de commande et assurer leur suivi Mettre à jour les bases de données fournisseurs et produits Suivre les livraisons et gérer les litiges éventuels Participer à l’optimisation des coûts et des processus achats","Bac+2/3 en gestion, commerce ou équivalent Première expérience en achats obligatoire Bonne maîtrise des outils informatiques (Excel, ERP…) Sens de l’organisation, rigueur et bon relationnel Esprit d’analyse et réactivité","Bac+2 - Bac+3","Débutant < 2 ans - Expérience entre 2 ans et 5 ans","Espagnol","Freelance","2026-04-29","Emploi.ma | https://www.emploi.ma/offre-emploi-maroc/assistante-achat-casablanca-9336869"
"Chargé(e) d’Achat en BTP","JOB CONNECT","Rabat-Salé-Kénitra","Intérim, recrutement","Nous recrutons pour le compte de notre client basé à Rabat, Un Chargé(e) d’Achat en BTP. Son rôle essentiel dans la gestion des achats de matériaux, équipements et services nécessaires à la réalisation des projets de construction, en veillant au respect des coûts, des délais et de la qualité Missions principales : Analyser les besoins en achats en collaboration avec les équipes techniques (conducteurs de travaux, chefs de projet). Rechercher, sélectionner et évaluer les fournisseurs et sous-traitants. Négocier les conditions d’achat (prix, délais, qualité, conditions de paiement). Établir et suivre les commandes jusqu’à la livraison. Assurer le suivi des approvisionnements des chantiers. Veiller au respect des budgets alloués. Gérer les litiges fournisseurs et assurer un suivi des non-conformités. Mettre à jour les bases de données fournisseurs et produits Participer à l’optimisation des coûts et à la stratégie achats.","Profil recherché : Formation Bac+3 à Bac+5 en achats, logistique, gestion ou BTP. Expérience de [2 à 5 ans] dans un poste similaire, idéalement dans le secteur du BTP Bonne connaissance des matériaux de construction et du marché fournisseurs. Maîtrise des techniques de négociation. Bonne maîtrise des outils informatiques (Excel, ERP). Sens de l’organisation, rigueur et réactivité. Gestion des fournisseurs Analyse des coûts Gestion des délais et priorités Connaissance du secteur BTP - Type de contrat : CDI - Salaire : A négocier","Bac+2 - Bac+3 - Bac+4","Expérience > 10 ans","Non spécifié","CDI","2026-04-29","Emploi.ma | https://www.emploi.ma/offre-emploi-maroc/chargee-achat-btp-rabat-9335749"
"Commis en Douane","TECTRA TANGER – RECRUTEMENT","Tanger-Tétouan-Al Hoceïma","Intérim, recrutement","L’Humain est au cœur de notre métier ! TECTRA est aujourd’hui leader du conseil en Ressources Humaines au Maroc. Avec plus de 1000 clients actifs multisectoriels et une force de réseaux de 27 agences partout dans le Royaume, Tectra vous accompagne dans votre recherche d’emploi. Pour l’un de ses clients, dans le secteur transport international, TECTRA recherche un(e) Commis en Douane, à Tanger. Missions principales : Aider le Déclarant en douane dans toutes les opérations de douane. Collecter auprès des organismes concernés les documents à l’arrivée. Déplacements en zones « libre » et « sous-douane». Ouverture des colis pour contrôle devant l’inspecteur des douanes. Faire viser les documents douaniers auprès des services des douanes. Aider le Déclarant en douane pour l’établissement des déclarations (apprentissage progressif sur le terrain).","Profil recherché : Formation Commis en Douanes Expérience similaire significative de minimum 3 ans et larges connaissances du réseau douanier sur Tanger Rigueur, communication, diplomatie et résistance au stress.","Bac+2 - Bac+3","Expérience entre 2 ans et 5 ans","Français","CDI","2026-04-29","Emploi.ma | https://www.emploi.ma/offre-emploi-maroc/commis-douane-tanger-9336282"
"Secrétaire – Cabinet de Topographe","JOB CONNECT","Rabat-Salé-Kénitra","Intérim, recrutement","Nous recrutons pour le compte de notre client basé à Rabat, Une Secrétaire Administrative dans un cabinet de topographe . Missions principales : Assurer l’accueil physique et téléphonique des clients Gérer le courrier entrant et sortant Rédiger et mettre en forme les documents administratifs Établir les devis, bons de commande et bons de livraison Assurer le suivi administratif des dossiers clients Classer et archiver les documents Assister le topographe dans les tâches administratives quotidiennes","Profil recherché : Aisance en langue française (écrit et oral) Bonne maîtrise des outils bureautiques (Word, Excel) Connaissance de l’établissement des devis, bons de commande et bons de livraison - Salaire : 3500 dhs - Type de contrat : CDI","Bac+2 - Bac+3","Expérience entre 2 ans et 5 ans","Français","CDI","2026-04-28","Emploi.ma | https://www.emploi.ma/offre-emploi-maroc/secretaire-cabinet-topographe-rabat-9348051"
"Responsable Événementiel","CALLIOPE","Casablanca-Mohammedia","Distribution, vente, commerce de gros Édition, imprimerie Éducation, formation","Calliope recrute un(e) Responsable Événementiel pour concevoir et gérer ses événements de bout en bout. Missions : Proposer et développer des concepts d’événements innovants dans le domaine éducatif et culturel Assurer l’organisation complète des événements (planification, coordination, réalisation) Gérer les prestataires, partenaires et intervenants Suivre le budget, la logistique et le planning Veiller à la qualité et à l’impact de chaque événement","De Formation bac+5 en événementiel, communication, marketing ou équivalent Expérience confirmée en gestion d’événements Expérience dans le secteur éducatif / enseignement fortement appréciée Créativité, rigueur et sens de l’organisation. Bonnes compétences relationnelles et capacité de coordination","Bac+3 - Bac+4 - Bac+5 et plus","Expérience entre 2 ans et 5 ans - Expérience entre 5 ans et 10 ans - Expérience > 10 ans","Français (Courant), Anglais (Courant)","CDI","2026-04-29","Emploi.ma | https://www.emploi.ma/offre-emploi-maroc/responsable-evenementiel-casablanca-9336802"
"Chargé(e) de Facturation","CRIT","Casablanca-Mohammedia","Intérim, recrutement","Nous recherchons un Chargé(e) de Facturation pour rejoindre notre équipe. Ce poste implique la gestion de la facturation, la tenue de la comptabilité et la coordination avec les départements financiers dans un environnement dynamique. Missions : Assurer la gestion quotidienne des processus de facturation. Contrôler et vérifier la conformité des documents financiers. Collaborer avec les équipes comptables pour assurer la précision des données. Participer à la préparation des rapports financiers liés à la facturation. Veiller au respect des délais et des procédures internes en matière de facturation.","Ce poste Chargé(e) de facturation nécessite un candidat expérimenté, capable de gérer efficacement le processus de facturation tout en assurant une conformité rigoureuse avec les normes comptables et financières en vigueur. Profil : Niveau d’expérience requis dans la gestion, la comptabilité et la finance, entre 2 et 5 ans. Niveau d’études requis : Bac+4, Bac+5 ou plus. Langue exigée : français courant. Secteurs d’activité pertinents : intérim, recrutement. Qualifications et compétences : Gestion efficace de la facturation. Compétences solides en comptabilité. Capacité à travailler en équipe et à respecter les délais. Maîtrise des outils et logiciels de gestion financière. Bonne connaissance des normes et réglementations en vigueur.","Bac+4 - Bac+5 et plus","Expérience entre 2 ans et 5 ans","Français (Courant)","Freelance","2026-04-29","Emploi.ma | https://www.emploi.ma/offre-emploi-maroc/chargee-facturation-casablanca-9336937"
"Chargée d'Accueil","TECTRA","Casablanca-Mohammedia","Intérim, recrutement","Pour l’un de ses clients, TECTRA recherche une Chargée d'Accueil présentable et expérimentée sur Casablanca . Missions Principales : Accueil physique des clients Réception des appels téléphoniques Classement des dossiers Gestion de l'agenda du directeur Passation des réservation Organisation et préparation de la salle de réunion - Contrat : CDI + avantages sociaux - Rémunération : 5500 dh net","Bac+2/3 en commerce/économie/management Expérience de min 2 ans en tant que chargée d'accueil Français courant","Bac+3","Expérience entre 2 ans et 5 ans","Français (Courant)","CDI","2026-04-29","Emploi.ma | https://www.emploi.ma/offre-emploi-maroc/chargee-accueil-casablanca-9335507"
"Coursier","TECTRA TANGER – RECRUTEMENT","Tanger-Tétouan-Al Hoceïma","Intérim, recrutement","L’Humain est au cœur de notre métier ! TECTRA est aujourd’hui leader du conseil en Ressources Humaines au Maroc. Avec plus de 1000 clients actifs multisectoriels et une force de réseaux de 27 agences partout dans le Royaume, Tectra vous accompagne dans votre recherche d’emploi. Pour l’un de ses clients, dans le secteur de transport international, TECTRA recherche un Coursier. Missions principales ; Enlèvement de marchandises (Pick-up) : Récupérer les colis, plis ou palettes chez les clients (entreprises, entrepôts, aéroports). Vérification de la conformité : Contrôler l'état des emballages, le nombre de colis et la correspondance avec les documents d'expédition (bordereaux de livraison). Chargement et sécurisation : Charger le véhicule de manière optimisée et sécuriser la marchandise pour éviter les dommages durant le transport. Assurer la présence et la conformité des documents indispensables (lettre de voiture, CMR, facture commerciale, liste de colisage). Présenter les marchandises et les documents aux services douaniers aux frontières ou dans les zones de transit. Faire signer les bons de livraison (Proof of Delivery - POD) et gérer les retours de documents signés.","Compétences nécessaires : Connaissance approfondie du territoire dont il est chargé Excellentes capacités de conduite Connaissance du code de la route Dynamisme et flexibilité","Bac+2 - Bac+3","Expérience entre 2 ans et 5 ans","Français","CDI","2026-04-29","Emploi.ma | https://www.emploi.ma/offre-emploi-maroc/coursier-tanger-9336361"
"Représentant(e) Pédagogique","CALLIOPE","Laâyoune","Distribution, vente, commerce de gros Édition, imprimerie Éducation, formation","Vous êtes enseignant(e) et souhaitez valoriser votre expertise dans un nouveau cadre stimulant ?Rejoignez-nous pour accompagner les établissements scolaires dans le choix de ressources pédagogiques innovantes et adaptées à leurs besoins. Nous sommes à la recherche d'un(e) Représentant(e) Pédagogique. Vos missions : Démarcher les établissements scolaires et présenter notre offre de manuels et supports pédagogiques. Proposer des solutions éducatives alignées sur les programmes officiels et les besoins spécifiques des équipes enseignantes. Développer une relation de confiance par un suivi régulier, des actions de fidélisation, et l’organisation d’ateliers ou événements pédagogiques.","Diplôme en littérature française, anglaise ou domaine connexe. Expérience significative en enseignement ou secteur éducatif. Excellentes compétences en communication, en français et en anglais. Maîtrise des outils bureautiques (Word, Excel, PowerPoint). Permis de conduire obligatoire (déplacements réguliers à prévoir).","Bac+3 - Bac+4 - Bac+5 et plus","Expérience entre 2 ans et 5 ans - Expérience entre 5 ans et 10 ans - Expérience > 10 ans","Français (Courant), Anglais (Courant)","CDI","2026-04-29","Emploi.ma | https://www.emploi.ma/offre-emploi-maroc/representante-pedagogique-laayoune-9336838"
"Animateur Commercial Assurance","CRIT","Casablanca-Mohammedia","Intérim, recrutement","Nous recherchons un Animateur Commercial Assurance pour rejoindre notre équipe. Ce poste implique la gestion et la promotion des produits d'assurance auprès des clients, ainsi que la mise en œuvre de stratégies commerciales efficaces dans un environnement dynamique. Missions : Assurer la promotion des produits d'assurance auprès de la clientèle. Organiser et animer des campagnes commerciales pour augmenter la visibilité des offres. Analyser les besoins des clients et proposer des solutions adaptées. Suivre et fidéliser le portefeuille client existant. Participer à la mise en place de stratégies de développement commercial.","Ce poste Animateur Commercial Assurance nécessite un candidat débutant, capable de gérer efficacement l’animation commerciale tout en respectant les normes en vigueur dans le secteur de l’assurance. Profil : 2 ans d’expérience dans la vente et le commerce Niveau d’études requis : Bac+2. Langue exigée : français courant. Qualifications et compétences : Compétences en animation commerciale. Capacité à travailler en équipe. Excellentes compétences relationnelles. Bonne maîtrise des techniques de vente. Organisation et dynamisme.","Bac+2","Débutant < 2 ans","Français (Courant)","Freelance","2026-04-29","Emploi.ma | https://www.emploi.ma/offre-emploi-maroc/animateur-commercial-assurance-casablanca-9336938"
"Ingénieur / Chargé d’Etudes en Calcul de Structures Métalliques","JOB CONNECT","Casablanca-Mohammedia","Intérim, recrutement","Nous recrutons pour le compte de notre client basé à Mohammedia, Un Ingénieur / Chargé d’études en calcul de structures métalliques, justifiant d’une expérience professionnelle minimale de 2 ans dans le calcul et l’étude des structures métalliques. Missions principales : Réaliser les notes de calcul des structures métalliques (charpentes, bâtiments industriels, ouvrages métalliques, etc.). Dimensionner les éléments structuraux (poteaux, poutres, contreventements, assemblages). Effectuer les vérifications de stabilité, résistance et déformations conformément aux normes en vigueur. Modéliser les structures à l’aide de logiciels de calcul spécialisés. Collaborer avec les équipes de dessin et de production pour assurer la conformité des plans d’exécution. Participer à l’optimisation technique et économique des projets. Assurer le suivi technique des projets et apporter un appui en phase d’exécution si nécessaire. Veiller au respect des normes, règlements et exigences de sécurité.","Profil exigé : Bac+3 (Licence) ou Bac+5 (Ingénieur) en Génie civil / Structures métalliques. Minimum 2 ans d’expérience dans un poste similaire, idéalement dans le secteur de la construction métallique. Solides connaissances en résistance des matériaux et en calcul des structures métalliques. Maîtrise des normes de calcul (Eurocodes ou équivalent). Bonne maîtrise des logiciels de calcul et de modélisation (ex. : Robot, SAP2000, Tekla, Advance Design, ou équivalent). Capacité d’analyse, de synthèse et de résolution de problèmes techniques. - Type de contrat : CDD - Salaire : 10 000 dhs","Bac+5 et plus","Expérience entre 2 ans et 5 ans - Expérience entre 5 ans et 10 ans","Non spécifié","CDI","2026-04-28","Emploi.ma | https://www.emploi.ma/offre-emploi-maroc/ingenieur-charge-etudes-calcul-structures-metalliques-rabat-9347999"
"Chargé(e) D´Accueil","CALLIOPE","Casablanca-Mohammedia","Distribution, vente, commerce de gros Édition, imprimerie Éducation, formation","Nous sommes à la recherche de profils dynamiques et professionnels pour rejoindre notre équipe en tant que Chargé(e) d'Accueil au sein de notre tour. Vous serez l'interface principale pour l’accueil des visiteurs et veillerez à offrir une expérience agréable et fluide. Missions : Accueillir les visiteurs avec professionnalisme et bienveillance. Assurer l’enregistrement et le contrôle des accès. Fournir des informations et orienter les visiteurs. Gérer les appels entrants et la correspondance. Assurer une présentation soignée de l’espace d’accueil.","Excellente présentation et aisance relationnelle. Sens de l’accueil, du service client et de la communication. Autonomie et réactivité face aux demandes des visiteurs. Expérience en accueil ou service client souhaitée.","Qualification avant bac - Bac - Bac+1 - Bac+2","Expérience entre 2 ans et 5 ans - Expérience entre 5 ans et 10 ans - Expérience > 10 ans","Français, Anglais, Arabe","CDI","2026-04-29","Emploi.ma | https://www.emploi.ma/offre-emploi-maroc/chargee-accueil-accueil-visiteurs-hf-casablanca-9336779"
"Technicien Laboratoire Métallurgique","TECTRA CASA BOURGOGNE – RECRUTEMENT","Casablanca-Mohammedia","Intérim, recrutement","Pour l'un de nous client opérant dans le secteur métallurgique, TECTRA recrute 2 Techniciens Laboratoire Métallurgique. Missions principales Préparation d'échantillons : Tronçonnage, enrobage, polissage et attaque chimique d'échantillons métalliques pour examens microscopiques. Analyses et essais : Réalisation d'essais physico-chimiques (analyses granulométriques, pHmétrie, titrage) et mécaniques (dureté, traction, résilience). Contrôle qualité : Vérification de la conformité des matières premières, des produits intermédiaires et finis, et détection des non-conformités. Maintenance des équipements : Entretien, étalonnage et calibration des instruments de laboratoire (fours, microscopes, balances). Rapportage : Saisie des données analytiques et rédaction de rapports de laboratoire pour les ingénieurs ou le service production.","Formation : Bac+2 ou Bac+3 (DUT, BTS, ISTA) en chimie, matériaux, métallurgie ou physique. Expérience : Junior (1 à 3 ans) ou profil débutant accepté selon les offres (notamment dans la région de Casablanca ou sur des sites industriels/miniers). Qualités : Rigueur, précision, esprit d'analyse, autonomie et esprit d'équipe","Bac+2 - Bac+3 - Bac+4 - Bac+5 et plus","Expérience entre 2 ans et 5 ans - Expérience entre 5 ans et 10 ans - Expérience > 10 ans","Français (Courant)","Freelance","2026-04-28","Emploi.ma | https://www.emploi.ma/offre-emploi-maroc/technicien-laboratoire-metallurgique-birjdid-9347939"
"Métreur","CRIT MARRAKECH","Marrakech-Safi","Intérim, recrutement","Dans le cadre du développement de l’activité de notre client, nous recrutons un Métreur basé à Marrakech. Missions : Réaliser les métrés et les études de prix Analyser les dossiers d’appels d’offres Établir les devis et les estimations des coûts Suivre les travaux et ajuster les quantités si nécessaire Collaborer avec les équipes techniques et les fournisseurs","Profil recherché : Formation en bâtiment / génie civil Expérience confirmée dans un poste similaire Bonne maîtrise des outils de métrage et logiciels techniques Rigueur, précision et sens de l’organisation","Bac+2","Expérience entre 5 ans et 10 ans - Expérience > 10 ans","Non spécifié","CDI","2026-04-29","Emploi.ma | https://www.emploi.ma/offre-emploi-maroc/metreur-marrakech-9335393"
"Responsable Commercial et Relation Entreprises","CALLIOPE","Casablanca-Mohammedia","Distribution, vente, commerce de gros Édition, imprimerie Éducation, formation","Nous recherchons un(e) Responsable Commercial et Relation Entreprises enthousiaste et engagé dans le secteur de la formation et de l'éducation. Votre mission consistera à développer notre clientèle et à mettre en avant nos solutions de formation sur mesure, répondant aux besoins spécifiques des entreprises et des institutions. Missions principales : Concevoir et mettre en œuvre une stratégie commerciale pour valoriser nos programmes de formation. Cultiver des relations durables avec les clients et veiller à leur satisfaction. Organiser des réunions de suivi pour recueillir des retours et adapter notre offre. Collaborer avec l’équipe marketing pour créer des campagnes percutantes. Suivre et analyser les performances commerciales à l’aide d’indicateurs clés. Préparer des rapports d’activité réguliers à destination de la direction.","De formation Bac+5 avec une spécialité en gestion commerciale ⁄ management… Minimum 3 à 5 ans d’expérience dans la fonction commerciale ou la vente de prestations de service, de préférence dans le secteur de la formation ou de l’éducation. Excellentes compétences en communication, persuasion et négociation, la maitrise de l’anglais est souhaitable. Maîtrise des outils bureautiques (Word, Excel, PowerPoint…) Esprit d’équipe et sens de l’initiative. Orientation vers les résultats et forte motivation commerciale.","Bac+5 et plus","Expérience entre 2 ans et 5 ans - Expérience entre 5 ans et 10 ans - Expérience > 10 ans","Français (Courant), Anglais (Courant)","CDI","2026-04-29","Emploi.ma | https://www.emploi.ma/offre-emploi-maroc/responsable-commercial-relation-entreprises-casablanca-9336777"
"Pré","CRIT","Rabat-Salé-Kénitra","Intérim, recrutement","Nous sommes à la recherche d'un Pré-Vendeur. Le pré-vendeur assure la prise de commandes auprès des clients (épiceries, commerces de proximité) sur sa zone. Il est chargé de développer le chiffre d’affaires, de fidéliser le portefeuille clients et d’assurer la bonne visibilité des produits. Il veille également au suivi des commandes et remonte les informations terrain (besoins clients, concurrence, disponibilité des produits).","Bac+2 obligatoire Première expérience obligatoire en tant que vendeur ou pré-vendeur Bon sens commercial et excellent relationnel client Dynamique, motivé et orienté résultats Capacité à travailler en autonomie sur le terrain Permis B souhaité","Bac+2","Débutant < 2 ans","Français","CDI","2026-04-28","Emploi.ma | https://www.emploi.ma/offre-emploi-maroc/pre-vendeur-rabat-marakkech-9347778"
"Gérant de Station","N/A","Béni Mellal-Khénifra","N/A","Nous sommes à la recherche d'un Gérant de Station-Service. Rattaché(e) à la Direction Réseau Direct, vous êtes l'interlocuteur principal du client, Vos principales missions seront : Gestion et fiabilisation des stocks carburants et lubrifiants; Établissement des rapports journaliers et décadaires d’activités; Suivi et recouvrement des crédits clients; Être le garant de la qualité de service; Être le garant de la sécurité des équipes et des clients; Management et animation des équipes; Prospection des clients.","Diplôme Bac +3 minimum, idéalement Bac +4, spécialité gestion, avec une expérience probante, de préférence dans le secteur pétrolier ou la grande distribution.","Bac+3","Débutant < 2 ans - Expérience entre 2 ans et 5 ans","Non spécifié","CDI","2026-04-28","Emploi.ma | https://www.emploi.ma/offre-emploi-maroc/gerant-station-service-khouribga-9247020"
"Gestionnaire Parc Auto","DEKRA SERVICES","Casablanca-Mohammedia","Intérim, recrutement","Nous Recrutons pour une multinationale, un( e) Gestionnaire Parc Auto. Mission principale Assurer la gestion optimale du parc automobile de l’entreprise, en garantissant la disponibilité, la conformité et la maîtrise des coûts liés aux véhicules, tout en respectant les politiques internes et la réglementation en vigueur. Responsabilités clés Planifier et superviser l’attribution, la restitution et le renouvellement des véhicules. Maintenir un inventaire précis et à jour du parc. Contrôler les coûts (entretien, carburant, sinistres). Gérer les contrats de location longue durée (LLD) et négocier avec les fournisseurs. Garantir le respect des obligations légales Mettre en œuvre la politiques interne relative à l’utilisation des véhicules. Assurer la relation avec les prestataires et concessionnaires. Établir des rapports réguliers sur les KPI Proposer des actions pour réduire les dépenses et améliorer la performance.","Profil recherché Formation : Bac+4 en Logistique, achat ou SCM. Expérience : Minimum 3 ans dans la gestion de flotte ou un poste similaire.","Bac+5 et plus","Expérience entre 2 ans et 5 ans","Français (Courant), Anglais (Courant)","CDI","2026-04-28","Emploi.ma | https://www.emploi.ma/offre-emploi-maroc/gestionnaire-parc-auto-casablanca-9346388"
"Engineering Technician","LEAR CORPORATION MEKNES","Fès - Meknès","Automobile, matériels de transport, réparation","Nous recherchons des Techniciens Ingénierie H/F pour rejoindre notre équipe. Missions : En tant que Technicien Ingénierie, vous allez participer à la conception de nouveaux produits et systèmes en collaboration avec les ingénieurs ainsi que réaliser des prototypes et des essais pour valider les concepts. Vos missions incluront la mise en œuvre des différents projets, la gestion de la documentation technique, et l'analyse et résolution de problèmes.","De formation Bac+2 Diplôme Technique (Méthode / Process) Ayant minimum 1 an d'expérience en tant que Technicien ingénierie (Méthode / Process) dans le câblage automobile Une expérience en développement de projet est un plus Esprit d'équipe et bonnes qualités relationnelles. Prière aux personnes dont le profil ne répond pas aux exigences du poste de s'abstenir.","Bac+2 - Bac+3","Débutant < 2 ans - Expérience entre 2 ans et 5 ans","Non spécifié","CDI","2026-04-28","Emploi.ma | https://www.emploi.ma/offre-emploi-maroc/engineering-technician-meknes-9052573"
"Caissier(ère) / Agent(e) Financier(ère) Intérimaire","JOB CONNECT","Rabat-Salé-Kénitra","Intérim, recrutement","Nous recrutons, pour le compte de notre client basé à Rabat, un(e) Caissier(ère) / Agent(e) Financier(ère) Intérimaire au sein d’un établissement scolaire. Le rôle principal consiste à assurer la gestion des opérations de caisse et à participer au suivi des transactions financières de l’établissement, dans le respect des procédures internes. Missions principales : Accueillir et orienter les étudiants, parents et visiteurs pour les opérations financières Encaisser les paiements (frais de scolarité, inscriptions, autres services) Émettre les reçus et justificatifs de paiement Assurer la tenue quotidienne de la caisse (ouverture, clôture, contrôle des soldes) Effectuer les rapprochements de caisse et signaler les écarts éventuels Participer au suivi des dossiers financiers des étudiants Collaborer avec le service comptabilité pour la transmission des informations Respecter les procédures internes et les règles de confidentialité","Profil recherché : Bac +2 / Bac +3 en gestion, finance, comptabilité ou équivalent Très bonne maitrise de la langue française Première expérience en caisse, gestion financière ou poste similaire souhaitée (en banque, assurance ou équivalent) Bonne connaissance dans la gestion de caisse et notions en comptabilité Maîtrise des outils informatiques (Excel, logiciels de gestion) Bon relationnel et sens du service Discrétion et respect de la confidentialité Type de contrat : Intérim Salaire : 4500 dhs","Bac+2 - Bac+3 - Bac+4","Expérience entre 2 ans et 5 ans","Français (Courant)","Freelance","2026-04-28","Emploi.ma | https://www.emploi.ma/offre-emploi-maroc/caissierere-agente-financierere-interimaire-rabat-9333234"
"Comptable Confirmé","BRICOMA","Casablanca-Mohammedia","Distribution, vente, commerce de gros","Dans le cadre de renforcement de la direction financière, nous recrutons deux Comptables Confirmés. Missions : Tenir la comptabilité générale et enregistrer les opérations comptables quotidiennes Contrôler les documents comptables Effectuer les paiements et/ou les encaissements, et gérer les oppositions Produire les documents comptables et légaux Entretenir les relations avec les partenaires financiers et les organismes de contrôles. Effectuer le rapprochement bancaire, Préparer les déclarations fiscales (TVA, IS, etc.) Participer dans la préparation des bilans, comptes de résultat et annexes.","Qualifications : Formation : Bac+5 en Comptabilité, Finance ou équivalent Expérience : Minimum 5 ans d’expérience professionnelle Expérience exigée dans un cabinet d’expertise comptable ou dans une société de renom Maîtrise des normes comptables, fiscalité et processus de clôture","Bac+5 et plus","Expérience entre 2 ans et 5 ans","Français","CDI","2026-04-28","Emploi.ma | https://www.emploi.ma/offre-emploi-maroc/comptable-confirme-casablanca-9254009"
"Agent Administratif – Intérim (Profil Anglophone)","JOB CONNECT","Rabat-Salé-Kénitra","Intérim, recrutement","Nous recrutons pour un établissement académique un(e) Agent Administratif Anglophone en contrat d’intérim. Missions principales : Assurer la gestion administrative des dossiers étudiants et internes Traiter et organiser les documents administratifs Assurer le suivi et la mise à jour des bases de données Collaborer avec les différents services de l’établissement Participer à l’amélioration des procédures administratives","Profil recherché : Bac+2 ou plus en gestion, administration ou équivalent Maîtrise de l’anglais (obligatoire) Bonne maîtrise du français appréciée Expérience en administration souhaitée Rigueur, organisation et sens du détail Maîtrise des outils bureautiques (Excel, Word…) Conditions : Contrat : Intérim Salaire : 4 000 à 4 500 Dhs","Bac+2 - Bac+3 - Bac+4","Débutant < 2 ans - Expérience entre 2 ans et 5 ans","Français (Courant), Anglais (Courant)","CDI","2026-04-28","Emploi.ma | https://www.emploi.ma/offre-emploi-maroc/agent-administratif-interim-profil-anglophone-rabat-9347415"
"Facturier / Caissier","TECTRA","Casablanca-Mohammedia","Intérim, recrutement","Tectra recrute un Facturier / Caissier pour son client sur Mohammedia . Contrat : d'intérim+avantages sociaux Rémunération : 4000 dh - 5000 dh net Mobilité : possible sur jorf lasfar / Sud / Casablanca","Bac+2/3 en finance/comptabilité/gestion 1ére expérience réussie dans le domaine","Bac+2 - Bac+3","Débutant < 2 ans","Français (Courant)","Freelance","2026-04-28","Emploi.ma | https://www.emploi.ma/offre-emploi-maroc/facturier-caissier-mohammedia-9347293"
"Ingénieur Travaux Génie Civil (H/F)","N/A","Casablanca-Mohammedia","N/A","Une entreprise leader dans son secteur, recrute un Ingénieur Travaux Génie Civil (H/F). Vos responsabilités sont les suivantes : Suivre la maintenance des stations de service et des clients industriels ; Négocier avec les fournisseurs et les sous-traitants les différentes prestations ; Suivre et contrôler les travaux de création et de réaménagement des stations de service ; Veiller au bon fonctionnement du système de gestion à distance des stations ; Suivre les achats et l’approvisionnement les pièces de rechange et matériel neuf ; Établir les devis estimatifs, les demandes d’achats et les bons de commandes ; Veiller au respect des délais des interventions et des budgets annuels ; Gérer et animer une équipe de techniciens.","Lauréat d’une Grande École d’Ingénieur en génie Industriel, Électromécanique ou Électrotechnique ou équivalent, vous justifiez d'une expérience significative dans la maintenance des équipements industriels et la gestion des projets. Agent de terrain, votre rigueur, votre sens de l’organisation et votre esprit d’équipe sont des qualités qui vous permettront de réussir à ce poste.","Bac+4 - Bac+5 et plus","Débutant < 2 ans - Expérience entre 2 ans et 5 ans","Non spécifié","CDI","2026-04-28","Emploi.ma | https://www.emploi.ma/offre-emploi-maroc/ingenieur-travaux-genie-civil-hf-tout-maroc-9247015"
"Chargé(e) de Recouvrement Téléphonique (H/F)","GENERAL PRIVATE INTERIM","Casablanca-Mohammedia","Intérim, recrutement","Dans le cadre de notre développement, nous recrutons un(e) Chargé(e) de Recouvrement Téléphonique. Missions : Assurer le recouvrement des créances par téléphone Relancer les clients en retard de paiement Négocier des solutions de règlement adaptées Assurer le suivi des dossiers et la mise à jour des information","Bac+2 / Bac+3 en finance, gestion ou commerce Expérience souhaitée de minimum 2 ans, idéalement dans le recouvrement bancaire Aisance relationnelle et bonne capacité de négociation Sens de l’organisation et rigueur professionnelle","Bac+2 - Bac+3","Expérience entre 2 ans et 5 ans - Expérience entre 5 ans et 10 ans - Expérience > 10 ans","Français","CDD","2026-04-28","Emploi.ma | https://www.emploi.ma/offre-emploi-maroc/chargee-recouvrement-telephonique-hf-casablanca-9347300"
"Chargé(e) des Enregistrements","AMANYS PHARMA","Rabat-Salé-Kénitra","Industrie pharmaceutique","Nous sommes à la recherche d'un(e) Chargé(e) des Enregistrements. Poste : En tant que Chargé(é) des Enregistrements, vous rapporterez à la Directrice Affaires Réglementaires et Pharmacovigilance, et vos principales missions seront de : Gérer votre portefeuille de produits afin de réaliser vos objectifs, Constituer les dossiers d’AMM, Assurer le suivi des dossiers d’AMM, Constituer les dossiers de maintenance post AMM, Assurer le suivi des dossiers de maintenance post AMM, Contrôler la conformité réglementaire de la publicité, Réaliser une veille réglementaire, Élaborer, valider et diffuser les textes réglementaires relatifs aux articles de conditionnement, Élaborer, valider et diffuser les textes réglementaires relatifs aux mentions légales, Assurer la mise à jour des bases de données, Assurer l’archivage des dossiers d’AMM, Participer à la préparation des dossiers de fixation et d’homologation des prix, Participer à la préparation des dossiers de demande d’inscription des médicaments sur la liste des médicaments remboursables, Préparer et déposer les PSURs.","Profil recherché : Vous êtes titulaire d’un diplôme (BAC+5) scientifique, vous avez une formation complémentaire en Assurance qualité et en Pharmacovigilance; Vous justifiez d'une expérience réussie d’au moins 4 années dans une fonction similaire au sein d’une grande structure; Vous maitrisez parfaitement le français et l’anglais. Qualités personnelles : Vous êtes rigoureux, responsable, engagé, curieux et autonome; Vous avez le sens de la communication et une grande capacité organisationnelle.","Bac+5 et plus","Expérience entre 5 ans et 10 ans - Expérience > 10 ans","Français (Courant), Anglais (Courant)","CDI","2026-04-28","Emploi.ma | https://www.emploi.ma/offre-emploi-maroc/chargee-enregistrements-ain-el-aouda-9310653"
"Commercial en Location des Imprimantes","TECTRA TANGER – RECRUTEMENT","Tanger-Tétouan-Al Hoceïma","Intérim, recrutement","L’Humain est au cœur de notre métier ! TECTRA est aujourd’hui leader du conseil en Ressources Humaines au Maroc. Avec plus de 1000 clients actifs multisectoriels et une force de réseaux de 27 agences partout dans le Royaume, Tectra vous accompagne dans votre recherche d’emploi. Pour l’un de ses clients, TECTRA recherche un(e) Commercial en Location des Imprimantes à Tanger. Missions principales : Prospection Active : Identifier de nouveaux clients B2B, PME/PMI, et administrations. Vente de Solutions : Proposer des contrats de location de copieurs/imprimantes incluant la maintenance. Conseil Client : Analyser les besoins d'impression pour proposer le matériel adapté (multifonction, couleur, N&B). Fidélisation : Gérer un portefeuille client, assurer le suivi et renouveler les contrats.","Profil Recherché Formation : Bac+2 à Bac+5 en Commerce, Marketing ou technique (BTS, IUT). Expérience : Une expérience de 2 à 3 ans dans la vente de services B2B ou la bureautique est souvent demandée. Compétences : Maîtrise des techniques de vente, bonne présentation, dynamisme et rigueur","Bac+2 - Bac+3 - Bac+4 - Bac+5 et plus","Expérience entre 2 ans et 5 ans","Français","CDI","2026-04-28","Emploi.ma | https://www.emploi.ma/offre-emploi-maroc/commercial-location-imprimantes-tanger-9346369"
"Chargé(e) de Recrutement","JOB CONNECT","Rabat-Salé-Kénitra","Intérim, recrutement","Nous recrutons pour un établissement basé à Rabat un(e) Chargé(e) de Recrutement. Au cœur de la stratégie RH, vous serez responsable de l’ensemble du processus de recrutement, de l’identification des besoins jusqu’à l’intégration des nouveaux collaborateurs. Missions principales : Recueillir et analyser les besoins en recrutement en collaboration avec les managers Rédiger et diffuser les offres d’emploi sur les différents canaux (job boards, réseaux sociaux…) Sourcer, identifier et approcher des candidats qualifiés via différentes plateformes Réaliser les entretiens de présélection (téléphoniques / visio) Organiser et conduire les entretiens (individuels ou collectifs) Évaluer les candidats à l’aide d’outils adaptés (tests techniques, assessments…) Rédiger les comptes-rendus d’entretiens et assurer le suivi des candidatures Préparer les propositions d’embauche et gérer le processus d’intégration Accompagner les nouveaux collaborateurs durant leur période d’intégration Mettre à jour les bases de données de recrutement et assurer un reporting régulier","Profil recherché : Bac+3 à Bac+5 en Ressources Humaines, Psychologie du Travail ou équivalent Expérience minimum d’1 an en recrutement Maîtrise des outils de sourcing et des réseaux professionnels (LinkedIn…) Excellentes compétences en communication et en évaluation des profils Organisation, rigueur et sens de la confidentialité Proactivité et esprit d’analyse - Contrat : intérim - Salaire: à négocier","Bac+2 - Bac+3 - Bac+4 - Bac+5 et plus","Débutant < 2 ans - Expérience entre 2 ans et 5 ans","Français (Courant)","Freelance","2026-04-28","Emploi.ma | https://www.emploi.ma/offre-emploi-maroc/chargee-recrutement-interim-rabat-9347385"
"Agent de Bourse","JOB CONNECT","Rabat-Salé-Kénitra","Intérim, recrutement","Nous recrutons un(e) Agent de Bourse pour la gestion et le suivi des aides financières des étudiants. Missions principales : Gestion des demandes de bourses Vérification des dossiers administratifs et financiers Suivi des bénéficiaires Coordination avec les services internes Mise à jour des bases de données","Profil recherché : Bac+2/3 en gestion, économie ou administration Rigueur et sens du détail Bonne maîtrise des outils bureautiques Expérience en gestion administrative appréciée - Contrat : intérim - Salaire: à négocier","Bac+3 - Bac+4 - Bac+5 et plus","Expérience entre 2 ans et 5 ans - Expérience entre 5 ans et 10 ans","Français (Courant)","CDI","2026-04-28","Emploi.ma | https://www.emploi.ma/offre-emploi-maroc/agent-bourse-interim-rabat-9347865"
"Technicien SAV","DEKRA SERVICES","Marrakech-Safi","Intérim, recrutement","Notre client, grande structure, leader dans le domaine de services interbancaires, recrute dans le cadre de son développement, des Techniciens SAV à Essaouira Missions principales : Installation, maintenance et dépannage des terminaux de paiement électronique (TPE) Diagnostic et résolution des pannes afin d’assurer une disponibilité optimale des équipements Coordination avec les commerçants, suivi des stocks de TPE et contribution à la satisfaction client Gestion du planning d’interventions et rédaction des rapports d’activité","Profil recherché : Bac+2/3 en électronique, informatique ou réseaux avec une 1ère expérience dans une fonction similaire Bon relationnel et sens du service client Mobilité requise : permis de conduire et moyen de transport souhaité","Bac+2 - Bac+3","Expérience entre 2 ans et 5 ans","Français, Arabe","CDI","2026-04-28","Emploi.ma | https://www.emploi.ma/offre-emploi-maroc/technicien-sav-essaouira-9347744"
"Comptable Junior","BRICOMA","Casablanca-Mohammedia","Distribution, vente, commerce de gros","Nous recrutons des Comptables juniors pour renforcer la direction financière BRICOMA. Missions : Tenir la comptabilité générale et enregistrer les opérations comptables quotidiennes Contrôler les documents comptables Effectuer les paiements et/ou les encaissements, et gérer les oppositions Produire les documents comptables et légaux Entretenir les relations avec les partenaires financiers et les organismes de contrôles. Effectuer le rapprochement bancaire, Préparer les déclarations fiscales (TVA, IS, etc.) Participer dans la préparation des bilans, comptes de résultat et annexes.","Formation : Bac+3 minimum en Comptabilité ou Finance Expérience : Première expérience souhaitable, idéalement 2 ans dans un cabinet d’expertise comptable Bonne maîtrise des outils informatiques et des bases comptables","Bac+3","Débutant < 2 ans","Français","CDI","2026-04-28","Emploi.ma | https://www.emploi.ma/offre-emploi-maroc/comptable-junior-casablanca-9254014"
"Comptable Confirmé","TECTRA CASA BOURGOGNE – RECRUTEMENT","Casablanca-Mohammedia","Intérim, recrutement","Pour l'un de ces clients opérant dans le secteur de la grande distribution, TECTRA recrute un Comptable Confirmé. Missions principales Tenue et suivi comptable : Enregistrer et contrôler les flux comptables. Superviser la comptabilité des tiers (clients, fournisseurs). Gérer les immobilisations (acquisitions, cessions). Effectuer les rapprochements bancaires. Clôtures et analyses : Réaliser les clôtures mensuelles, trimestrielles et annuelles. Passer les écritures de régularisation et de fin d'exercice. Établir les rapports et analyses financières. Fiscalité et déclarations : Préparer et déposer les déclarations fiscales (TVA, etc.). Gérer les aspects fiscaux et sociaux. Traiter les dossiers de remboursement de taxes.","de formation bac+3/5 licence en gestion /diplôme en comptabilité - Master en finance comptabilité avec 5 ans et plus d'expériences dans un poste similaire Compétences Compétences techniques et professionnelles Comptabilité générale : Tenue des comptes, gestion des immobilisations, comptabilité des tiers, rapprochements bancaires. Clôture des comptes : Participation active aux clôtures mensuelles, trimestrielles et annuelles, incluant les écritures de régularisation et d'inventaire. Fiscalité : Élaboration et contrôle des déclarations fiscales (TVA, etc.) et gestion des relations avec les administrations fiscales. Outils informatiques : Maîtrise d'Excel et des logiciels de comptabilité (comme Sage, Cegid), et potentiellement d'autres outils de gestion (ERP). Analyse financière : Capacité à analyser des données financières pour établir des rapports, des tableaux de bord et aider à la prise de décisions. Gestion de trésorerie : Suivi de la trésorerie et du budget. Compétences comportementales et qualités personnelles Organisation et rigueur : Sens des priorités, souci du détail et respect de la confidentialité. Autonomie et responsabilité : Capacité à travailler de manière indépendante et sens des responsabilités. Communication : Bonnes capacités d'expression et d'écoute, notamment pour le travail en équipe et le contact client. Esprit d'analyse : Aptitude à analyser et à interpréter les données comptables de manière critique. Adaptabilité : Capacité à suivre l'évolution de la législation et des outils numériques.","Bac+3 - Bac+4 - Bac+5 et plus","Expérience entre 5 ans et 10 ans - Expérience > 10 ans","Français (Courant)","Freelance","2026-04-28","Emploi.ma | https://www.emploi.ma/offre-emploi-maroc/comptable-confirme-casablanca-9347118"
"Agent d’Accueil","JOB CONNECT","Rabat-Salé-Kénitra","Intérim, recrutement","Nous recrutons pour un établissement d’enseignement supérieur basé à Technopolis un(e) Agent d’Accueil. Véritable premier point de contact, vous jouerez un rôle clé dans l’image, la qualité d’accueil et l’expérience des visiteurs au sein de l’établissement. Missions principales : Accueillir les étudiants, parents, enseignants et visiteurs avec professionnalisme et courtoisie Assurer la gestion des appels téléphoniques (réception, filtrage et transmission des messages) Orienter les visiteurs vers les services et interlocuteurs concernés Gérer le registre des visiteurs et le suivi des rendez-vous Réceptionner, trier et distribuer le courrier Apporter un support administratif simple aux équipes (classement, saisie, impression) Fournir des informations générales sur l’établissement (horaires, procédures, contacts…) Veiller à la bonne tenue et à la propreté de l’espace d’accueil Représenter l’image de l’établissement avec rigueur, discrétion et professionnalisme","Profil recherché : Formation Bac ou Bac+2 en accueil, secrétariat ou communication (souhaitée) Excellente aisance en français (expression orale claire et fluide) Présentation soignée et sens du service irréprochable Bonne maîtrise des outils bureautiques (Word, Excel, Outlook) Sens de l’écoute, patience, courtoisie et réactivité - Contrat : intérim - Salaire: à négocier","Bac+2 - Bac+3 - Bac+4 - Bac+5 et plus","Débutant < 2 ans - Expérience entre 2 ans et 5 ans","Français (Courant)","CDI","2026-04-28","Emploi.ma | https://www.emploi.ma/offre-emploi-maroc/agent-accueil-interim-rabat-9347319"
"Commercial en Assurances Décennale","ASSU PRO","Rabat-Salé-Kénitra","Banque, assurance, finances","Le Projet Dans le cadre de notre structure fraichement créé à Kénitra, nous recrutons des Commerciaux en Assurances Décennale pour développer notre clientèle située sur le marché français. Votre Mission : Prospection de professionnels du BTP, appel des leads frais pour détecter le besoin du client et proposer l assureur adapté.","Vous justifiez d'une expérience solide en assurance RC Décennale française d'un minimum d un an.","Bac+1 - Bac+2 - Bac+3 - Bac+4 - Bac+5 et plus","Débutant < 2 ans - Expérience entre 2 ans et 5 ans - Expérience entre 5 ans et 10 ans - Expérience > 10 ans","Français","CDI","2026-04-28","Emploi.ma | https://www.emploi.ma/offre-emploi-maroc/commercial-assurances-decennale-kenitra-9344791"
"Comptable Anglophone","TECTRA","Casablanca-Mohammedia","Intérim, recrutement","Nous recherchons pour le compte de l'un de nos clients, un Comptable Anglophone sur Casablanca.","Profil recherché : Niveau d’expérience requis entre 2 ans et 5 ans dans la gestion, la comptabilité ou la finance. Niveau d’études requis : Bac+3. Langue exigée : anglais courant. Secteurs d’activité pertinents : industrie, production, fabrication, autres.","Bac+3","Expérience entre 2 ans et 5 ans","Anglais (Courant)","CDI","2026-04-28","Emploi.ma | https://www.emploi.ma/offre-emploi-maroc/comptable-anglophone-casablanca-9347111"
"Chargé(e) de Mobilité Internationale","JOB CONNECT","Rabat-Salé-Kénitra","Intérim, recrutement","Nous recrutons pour un établissement d’enseignement supérieur basé à Technopolis un(e) Chargé(e) de Mobilité Internationale. Vous serez en charge de l’organisation, du suivi et de l’accompagnement des étudiants dans leurs projets de mobilité à l’international, en garantissant une expérience fluide et structurée. Missions principales : Coordonner les programmes d’échanges académiques et de stages à l’international Informer, conseiller et accompagner les étudiants et le corps professoral dans leurs projets de mobilité Gérer les dossiers administratifs (constitution, vérification et suivi des documents) Assister dans les démarches liées aux visas, autorisations et formalités administratives Participer à l’organisation logistique des mobilités (hébergement, préparation au départ…) Assurer un suivi des participants avant, pendant et après leur séjour à l’étranger Gérer plusieurs dossiers simultanément avec rigueur et précision Contribuer au développement et au suivi des partenariats avec les institutions internationales Apporter un accompagnement personnalisé et répondre aux problématiques rencontrées","Profil recherché : Bac+3 minimum en communication, relations internationales, gestion ou équivalent Excellente maîtrise du français et de l’anglais (obligatoire) Bonne connaissance des प्रक्रdures de mobilité internationale (visas, bourses, échanges) Excellentes compétences relationnelles et sens de l’accompagnement Organisation, rigueur et capacité à gérer plusieurs priorités Esprit d’initiative et autonomie - Contrat : intérim - Salaire: à négocier","Bac+2 - Bac+3 - Bac+4 - Bac+5 et plus","Débutant < 2 ans - Expérience entre 2 ans et 5 ans","Français (Courant), Anglais (Courant)","Stage","2026-04-28","Emploi.ma | https://www.emploi.ma/offre-emploi-maroc/chargee-mobilite-internationale-interim-rabat-9347333"
"Comptable Confirmé(e)","JOB CONNECT","Rabat-Salé-Kénitra","Intérim, recrutement","Nous recrutons pour le compte de notre client basé à Rabat un(e) Comptable. Le/la candidat(e) aura un rôle essentiel dans la gestion comptable de l’entreprise. Missions principales : Assurer la tenue de la comptabilité générale Saisir, contrôler et enregistrer les pièces comptables (factures, opérations bancaires, etc.) Établir les déclarations fiscales et sociales (TVA, IS, IR…) Participer aux clôtures mensuelles et annuelles Assurer le traitement de la paie Suivre les comptes clients et fournisseurs Réaliser les rapprochements bancaires Préparer les états financiers et les reportings Établir le bilan Collaborer avec les auditeurs externes et le cabinet comptable si nécessaire","Profil recherché : Formation Bac+2 à Bac+5 en comptabilité, finance ou gestion Expérience minimum de 4 ans, avec un passage obligatoire en cabinet comptable Bonne maîtrise des outils informatiques et des logiciels de comptabilité Bonne connaissance de la réglementation fiscale et comptable marocaine Rigueur, sens de l’organisation et respect de la confidentialité - Type de contrat : CDI - Salaire : entre 4 000 et 6 000 MAD, selon expérience","Bac+1 - Bac+2 - Bac+3","Expérience entre 2 ans et 5 ans - Expérience entre 5 ans et 10 ans","Non spécifié","CDI","2026-04-28","Emploi.ma | https://www.emploi.ma/offre-emploi-maroc/comptable-confirmee-rabat-9347263"
"Chargé(e) de Scolarité","JOB CONNECT","Rabat-Salé-Kénitra","Intérim, recrutement","Nous recrutons pour un établissement d’enseignement supérieur basé à Technopolis un(e) Chargé(e) de Scolarité. Dans un environnement académique structuré et dynamique, vous jouerez un rôle central dans la gestion et le suivi administratif et pédagogique des étudiants. Missions : Assurer l’accueil, l’orientation et le suivi administratif des étudiants Gérer les dossiers d’inscription et de réinscription (physiques et en ligne) Vérifier, valider et archiver les pièces justificatives des étudiants Assurer la mise à jour continue des dossiers administratifs et pédagogiques Suivre les parcours académiques (changements de filière, dérogations, validations d’acquis…) Participer à l’organisation des examens (convocations, salles, surveillance, traitement des copies, publication des résultats) Conseiller et informer les étudiants sur les procédures académiques et administratives Orienter les étudiants vers les services concernés (bourses, logement, santé…) Collaborer avec les enseignants pour la planification des cours et des emplois du temps Travailler en coordination avec les différents services de l’établissement (finances, RH, communication…) Exploiter et mettre à jour les systèmes d’information de gestion de la scolarité Produire des rapports et statistiques liés à la vie académique","Profil : Formation Bac+3 minimum en gestion, administration ou équivalent Maîtrise des outils bureautiques (Word, Excel, PowerPoint) Bonne maîtrise des systèmes de gestion académique (SIS) Excellentes capacités de communication en français (écrit et oral) Rigueur, organisation et sens du service Esprit d’équipe et capacité à gérer plusieurs tâches simultanément - Contrat: intérim - Salaire: à négocier","Bac+2 - Bac+3 - Bac+4 - Bac+5 et plus","Débutant < 2 ans - Expérience entre 2 ans et 5 ans","Français (Courant)","CDI","2026-04-28","Emploi.ma | https://www.emploi.ma/offre-emploi-maroc/chargee-scolarite-interim-rabat-9347311"
"Responsable Bureau d’Études et Méthodes – Industrie / BTP","JOB CONNECT","Rabat-Salé-Kénitra","Intérim, recrutement","Nous recrutons, pour le compte de notre client basé à Mohammedia, un(e) Responsable Bureau d’Études & Méthodes, évoluant dans le secteur Industrie / Ingénierie / BTP (Bâtiment et Travaux Publics). Missions principales : Piloter et coordonner l’ensemble des activités du bureau d’études et méthodes. Définir les orientations techniques et assurer une veille technologique active. Encadrer, animer et développer les équipes techniques. Planifier, organiser et suivre l’avancement des projets. Optimiser les processus industriels (Lean management, amélioration continue). Réaliser des études de faisabilité et des chiffrages techniques. Apporter un support technique aux équipes commerciales. Suivre les indicateurs de performance et assurer un reporting régulier. Représenter l’entreprise lors d’événements professionnels. Superviser les études liées aux structures métalliques. Assurer le calcul de structures, notamment via Robot Structural Analysis.","Profil recherché : Diplôme Bac+5 en ingénierie, génie civil, construction ou équivalent. Expérience de 5 à 10 ans en bureau d’études, méthodes ou industrialisation. Expérience confirmée en management d’un bureau d’études, idéalement en structures métalliques. Maîtrise des outils CAO/DAO et des méthodes de gestion de projet. Maîtrise du calcul de structures avec Robot Structural Analysis. Bonne connaissance des approches Lean et d’amélioration continue. Excellente maîtrise du français et bon niveau en anglais Fortes capacités d’analyse, de structuration et de prise de décision. Conditions : Type de contrat : CDI Localisation : Mohammedia Rémunération : À négocier selon profil","Bac+5 et plus","Débutant < 2 ans - Expérience entre 2 ans et 5 ans - Expérience entre 5 ans et 10 ans","Français, Anglais","CDI","2026-04-28","Emploi.ma | https://www.emploi.ma/offre-emploi-maroc/responsable-bureau-etudes-methodes-industrie-btp-rabat-9347949"
"Technicien Méthodes","SELHA MAROC","Casablanca-Mohammedia","Aéronautique, navale","Nous sommes à la recherche d'un Technicien(ne) Méthodes Missions: Préparer les données techniques permettant d’assurer la mise en production selon les spécificités et critère de son portefeuille client Gérer et maintenir les outils de fabrications à partir des données clients dans le but de mettre en place les moyens pour produire Participer à l'amélioration industrielle","Bac +2 DUT ou BTS génie mécanique","Bac+2","Expérience entre 2 ans et 5 ans","Français (Courant)","CDI","2026-04-28","Emploi.ma | https://www.emploi.ma/offre-emploi-maroc/technicien-methodes-casablanca-9334835"
"Gestionnaire de Stock","GROUPE MCE","Casablanca-Mohammedia","Hôtellerie, restauration Intérim, recrutement Marketing, communication, médias Nettoyage, sécurité, surveillance","Dans le cadre du développement de l’activité de notre client, nous recrutons un(e) Responsable Entreposage, Gestion de Stock & Flux, basé(e) à Bouskoura. Missions principales : Assurer la gestion globale de l’entrepôt (réception, stockage, préparation et expédition) Superviser et optimiser les flux logistiques internes et externes Garantir la fiabilité des stocks (inventaires, traçabilité, contrôle des écarts) Mettre en place et suivre les indicateurs de performance (KPI) Encadrer et animer les équipes opérationnelles Veiller au respect des procédures, des normes de sécurité et de qualité Proposer des axes d’amélioration continue des processus logistiques","Formation en logistique, supply chain ou équivalent Expérience significative dans un poste similaire Bonne maîtrise des outils de gestion de stock et ERP Capacités organisationnelles et managériales avérées Rigueur, réactivité et sens de l’optimisation","Bac+2","Débutant < 2 ans","Non spécifié","Freelance","2026-04-28","Emploi.ma | https://www.emploi.ma/offre-emploi-maroc/gestionnaire-stock-bouskoura-9332559"
"Chef de Rang","CRIT","Casablanca-Mohammedia","Intérim, recrutement","Nous sommes à la recherche d'un Chef de Rang. Le Chef de Rang est responsable de la gestion d’un ensemble de tables (rang) au sein du restaurant de l’hôtel. Il assure l’accueil des clients, la prise de commande et le service des plats et boissons, tout en veillant au bon déroulement du service. Il coordonne avec la cuisine et participe à la mise en place de la salle afin de garantir une expérience client de qualité. - salaire:3500DH","Première expérience dans un poste similaire (serveur ou chef de rang) Bonne présentation et sens du service Dynamique, organisé(e) et réactif(ve) Bon relationnel et esprit d’équipe Ponctuel(le), sérieux(se) et motivé(e) Capacité à gérer plusieurs tables efficacement","Bac - Bac+1 - Bac+2","Débutant < 2 ans","Français (Courant)","Freelance","2026-04-27","Emploi.ma | https://www.emploi.ma/offre-emploi-maroc/chef-rang-casablanca-9346078"
"Chef d'Équipe","COLORADO","Casablanca-Mohammedia","Chimie, pétrochimie, matières premières, mines","Nou sommes à la recherche d'un Chef d'Équipe. Rattaché au pôle industriel et technique, vos missions sont les suivantes : Exécuter les programmes de production ; Respecter les processus en vigueur ; Contrôler les produits conditionnés avant leur transfert au magasin produits finis ; Jouer un rôle actif dans la lutte contre les incendies; Gérer des équipes opérationnelles ; Organiser les postes de travail.","Profil : De formation BAC+2/+3 en gestion de la production, avec une expérience de 2 ans minimum dans la fabrication. Bonne connaissances en gestion d'équipe. Formation en hygiène, sécurité et lutte contre incendie.","Bac+2 - Bac+3 - Bac+4 - Bac+5 et plus","Expérience entre 2 ans et 5 ans","Non spécifié","CDI","2026-04-27","Emploi.ma | https://www.emploi.ma/offre-emploi-maroc/chef-equipe-casablanca-9346176"
"Conseiller de Vente","BRICOMA","Casablanca-Mohammedia","Distribution, vente, commerce de gros","Dans le cadre de renforcement de notre force de vente, BRICOMA AIN SEBAA recrute un Conseiller de Vente. Missions : Rattachés au chef de rayon, vos principales missions sont : Accueil et approche client ’’Écoute, Conseil’’ Assurer une bonne tenue de rayon (Présentation produits, balisage, etc.) Réaliser les objectifs de chiffres d’affaires fixés avec le Chef de Rayon et la Direction Magasin.","Titulaire d’un Bac+2 type ISTA en Commerce /Gestion/ Électromécanique / sanitaire et plomberie / génie climatique Débutant ou avec une première expérience Aisance de communication, sens commercial et bonne argumentation, bonne présentation physique et orale.","Bac+2","Etudiant, jeune diplômé - Débutant < 2 ans - Expérience entre 2 ans et 5 ans","Français","CDI","2026-04-27","Emploi.ma | https://www.emploi.ma/offre-emploi-maroc/conseiller-vente-casablanca-9346123"
"Assistant(e) Trilingue Chinois Anglais Français","TECTRA CASA BOURGOGNE – RECRUTEMENT","Casablanca-Mohammedia","Intérim, recrutement","Nous recherchons un Assistant(e) Trilingue Chinois Anglais Français pour rejoindre notre équipe. Ce poste implique la gestion de communications multilingues, la coordination avec des partenaires internationaux et le support administratif dans un environnement dynamique. Missions : Assurer la traduction et l’interprétation entre le chinois, l’anglais et le français pour diverses communications professionnelles. Coordonner les échanges avec des partenaires et clients internationaux en utilisant les compétences linguistiques trilingues. Participer à la gestion administrative et à la préparation de documents multilingues. Supporter l’équipe dans la planification et l’organisation d’événements ou de réunions internationales. Contribuer à l’amélioration des processus de communication interne et externe en utilisant ses compétences linguistiques.","Ce poste Assistant(e) Trilingue Chinois Anglais Français nécessite un candidat expérimenté, capable de gérer efficacement la communication multilingue et de soutenir les activités liées aux secteurs du transport, de la logistique et des services postaux, tout en assurant une conformité rigoureuse avec les normes en vigueur. Profil : Niveau d’expérience requis dans les secteurs du transport, de la logistique ou des services postaux. Niveau d’études requis : Bac+5 et plus. Langues exigées : chinois, anglais, français. Secteurs d’activité de l’entreprise : transports, logistique, services postaux. Qualifications et compétences : Expérience entre 2 ans et 5 ans, ou entre 5 ans et 10 ans, ou plus de 10 ans dans un poste similaire. Maîtrise parfaite du chinois, de l’anglais et du français. Excellentes compétences en communication multilingue. Capacité à travailler dans un environnement dynamique et multiculturel. Compétences organisationnelles et gestion du temps efficaces.","Bac+5 et plus","Expérience entre 2 ans et 5 ans - Expérience entre 5 ans et 10 ans - Expérience > 10 ans","Français, Anglais","CDD","2026-04-27","Emploi.ma | https://www.emploi.ma/offre-emploi-maroc/assistante-trilingue-chinois-anglais-francais-casablanca-9345921"
"Plongeur","CRIT MARRAKECH","Marrakech-Safi","Intérim, recrutement","Nous recrutons pour le compte de notre client, un hôtel basé à Marrakech, un Plongeur. Missions : Assurer le nettoyage de la vaisselle, des ustensiles et du matériel de cuisine Veiller à la propreté des locaux de cuisine Respecter les normes d’hygiène et de sécurité en vigueur","Profil recherché : Expérience souhaitée dans un poste similaire Sérieux, rigueur et sens de l’organisation Capacité à travailler en équipe Poste à pourvoir immédiatement.","Qualification avant bac","Débutant < 2 ans","Non spécifié","Freelance","2026-04-28","Emploi.ma | https://www.emploi.ma/offre-emploi-maroc/plongeur-marrakech-9334535"
"Développeur Fullstack Web/Mobile","MTS SYSTEM","Casablanca-Mohammedia - Marrakech-Safi - Rabat-Salé-Kénitra","Informatique, SSII, Internet","Société à rayonnement international, implantée à Marrakech depuis 2006, spécialisée dans la distribution et le développement d’applications commerciales et monétiques, est à la recherche de Développeurs Full Stack. Missions : Sous la direction d’un chef de projet, au sein d’une équipe de développeurs, vous participerez à la conception et au développement technique de nouvelles applications web et/ou mobile. Activités principales : Développement des applications : Rédiger les lignes de codes nécessaires à la création d’une application Appliquer les règles de navigation, créer des liens entre les pages Développer les interfaces Corriger et optimiser les fonctionnalités (qualité, charte graphique, ergonomie...) Documenter les applications pour les développements ultérieurs et la mise en production. Tests et écriture des corrections nécessaires : Préparer et réaliser les tests unitaires et les tests fonctionnels Apporter les correctifs nécessaires suite à ces tests ou aux tests fonctionnels réalisés par les utilisateurs ou la maîtrise d’ouvrage. Maintenance corrective et évolutive des applications : Assurer les corrections suite aux problèmes soulevés (bugs) Prendre en compte les évolutions des solutions techniques existantes Assurer la programmation des évolutions demandées. Réalisation de l’analyse technique (Sous la responsabilité du chef de projet) : Analyser les besoins métiers spécifiés et les traduire en cahier des charges techniques Écrire les spécifications techniques générales et détaillées en envisageant les problèmes éventuels et les évolutions. Activités éventuelles : Pour de petits projets, le développeur pourra parfois être amené à gérer la partie technique de A à Z sans qu’il y ait de chef de projet, et parfois rédiger les spécifications fonctionnelles détaillées.","Qualifications : Compétences techniques : C# / Netcore, Angular, Java / Android, JavaScript. Aptitudes professionnelles : Forte motivation pour l’informatique et pour l’apprentissage de nouveaux langages et systèmes Adaptabilité et force de propositions pour répondre aux demandes des clients tout en respectant les normes de développement Rapidité d'exécution pour rendre les livrables dans les délais impartis Facilité à s'adapter à de nouveaux langages et de nouvelles méthodes de développement Polyvalence, créativité pour identifier les solutions techniques appropriées. Rattachement hiérarchique : Directeur technique. Diplômes requis : De formation Bac+5 en Informatique. Durée d’expérience : 3 ans minimum. Nous proposons : Un contrat CDI Salaire mensuel net à partir de 15 000 Dhs Net (à négocier selon compétences).","Bac+5 et plus","Expérience entre 2 ans et 5 ans - Expérience entre 5 ans et 10 ans","Français","CDI","2026-04-27","Emploi.ma | https://www.emploi.ma/offre-emploi-maroc/developpeur-fullstack-webmobile-marrakech-9300002"
"Area Manager – Gamme Ville (Afrique)","AMANYS PHARMA","Rabat-Salé-Kénitra - International","Industrie pharmaceutique","Amanys Pharma recrute Area Manager – Gamme Ville (Afrique). Rattachement : Business Development Lead – AMEA Responsabilités clés 1. Développement stratégique & commercial : Définir et déployer la stratégie commerciale et marketing Identifier et concrétiser de nouvelles opportunités de croissance (produits, marchés, canaux). Contribuer à la stratégie d’accès au marché et au développement du portefeuille. 2. Gestion des partenaires & distribution Développer, structurer et piloter un réseau de distributeurs et partenaires locaux. Superviser les agences de promotion et assurer un suivi rigoureux des plans d’activation terrain. Négocier les accords commerciaux (pricing, incentives, exclusivité) et garantir leur exécution. 3. Performance & pilotage business Atteindre les objectifs de chiffre d’affaires, de parts de marché et de rentabilité. Suivre et analyser la performance des partenaires (sell-in / sell-out). Mettre en place des plans correctifs et d’optimisation (distribution, couverture, promotion). 4. Marketing & activation Définir, mettre en œuvre et suivre les plans marketing adaptés à chaque marché. Piloter les lancements produits en coordination avec les équipes internes. 5. Analyse & intelligence marché Analyser les tendances du marché, la concurrence et les évolutions réglementaires. Identifier les opportunités de croissance et les risques business. Construire des recommandations stratégiques basées sur les données (IMS, sell-out, pricing). 6. Coordination interne Travailler en étroite collaboration avec les équipes : Affaires réglementaires, Supply chain, Marketing « ( Finance -Assure une exécution fluide des opérations sur les différents marchés. 7. Reporting & pilotage financier Élaborer des reportings (performance, forecast, risques/opportunités). Suivre les KPIs clés : CA, marges, parts de marché, stocks, prévisions. Contribuer à la construction du budget annuel et du plan stratégique. 8. Représentation & networking Représenter Amanys Pharma auprès des par","Profil recherché Bac +4/5 : Commerce, Pharmacie, Médecine, Sciences ou Management. Expérience confirmée en vente et marketing pharmaceutique, idéalement en Afrique. Expérience en gestion de distributeurs et marchés multi-pays fortement appréciée. Compétences techniques: Excellente connaissance des marchés pharmaceutiques africains. Maîtrise des modèles de distribution et des circuits retail. Forte capacité en négociation commerciale internationale. Gestion de partenaires et réseaux de distribution. Français et anglais courants (obligatoire). Qualités personnelles: Leadership et forte orientation résultats Excellentes capacités de communication","Bac+5 et plus","Expérience entre 5 ans et 10 ans - Expérience > 10 ans","Français (Courant), Anglais (Courant)","CDI","2026-04-28","Emploi.ma | https://www.emploi.ma/offre-emploi-maroc/area-manager-gamme-ville-afrique-afrique-9301658"
"Chargé des Ressources Humaines H/F","AFRICAWORK","Rabat-Salé-Kénitra","Intérim, recrutement","Nous recrutons pour le compte de notre client, filiale marocaine d’un groupe français reconnu, opérant dans le secteur agro-industriel. Le groupe est spécialisé dans la production, la transformation et la commercialisation de produits agricoles à forte valeur ajoutée, principalement destinés à l’export. Lieu : Kenitra, Maroc Contrat : CDI Votre mission Rattaché(e) au Directeur Général de la filiale Maroc et fonctionnellement à la Directrice RH Groupe, vous pilotez l’ensemble des activités RH opérationnelles du site au Maroc. Véritable partenaire des managers, vous contribuez à développer un climat social sain, à assurer une gestion RH rigoureuse et à déployer la politique RH du Groupe en conformité avec le cadre légal marocain. Vos principales responsabilités Recrutement & Intégration Gérer le processus complet de recrutement : définition du besoin, annonces, sourcing, entretiens, sélection. Assurer tout le processus de pre-boarding et onboarding. Développer les relations écoles et les partenariats locaux. Développement des compétences et Gestion des carrières et mobilité Analyser les besoins de formation et mettre en oeuvre le plan de développement des compétences. Organiser la logistique des formations. Mettre en place et accompagner les campagnes d’entretiens annuels. Soutenir les managers dans leurs réflexions organisationnelles. Climat social & Légal Gérer les procédures disciplinaires, entretiens de départ et alertes sociales. Veiller au respect du droit du travail marocain. Administration du personnel & Paie Superviser la paie, les déclarations sociales et les relations avec organismes. Superviser la GTA et les pointages. Reporting RH Mettre en place et suivre les KPI's RH (turnover, formations, masse salariale…). Être force de proposition pour l’amélioration continue.","Profil recherché Bilingue Arabe / Français. Formation supérieure (+4/5, Master) en Ressources Humaines, Droit ou Management. Expérience confirmée (5 à 7 ans) dans un poste RH opérationnel (recrutement, formation, administration du personnel). Maîtrise du droit du travail marocain et des pratiques RH locales. Aisance relationnelle, sens de la confidentialité, rigueur, capacité à prioriser et esprit d’analyse. Connaissance des outils SIRH appréciée (Kelio…).","Bac+4 - Bac+5 et plus","Expérience entre 5 ans et 10 ans - Expérience > 10 ans","Français (Courant), Arabe (Courant)","CDI","2026-04-28","Emploi.ma | https://www.emploi.ma/offre-emploi-maroc/charge-ressources-humaines-hf-kenitra-9334729"
"Directeur Financier","N/A","Casablanca-Mohammedia","N/A","Grande entreprise basée dans la région de Casablanca, recrute dans le cadre de son développement un Directeur Financier. Missions : Analyser la situation financière et fiscale de l’entreprise et proposer des orientations stratégiques adaptées. Élaborer le budget annuel ainsi que le plan financier en cohérence avec les objectifs de la direction. Assurer le suivi de la trésorerie et analyser les écarts par rapport aux prévisions. Mettre en place et optimiser les procédures administratives, financières et comptables. Contrôler et valider les engagements juridiques (contrats, conventions…). Veiller à la conformité réglementaire et assurer une veille juridique et fiscale continue. Coordonner les services administratifs et financiers, en interaction avec les autres départements (RH, technique, IT…). Superviser le contrôle de gestion (budgets, reporting, planification). Mettre en place des indicateurs de performance et assurer un reporting régulier à la Direction Générale. Analyser les données internes et externes afin d’anticiper les évolutions du marché et du secteur.","Bac+5 minimum en finance, gestion, comptabilité ou économie (une formation complémentaire en droit ou RH est un plus). Expérience confirmée de 7 ans minimum, idéalement dans une grande structure. Excellentes capacités d’analyse, de synthèse et de prise de décision. Sens de l’organisation, rigueur et réactivité.","Bac+4 - Bac+5 et plus","Expérience entre 5 ans et 10 ans - Expérience > 10 ans","Non spécifié","CDI","2026-04-27","Emploi.ma | https://www.emploi.ma/offre-emploi-maroc/directeur-financier-casablanca-9345755"
"Superviseur Restauration et Shop Station","N/A","Casablanca-Mohammedia","N/A","Entreprise spécialisée dans la distribution des produits pétroliers, en plein développement de ses activités, recherche un Superviseur Restauration et Shop Station-Service ADM Oualidia. Vous avez en charge la supervision de toutes les activités liées au restaurant, shop et café de la Station-service. Vous êtes actif en salle, en cuisine pour encadrer les équipes et vous êtes présent en arrière boutique pour assurer la gestion de l’espace cafétéria. Vous avez également pour missions : la bonne gestion du restaurant et la réalisation des objectifs ; la qualité de l’accueil, du service et de la production ; le respect des normes et des standards ; le contrôle de la production et la gestion des stocks (inventaires avant et après exploitation, commandes auprès des fournisseurs, vérification des livraisons...) ; le respect du planning et des horaires du personnel ; la propreté et l’hygiène ; la gestion des caisses : évalue les besoins en monnaie, vérifie les caisses quotidiennes, effectue les remises en banque conformément aux pratiques de l’entreprise ; le Reporting quotidien sur le fonctionnement du restaurant, Shop & Café, la contribution à l’adaptation souhaitable des services et produits avec proposition de nouvelles initiatives ou actions à mettre en œuvre.","De formation supérieure « bac+ 2 Hôtellerie - restauration » avec une parfaite maîtrise de l’outil informatique, vous avez une expérience professionnelle minimum de 2 ans dans un poste similaire. Également, vous habitez à la ville de Oualidia ou ses régions et vous disposez des atouts suivants : Rigoureux/se, organisé/e, impliqué/e, ponctuel/le - Dynamique, autonome, polyvalent/e - Sens commercial et qualité relationnelle - Aptitude au travail en équipe - Capacité d’analyse et de proposition.","Bac+2 - Bac+3","Expérience entre 2 ans et 5 ans","Français (Courant), Anglais (Courant), Arabe (Courant)","CDI","2026-04-28","Emploi.ma | https://www.emploi.ma/offre-emploi-maroc/superviseur-restauration-shop-station-service-adm-oualidia-9314822"
"Responsable Process Engineering","BRIQUETERIE JBEL ANNOUR","Casablanca-Mohammedia","BTP, construction Industrie, production, fabrication, autres","Nous recrutons un(e) Responsable Process Engineering pour piloter l’optimisation des procédés industriels au sein de la briqueterie rouge. Véritable acteur clé de la performance industrielle, il/elle contribue à améliorer la productivité, la qualité des produits et l’efficacité des installations, tout en réduisant les coûts et les pertes.","Missions principales : Optimisation des procédés de production Analyser les processus de fabrication (préparation, façonnage, séchage, cuisson). Identifier les axes d’amélioration pour optimiser la productivité, la qualité et les rendements. Mettre en place des actions correctives pour réduire les pertes, les rebuts et les temps d’arrêt. Amélioration continue et performance industrielle Déployer des méthodologies d’amélioration continue (Lean Manufacturing, Kaizen, 5S…). Suivre et analyser les indicateurs de performance (KPI) : rendement, qualité, consommation énergétique. Piloter des projets d’optimisation des processus et d’industrialisation. Innovation et développement technique Proposer des solutions innovantes pour améliorer les procédés de fabrication des briques rouges. Participer à l’intégration de nouvelles technologies et équipements industriels. Collaborer avec les équipes R&D, production et maintenance pour améliorer les performances globales. Support technique et coordination Apporter un support technique aux équipes de production en cas de problématiques process. Former les équipes aux bonnes pratiques et aux nouveaux procédés. Assurer la coordination avec les différents services (production, qualité, maintenance, HSE). Qualité, sécurité et conformité Veiller au respect des normes de qualité, sécurité et environnement. Participer à la mise en conformité des procédés avec les exigences réglementaires. Contribuer à la réduction de l’impact environnemental des activités industrielles.","Bac+5 et plus","Expérience > 10 ans","Non spécifié","CDI","2026-04-28","Emploi.ma | https://www.emploi.ma/offre-emploi-maroc/responsable-process-engineering-mohammedia-9335038"
"Technicien Qualité","SELHA MAROC","Casablanca-Mohammedia","Aéronautique, navale","Nous recherchons un Technicien(ne) Qualité afin de renforcer notre équipe Qualité. Missions : Le Technicien Qualité contribue à la performance de l'entreprise par la maîtrise opérationnelle et le développement de la qualité des produits achetés ou du produit final. Il contribue également à la pérennisation de la satisfaction client par la prévention et/ou la détection des non conformités des produits: Participer à la mise en place, accompagner et suivre les procédures qualité de la société. Assurer l'interface de la qualité produit/client de son portefeuille Assurer le respect des procédures et critères clients par les opérateurs et assurer le support qualité en production. Participer à la réduction des coûts de non-qualité et présenter les bilans et les actions correctives associées aux retours clients de son portefeuille. Participer à l'élaboration, vérifier les dossiers de fabrication et de contrôle ainsi que les fiches d'instructions associées. Être l'interlocuteur privilégié des non conformités selon le portefeuille client Élaborer l'étude de la cause racine de la non-conformité en sollicitant les acteurs internes si besoin Réaliser la traçabilité et la gestion de la non conformité sur SAP Communiquer les problématiques de défauts identifiés, bloquer si besoin la production Être force de proposition quant à l'optimisation des process existants et la mise en place d'actions correctives ainsi que leurs suivis Participer à la correction du dossier technique en fonction des exigences clients informatisées disponibles sur le réseau. Présenter les synthèses des bilans qualité pour tenir les objectifs stratégiques selon les exigences du client. Réaliser et valider les revues de premier article internes et clients en partenariat avec la production et les méthodes. Suivre et gérer les demandes de dérogations auprès des clients et en assurer la relance éventuelle. Suivi et contrôle des indicateurs qualité Analyser, contrôler et diffuser les indicateurs qualité clients de","Profil : vous êtes titulaire d'un diplôme Bac+2/3 en électronique, électrotechnique ou qualité industrielle avec une expérience pertinente en tant que technicien qualité dans le domaine électronique Bonne capacité d'analyse et de résolution de problèmes, Vous êtes reconnu pour votre professionnalisme, votre rigueur, votre agilité et votre goût du travail en équipe,","Bac+2 - Bac+3","Expérience entre 2 ans et 5 ans","Non spécifié","CDI","2026-04-28","Emploi.ma | https://www.emploi.ma/offre-emploi-maroc/technicien-qualite-casablanca-9334826"
"Assistante Administrative Polyvalente","MTS SYSTEM","Marrakech-Safi","Informatique, SSII, Internet","Nous recrutons des Assistantes Administratives motivées. Missions : 1. Gestion Administrative Automobile (Flotte): Gérer les affectations et restitutions des véhicules: validation des dotations, état des lieux, paramétrage du SI, vérification des pièces Saisie et mise à jour conducteurs: Enregistrer les informations conducteurs et effectuer les changements sur les outils internes. Gestion des devis: - Étudier et valider les devis d'entretien et réparation courants dits ""simples"" (montants < 500 €). - Saisir quotidiennement les devis et factures sur les fichiers de suivi et outils internes (ERP/Logiciels). Traiter les contraventions et FPS: - Procéder à la saisie administrative des contraventions et au règlement. - Effectuer la désignation des conducteurs sur les portails dédiés et alimenter les tableaux de suivi. Demande de cartes grises (cessions ou perte) : faire les demandes de cartes grises et en assurer le suivi sur la plate forme ANTS Coordonner le suivi des entretiens et contrôles techniques: vérifications, relances des conducteurs 2. Gestion des Déplacements: Réservations: Réaliser les réservations (hôtels, trains, billets d'avion) selon les demandes et suivant les consignes internes. Coordination: Confirmer les demandes de réservations auprès des agences. 3. Gestion des Frais Professionnels: Vérification: Pointer chaque justificatif et vérifier la présence de factures conformes. Validation : Valider les dépenses dans l'outil de gestion en application des consignes internes. Contrôle: Identifier et faire remonter les anomalies.","Bac +2 ou plus en Gestion des Ressources Humaines, Gestion des Entreprises ou équivalent. Bonne maîtrise du français à l’écrit et à l’oral À l’aise avec les outils bureautiques (Word, Excel) et Internet, ainsi que les logiciels internes et outils collaboratifs (Slack, Visio, chat…). Polyvalence : savoir passer d’une tâche à une autre Sens du service, de la confidentialité et du travail en équipe, même sous pression. Nous proposons : CDI Salaire mensuel net de 4 500 Dhs Avantages sociaux… Weekend off.","Bac+2 - Bac+3","Débutant < 2 ans","Français (Courant)","CDI","2026-04-27","Emploi.ma | https://www.emploi.ma/offre-emploi-maroc/assistante-administrative-polyvalente-marrakech-9265456"
"Gestionnaire de Plateforme Technique H/F","BUDGET LOCASOM","Casablanca-Mohammedia","Automobile, matériels de transport, réparation Location","Nous sommes à la recherche d’un (e) Gestionnaire de Plateforme Technique H/F pour rejoindre notre équipe dynamique. Vous aurez pour mission de gérer et d’optimiser notre plateforme technique, garantissant ainsi son bon fonctionnement et ses performances. Responsabilités : Effectuer un suivi du montage pneumatique des véhicules. Procéder aux relances relatives aux visites techniques des véhicules. Recevoir et traiter les appels en provenance des clients. Orienter les clients et leur fournir l’assistance nécessaire en cas de besoin. Se charger de la prise de rendez-vous avec les prestataires pour les interventions techniques sur les véhicules et établir les Bon de commande relatifs à ces dernières.","Formation Bac+2 Mécanique Automobile/ Technico-commercial en automobile Expérience dans un poste similaire est un atout. Bonnes connaissances techniques en mécanique des voitures Bonne capacité de communication en français aussi bien à l’oral comme à l’écrit Maîtrise des systèmes informatiques Savoir gérer le flux des appels entrants Savoir diagnostiquer et analyser les problèmes Avoir la capacité de conseiller et d’orienter le client Savoir négocier Si vous êtes motivé(e) , organisé(e) et que vous souhaitez rejoindre une entreprise en pleine croissance, n’hésitez pas à postuler !","Bac+2","Etudiant, jeune diplômé - Débutant < 2 ans","Français (Courant), Arabe (Courant)","CDI","2026-04-28","Emploi.ma | https://www.emploi.ma/offre-emploi-maroc/gestionnaire-plateforme-technique-hf-casablanca-9319230"
"Responsable Comptabilité","BATIFER","Casablanca-Mohammedia","Industrie, production, fabrication, autres","Nous sommes à la recherche d'un Responsable Comptabilité. Missions : Réaliser ou superviser l'ensemble des opérations de comptabilité générale jusqu'au bilan (paie, déclarations sociales et fiscales, tableaux de bord de gestion, ...) selon les règles comptables. Garantir la fiabilité des comptes de l'entreprise en conformité avec les législations comptables, sociales et fiscales. Assurer le bon fonctionnement au quotidien des activités comptables et financières. Suivi des lignes de crédit accordées à la société. Gérer les dépassements avec les banques. Animer les activités comptables inhérentes à son service Contrôler et analyser les résultats. Suivi de la trésorerie au quotidien: saisie des opérations de versement et de paiement sur le logiciel trésorerie, choix de banque pour l’encaissement, suivi des impayés clients, suivi et rapprochement des encaissements clients avec le service recouvrement. Traitement et suivi des transferts/ refinancement. Suivi et traitement des fiches de liquidation (douane). Négociation des valeurs auprès de la salle du marché Communication des situations financières à la DG et DF. Règlement des fournisseurs locaux et étrangers suivant l’état communiqué et visé par le service achat et import. Tenir un tableau de bord sur tous les fournisseurs locaux et étrangers. Tenir un échéancier des dettes mensuellement. Établissement des bilans pour chaque trimestre et suivi des rendements. Établissement des états de synthèse en fin d’année. Suivi des déclarations fiscales. Anticiper les dysfonctionnements du service et mettre en œuvre des actions correctives. Assurer l’ensemble des tâches comptables et financières inhérentes à son poste et à sa fonction. Superviser et contrôler l’activité de ses collaborateurs. Il peut, en cas de nécessité, assurer la gestion comptable, fiscale et financière.","Aptitudes Aisance relationnelle Dynamisme Esprit d’équipe Capacité d’écoute Patience Réactivité Tact Rigueur Fermeté Clarté d’expression Organisation Autonomie Autres Utilisation courante de l’outil informatique Bon niveau de français écrit et oral","Bac+5 et plus","Expérience entre 5 ans et 10 ans - Expérience > 10 ans","Français (Courant)","CDI","2026-04-28","Emploi.ma | https://www.emploi.ma/offre-emploi-maroc/responsable-comptabilite-mohammedia-9335027"
"Commercial(e) B to B Bilingue Anglais Avec Exp. en Recrutement","EMPLOI.MA","Rabat-Salé-Kénitra","Éducation, formation Informatique, SSII, Internet Intérim, recrutement","Nous recrutons un(e) Commercial(e) B to B Bilingue Anglais - Français ayant une expérience en Recrutement pour vendre nos produits et services de recrutement auprès de nos clients étrangers. Vous avez obligatoirement une expérience en tant que Commercial(e) dans le secteur du recrutement.Vous êtes obligatoirement bilingue Anglais - Français. Missions : En tant que responsable de votre portefeuille de comptes entreprises, vos tâches principales sont les suivantes : Prospection de nouveaux clients ; Vente de nos produits et services par téléphone auprès d'une clientèle d´entreprises étrangères ; Identification des besoins de vos clients ; Gestion des contrats ; Suivi commercial des clients. Le poste est basé à Rabat.","Solides techniques de vente avec une expérience réussie d´au moins 2 ans dans la Vente / Télévente B to B ; Vous avez obligatoirement une expérience en tant que Commercial(e) dans le secteur du recrutement ; Vous êtes obligatoirement bilingue Anglais - Français ; Excellent sens commercial ; Excellente élocution ; Excellentes capacités de communication et sens développé de l´organisation.","Bac+4 - Bac+5 et plus","Expérience entre 2 ans et 5 ans","Français (Courant), Anglais (Courant)","CDI","2026-04-27","Emploi.ma | https://www.emploi.ma/offre-emploi-maroc/commerciale-b-b-bilingue-anglais-avec-exp-recrutement-rabat-9346737"
"Chargé(e) de Suivi des Engagements","TECTRA CASA TERTIAIRE – RECRUTEMENT","Casablanca-Mohammedia","Intérim, recrutement","Dans le cadre du renforcement de ses équipes, notre client recrute un(e) Chargé(e) de Suivi des Engagements. Le poste couvre deux axes : le suivi opérationnel des marchés et engagements clients, et la production des reportings associés. Suivi des engagements Suivi des marchés nantis via des contacts continus avec les administrations (appels, déplacements) Suivi et recouvrement des avances sur droits constatés Détection et suivi des alertes relatives à l'exécution des marchés Saisie sur SI et rédaction des écrits adressés aux donneurs d'ordres Analyse et traitement des fiches de dérogation (encours client) Recueil des informations sur le déroulement des marchés lors des renouvellements Reporting & Administration Mise à jour des blacklists et préparation des PV de prorogation des opérations de crédit Élaboration des reportings liés au suivi des engagements et des confirmations Classement et archivage de l'entité","Profil recherché Bac+3 / Bac+5 en Finance, Banque, Gestion ou équivalent Une première expérience en secteur bancaire serait un atout Rigueur, sens de l'analyse, organisation et maîtrise des outils SI","Bac+3 - Bac+4 - Bac+5 et plus","Etudiant, jeune diplômé - Débutant < 2 ans","Français","Freelance","2026-04-27","Emploi.ma | https://www.emploi.ma/offre-emploi-maroc/chargee-suivi-engagements-secteur-bancaire-hf-casablanca-9346188"
"Comptable Client","CRIT","Casablanca-Mohammedia","Intérim, recrutement","Dans le cadre d’un besoin en intérim basé à Casablanca (Ain Sebaâ), nous recrutons un Comptable Client chargé d’assurer le suivi des comptes clients et le recouvrement des créances. Le poste implique la gestion des relances clients, le contrôle des dossiers de facturation, le suivi de la balance auxiliaire et des litiges, ainsi que la comptabilisation et le suivi des effets jusqu’à échéance. Vous serez également amené à déclarer le chiffre d’affaires à l’assurance-crédit, suivre les impayés, gérer les grands comptes jusqu’à l’encaissement et coordonner avec l’ADV pour garantir une facturation régulière.","Titulaire d’un Bac+3 minimum en comptabilité, gestion ou équivalent,Vous justifiez d’au moins 3 ans d’expérience en comptabilité client.Vous maîtrisez les outils informatiques et faites preuve de rigueur, d’organisation et d’un bon sens du détail.Votre capacité d’analyse, votre gestion des priorités ainsi que votre aisance relationnelle seront des atouts essentiels pour réussir dans ce poste.Disponibilité immédiate requise.","Bac+3","Expérience entre 2 ans et 5 ans","Français (Courant)","Freelance","2026-04-28","Emploi.ma | https://www.emploi.ma/offre-emploi-maroc/comptable-client-casablanca-9319425"
"Responsable de Comptes / Commercial(e) B to B (H/F)","EMPLOI.MA","Rabat-Salé-Kénitra","Éducation, formation Informatique, SSII, Internet Intérim, recrutement","Nous recrutons pour notre site Emploi.ma un(e) Responsable de Comptes / Commercial(e) B to B à Rabat (H/F). Vous avez obligatoirement un excellent niveau de français, aussi bien à l'oral qu'à l'écrit. Missions : En tant que responsable de votre portefeuille de comptes entreprises, vos tâches principales sont les suivantes : Prospection de nouveaux clients ; Vente de nos services avant tout par téléphone auprès d'une clientèle d´entreprises ; Identification des besoins de vos clients ; Gestion des contrats ; Suivi commercial des clients.","Profil : Formation Commerciale, niveau Bac+2 à Bac+5 ; Solides techniques de vente avec une expérience réussie d´au moins 2 ans dans la Vente / Télévente B to B ; Excellent niveau de français, aussi bien à l'oral qu'à l'écrit ; Excellent sens commercial ; Excellente élocution ; Excellentes capacités de communication et sens développé de l´organisation ; Un bon niveau en anglais est un avantage.","Bac+2 - Bac+3 - Bac+4 - Bac+5 et plus","Expérience entre 2 ans et 5 ans","Français (Courant), Anglais (Courant)","CDI","2026-04-27","Emploi.ma | https://www.emploi.ma/offre-emploi-maroc/responsable-comptes-commerciale-b-b-hf-rabat-9346734"
"Chargé de Comptes (Anglophone)","TECTRA CASA TERTIAIRE – RECRUTEMENT","Casablanca-Mohammedia","Intérim, recrutement","L’Humain est au cœur de notre métier ! TECTRA est aujourd’hui le leader du conseil en Ressources Humaines au Maroc. Avec plus de 1000 clients actifs multisectoriels et un réseau de 27 agences partout dans le Royaume, nous vous accompagnons au quotidien dans votre recherche d’emploi. Pour l'un de nos clients prestigieux dans le secteur d’assurance , nous recherchons actuellement des talents passionnés pour occuper le pose à Casablanca. Missions du poste Sous la supervision du Responsable de Portefeuille, vous assurez la gestion quotidienne des contrats pour nos clients internationaux. Vos missions principales incluent : Gestion Administrative : Suivi des polices d'assurance (émissions d'avenants, certificats, attestations). Interface Client : Répondre aux demandes d'informations des assurés et partenaires par email et téléphone. Coordination Anglophone : Gérer l’intégralité des échanges avec les interlocuteurs anglophones (compagnies étrangères, courtiers partenaires). Suivi de dossiers : Préparation des dossiers de renouvellement et aide à la mise en place des nouveaux programmes d'assurance.","Profil recherché Formation : Titulaire d’un Bac+3 (Licence Professionnelle en Assurance, Bachelor Banque/Assurance ou LEA). Expérience : Vous justifiez d'au moins 1 an d'expérience dans le secteur de l'assurance (les stages de fin d'études et l'alternance sont acceptés). Langues : Anglais courant impératif . Vous êtes capable de rédiger et de communiquer oralement avec assurance dans un contexte professionnel technique. Compétences : Bonne maîtrise du Pack Office, rigueur, réactivité et sens du service client.","Bac+3 - Bac+4 - Bac+5 et plus","Débutant < 2 ans - Expérience entre 2 ans et 5 ans - Expérience entre 5 ans et 10 ans - Expérience > 10 ans","Français (Courant), Anglais (Courant)","Stage","2026-04-28","Emploi.ma | https://www.emploi.ma/offre-emploi-maroc/charge-comptes-anglophone-casablanca-9334525"
"Consultant Ingénieur IA pour Mission de Conseil en IA","EMPLOI.MA","Agadir - Béni Mellal-Khénifra - Casablanca-Mohammedia - Dakhla - Errachidia - Fès - Guelmim - Laâyoune - Marrakech-Safi - Meknès - Oujda - Rabat-Salé-Kénitra - Settat - Tanger-Tétouan-Al Hoceïma - International","Éducation, formation Informatique, SSII, Internet Intérim, recrutement","Nous recherchons un Consultant Ingénieur IA pour Mission de Conseil en IA pour rejoindre notre équipe. Ce poste implique l'analyse des processus actuels d'un cabinet de recrutement afin de proposer et d'implémenter des solutions en intelligence artificielle visant à maximiser la valeur ajoutée à travers tous les processus de l'entreprise. Le consultant devra apporter son expertise pour définir des stratégies innovantes et adaptées aux enjeux du secteur. Missions : Analyser les processus existants du cabinet de recrutement pour identifier les opportunités d'intégration de l'IA. Proposer des solutions d'implémentation en intelligence artificielle pour optimiser chaque étape des processus RH et recrutement. Concevoir et recommander des stratégies d'automatisation et d'amélioration continue basées sur l'IA. Assurer la compatibilité des solutions proposées avec les systèmes existants et les besoins spécifiques de l'entreprise. Accompagner la mise en œuvre des solutions IA et former les équipes pour une adoption efficace.","Ce poste Consultant Ingénieur IA pour Mission de Conseil en IA requiert un professionnel expérimenté, capable d'analyser les processus actuels d'un cabinet de recrutement et de proposer des implémentations en intelligence artificielle pour maximiser la valeur ajoutée à travers tous les processus de l'entreprise. La mission est de nature freelance, avec une forte orientation stratégique et technique. Profil : Niveau d’expérience requis dans le domaine de l’intelligence artificielle et du recrutement, avec une expérience comprise entre 5 et 10 ans ou plus de 10 ans. Niveau d’études requis : Bac+5 et plus. Langues exigées : non spécifiées, mais une maîtrise de l’anglais ou du français serait un atout. Secteurs d’activité pertinents : informatique, nouvelles technologies, recrutement, intérim. Qualifications et compétences : Expérience avérée dans la mise en œuvre de solutions d’IA dans le secteur du recrutement ou des technologies. Capacité à analyser et optimiser les processus d’entreprise à l’aide de l’intelligence artificielle. Compétences en gestion de projets de conseil en IA et en transformation digitale. Excellentes compétences analytiques et relationnelles pour collaborer efficacement avec les équipes clients. Expertise spécifique dans le secteur du recrutement constitue un atout majeur.","Bac+5 et plus","Expérience entre 5 ans et 10 ans - Expérience > 10 ans","Français, Anglais","Freelance","2026-04-27","Emploi.ma | https://www.emploi.ma/offre-emploi-maroc/consultant-ingenieur-ia-mission-conseil-ia-home-office-9346749"
"Comptable (Cabinet d'Avocat)","JOB CONNECT","Rabat-Salé-Kénitra","Intérim, recrutement","Nous recrutons pour le compte de notre client, un cabinet d’avocat basé à Rabat, un(e) Comptable. Missions principales : Assurer la tenue de la comptabilité générale du cabinet Saisir, contrôler et classer les pièces comptables (factures, relevés bancaires, notes de frais…) Suivre les encaissements et décaissements (honoraires, paiements clients, charges…) Effectuer les rapprochements bancaires Préparer les déclarations fiscales (TVA, IS, IR…) en collaboration avec le cabinet externe si nécessaire Assurer le suivi de la trésorerie Participer à la préparation des bilans et situations comptables périodiques Veiller au respect des obligations légales et fiscales Mettre en place et améliorer les procédures comptables internes","Profil recherché : Formation en comptabilité, finance ou gestion (Bac+2 à Bac+3) Expérience souhaitée en comptabilité (idéalement en cabinet ou environnement juridique) Bonne maîtrise des outils comptables et d’Excel Connaissance de la réglementation fiscale marocaine Rigueur, organisation et sens de la confidentialité Orientation métier : forte motivation pour évoluer dans le domaine comptable (et non administratif) - Type de contrat : CDI - Salaire : A négocier","Bac+2 - Bac+3","Débutant < 2 ans - Expérience entre 2 ans et 5 ans","Français (Courant)","CDI","2026-04-28","Emploi.ma | https://www.emploi.ma/offre-emploi-maroc/comptable-c-rabat-9323395"
"Commercial Senior – Hôtel","CRIT","Casablanca-Mohammedia","Intérim, recrutement","Nous sommes à la recherche d'un Commercial Senior – Hôtel. L’Agent Commercial Senior aura pour mission principale de développer l’activité commerciale de l’hôtel et d’augmenter son chiffre d’affaires. Il assure la prospection, la gestion et la fidélisation d’un portefeuille clients composé principalement d’entreprises et d’agences de voyages. Missions principales : Développer et gérer un portefeuille clients corporate et agences Assurer la prospection de nouveaux partenaires commerciaux Promouvoir les services et offres de l’hôtel Négocier et conclure des contrats commerciaux Assurer le suivi et la fidélisation des clients existants Représenter l’hôtel auprès des partenaires et lors d’événements professionnels Contribuer à l’atteinte des objectifs commerciaux","Expérience confirmée dans le secteur hôtelier (obligatoire) Expérience en vente B2B, idéalement dans l’hôtellerie Bonne connaissance de la clientèle corporate et des agences de voyages Excellentes capacités de communication et de négociation Fort esprit commercial et orientation résultats Autonomie, rigueur et sens de l’organisation Présentation professionnelle irréprochable Formation en commerce, marketing ou hôtellerie (souhaitée)","Bac+3 - Bac+4 - Bac+5 et plus","Expérience entre 2 ans et 5 ans - Expérience entre 5 ans et 10 ans","Français (Courant), Anglais (Courant)","CDI","2026-04-27","Emploi.ma | https://www.emploi.ma/offre-emploi-maroc/commercial-senior-hotel-casablanca-9346364"
"Magasinier Carrière","SOCIÉTÉ ROUANDI","Marrakech-Safi","BTP, construction","Mission du poste Rattaché au Responsable Technique de la Direction d'Exploitation, le Magasinier assure la réception, le stockage et la sortie de l'ensemble des articles du magasin central (pièces de rechange, consommables, carburant, EPI) dans le respect des procédures FOLIM CARRIÈRES, afin de garantir la disponibilité des approvisionnements nécessaires à l'exploitation de la carrière. Principales responsabilités Réception & Contrôle Réceptionner et contrôler les articles commandés (quantité et qualité) : pièces de rechange, consommables, EPI, carburant Vérifier la conformité des livraisons avec les bons de commande et signaler toute anomalie Étiqueter et codifier les articles réceptionnés selon les procédures internes Classer les bons de livraison fournisseurs et les bons d'approvisionnement interne Gestion des Stocks Assurer le suivi et le contrôle de la rotation des produits en stock (FIFO) Établir les bons de sortie sur le système avant toute remise d'article Gérer et suivre les sorties de gasoil vers les engins et sites de la carrière Traiter les demandes des services logistiques et techniques Achats & Reporting Établir les demandes d'achats sur le système SAGE Signaler les ruptures de stock critiques et anticiper les besoins en pièces de rechange Produire les rapports d'inventaire périodiques Encadrement Encadrer et accompagner l'Aide Magasinier dans ses missions Veiller au respect du règlement intérieur et des règles HSE au sein du magasin","Profil recherché Formation : Bac+2 en Logistique, Gestion des Stocks, Approvisionnement ou équivalent Expérience : Minimum 4 ans en gestion de magasin ou approvisionnement, idéalement en milieu industriel ou carrière Compétences techniques requises Maîtrise du logiciel SAGE - gestion des stocks et demandes d'achats (obligatoire) Connaissance des pièces de rechange et consommables en milieu industriel / carrière Maîtrise des techniques de gestion de stock : FIFO, rotation, inventaire Permis de conduire B Qualités personnelles Rigueur et méticulosité dans la gestion et le contrôle des stocks Sens de l'organisation et capacité à gérer les priorités et urgences Aisance relationnelle avec les services techniques et les fournisseurs Respect strict de la confidentialité et des règles HSE","Bac+2 - Bac+3 - Bac+4 - Bac+5 et plus","Expérience entre 2 ans et 5 ans - Expérience entre 5 ans et 10 ans - Expérience > 10 ans","Non spécifié","Freelance","2026-04-27","Emploi.ma | https://www.emploi.ma/offre-emploi-maroc/magasinier-carriere-marrakech-9345533"
"Conseiller Commercial","SKETCH DESIGN MAROC","Casablanca-Mohammedia - Marrakech-Safi - Rabat-Salé-Kénitra - Tanger-Tétouan-Al Hoceïma","Industrie, production, fabrication, autres","Nous sommes à la recherche des Conseillers Commerciaux. Il/elle a pour mission principale de prospecter, négocier et développer le portefeuille clients du magasin. Il/elle doit identifier les besoins des clients et leur proposer des solutions adaptées, en veillant à maximiser les ventes et à atteindre les objectifs commerciaux. En plus de la prospection, le commercial est responsable de la gestion des relations clients, du suivi des propositions commerciales, et de la fidélisation.","Excellentes compétences en communication et négociation. Sens de l'écoute et capacité à comprendre les besoins des clients. Forte orientation résultats et objectifs. Autonomie, organisation et rigueur. Capacité à travailler en équipe et à collaborer avec les différents services. Connaissance du marché et des produits.","Bac+3","Expérience entre 2 ans et 5 ans","Français (Courant), Anglais (Courant)","CDI","2026-04-27","Emploi.ma | https://www.emploi.ma/offre-emploi-maroc/conseiller-commercial-casablanca-rabat-tanger-marrakech-8834000"
"Candidature Spontanée","ATLAS MULTISERVICES","Casablanca-Mohammedia","Industrie, production, fabrication, autres Transports, logistique, services postaux","En rejoignant nos équipes, vous contribuerez à des projets ambitieux au coeur d'un secteur en constante évolution. Vos missions seront définies en fonction de votre profil, de vos compétences et des besoins de nos équipes.","Profil recherché : Nationalité : Marocaine Âge : ≤ 27 ans Niveau d’instruction : BAC+2 ou BAC+3 Type de Bac : Scientifique ou Technique Nature de diplômes : Scientifique ; technique ; économie ; commerce ; tourisme Langue : Maîtrise du français à l’écrit et à l’oral","Bac+2 - Bac+3 - Bac+4 - Bac+5 et plus","Etudiant, jeune diplômé - Débutant < 2 ans - Expérience entre 2 ans et 5 ans - Expérience entre 5 ans et 10 ans - Expérience > 10 ans","Français (Courant), Anglais (Courant)","CDI","2026-04-27","Emploi.ma | https://www.emploi.ma/offre-emploi-maroc/candidature-spontanee-metiers-aeronautique-casablanca-9345354"
"Analyste Production","ATLAS PHARM","Settat","Industrie pharmaceutique","Nous sommes à la recherche d'un Analyste Production. Missions : Évaluer les flux de production actuels et proposer les améliorations visant à optimiser l’utilisation des ressources Management basé sur les KPI et l'amélioration continue Expérience en production pharmaceutique Analyse leadership communication et Travail d'équipe","Diplôme de Pharmacien Diplôme d’ingénieur Pharmaceutique","Bac+5 et plus","Expérience entre 2 ans et 5 ans - Expérience entre 5 ans et 10 ans - Expérience > 10 ans","Français (Courant), Anglais (Courant)","CDI","2026-04-25","Emploi.ma | https://www.emploi.ma/offre-emploi-maroc/analyste-production-berrechid-9004810"
"Responsable SMQ","TECTRA CASA BOURGOGNE – RECRUTEMENT","Casablanca-Mohammedia","Intérim, recrutement","Pour l'un de ces clients spécialisé dans le secteur Métallurgique, TECTRA recrute son Responsable SMQ. Principales Missions : Tâches liées à la création et à la gestion du système documentaire mettre en place et maintenir un Système de Management de la Qualité (SMQ) conforme aux exigences normatives (ISO 9001, éventuellement ISO 14001, ISO 45001). 1. Cartographie des processus : identification des processus Rédaction et mise à jour : Manuel Qualité (politique qualité, objectifs, organisation). Procédures : gestion des documents, traitement des non-conformités, maîtrise des équipements de mesure, gestion des audits. Instructions de travail spécifiques : Préparation du fil avant galvanisation. Contrôle du bain de zinc (température, composition). Mesure d’épaisseur zinc et tests d’adhérence, état de surface, tests mécaniques Enregistrements qualité : fiches de contrôle, rapports d’audit, fiches de non-conformité. Mise en place d’indicateurs qualité (taux de rebut, conformité dimensionnelle, réclamations clients .. ). Veille réglementaire et normative (normes EN 10244, ASTM A641, REACH, RoHS). Assurer la conformité du fil galvanisé selon les normes NM ISO 9001, EN 10244-2, ISO 1461. Encadrer et former l’équipe qualité et les opérateurs. Assurer la relation technique et qualité avec les clients. 2. Responsabilités sur le terrain (opérations qualité) Objectif : garantir la conformité des produits aux exigences clients et normatives tout au long du process. Contrôle qualité à la réception : Contrôle en cours de production : contrôle qualité du produit fini : 3. Autres tâches liées au poste Gestion des non-conformités : Audits internes et externes : Formation et sensibilisation : Amélioration continue :","Formation : Bac+3 à Bac+5 en management de la qualité, métallurgie, génie des matériaux ou ingénierie industrielle. Expérience : 2 à 5 ans minimum dans un environnement industriel, idéalement en traitement de surface ou production métallurgique. Expérience en management de la qualité et/ou laboratoire de contrôle. Compétences techniques : Maîtrise des normes ISO 9001 et référentiels techniques du secteur (EN, ASTM). Connaissances en galvanisation, métallurgie et traitement de surface. Maîtrise des outils de mesure (micromètre, dynamomètre..). Connaissances en analyse chimique et suivi des bains de galvanisation. Compétences transversales : Sens de l’organisation, rigueur, capacité d’analyse. Compétences en communication et travail en équipe. Maîtrise d’outils bureautiques et logiciels qualité (ERP, QMS).","Bac+5 et plus","Expérience entre 2 ans et 5 ans - Expérience entre 5 ans et 10 ans - Expérience > 10 ans","Français (Courant), Anglais (Courant)","CDI","2026-04-27","Emploi.ma | https://www.emploi.ma/offre-emploi-maroc/responsable-smq-birjdid-9345309"
"Pharmacien Assistant Chargée Affaires Réglementaires","ATLAS PHARM","Settat","Industrie pharmaceutique","Nous sommes à la recherche d'un Pharmacien Assistant Chargée Affaires Réglementaires.","Doctorat en Pharmacie Expérience en affaires réglementaires ( industrie pharmaceutique ) Connaissance de la réglementation nationale et internationale applicable Capacité de rédaction de dossiers réglementaires et de suivi des procédures Bonnes compétences en communication et travail transversal Bonne organisation et sens des priorités Fort engagement professionnel et autonomie Résistance au stress et capacité à gérer les urgences","Bac+5 et plus","Expérience entre 2 ans et 5 ans - Expérience entre 5 ans et 10 ans - Expérience > 10 ans","Français (Courant), Anglais (Courant)","CDI","2026-04-25","Emploi.ma | https://www.emploi.ma/offre-emploi-maroc/pharmacien-assistant-chargee-affaires-reglementaires-berrechid-9005951"
"Coursier","PROFILS RECRUTEMENT","Casablanca-Mohammedia","Intérim, recrutement","Nous recrutons pour notre client, Société opérant dans la vente, l'installation et le service après-vente de matériels et dispositifs médicaux hospitaliers, dans le cadre de son développement, un Coursier, poste basé à Casablanca - vous auriez comme mission: collecter les commandes emballés et pointage des produits avec le magasinier; veiller sur les marchandises au moment du chargement et au cours de la livraison; assurer tous les déplacements ponctuels: Achat divers, dépôt de courriers, distribution de factures auprès des clients... assurer toute mission d'aide à l'équipe commerciale, technique et administrative; veiller à l'entretien du moyen de transport à disposition.","Niveau d’expérience dans un poste similaire est exigé; Langue exigée : français, bon niveau. Secteurs d’activité de l’entreprise : Santé, pharmacie, hôpitaux, équipements médicaux.","Bac - Bac+1 - Bac+2 - Bac+3 - Bac+4 - Bac+5 et plus","Expérience entre 2 ans et 5 ans - Expérience entre 5 ans et 10 ans - Expérience > 10 ans","Français (Courant), Arabe (Courant)","CDI","2026-04-25","Emploi.ma | https://www.emploi.ma/offre-emploi-maroc/coursier-casablanca-9331002"
"Stagiaire Community Manager","IZIRY","Casablanca-Mohammedia","Distribution, vente, commerce de gros","Nous sommes à la recherche d'un Stagiaire Community Manager. Sous la supervision de la direction, vous participerez activement au rayonnement de la marque sur le web : Animation des réseaux sociaux : Gestion et animation quotidienne de nos comptes (Facebook, Instagram, LinkedIn). Création de contenu : Conception de visuels, rédaction de publications impactantes et montage de vidéos courtes (Reels/TikTok). Modération : Interaction avec notre communauté, réponse aux messages et commentaires. Veille stratégique : Suivre les tendances du secteur et proposer des idées innovantes pour booster notre engagement. Reporting : Analyse des performances des publications et suivi des indicateurs clés (KPIs).","Étudiant(e) en Communication, Marketing Digital ou école de commerce. Maîtrise parfaite du français et de l'arabe (le darija est un plus pour la proximité avec la cible locale). Aisance avec les outils de création graphique (Canva, CapCut, ou suite Adobe). Force de proposition, autonomie et excellent sens du relationnel.","Qualification avant bac - Bac - Bac+1 - Bac+2 - Bac+3 - Bac+4 - Bac+5 et plus","Etudiant, jeune diplômé - Débutant < 2 ans - Expérience entre 2 ans et 5 ans - Expérience entre 5 ans et 10 ans - Expérience > 10 ans","Français, Arabe","CDI","2026-04-27","Emploi.ma | https://www.emploi.ma/offre-emploi-maroc/stagiaire-community-manager-casablanca-9345360"
"Assistante Administrative – Classement et Archivage","BEINTERIM","Rabat-Salé-Kénitra","Intérim, recrutement Recherche et développement Services autres","Dans le cadre du renforcement de notre organisation, nous recrutons une Assistante Administrative rigoureuse et organisée, chargée du suivi des tâches administratives, du classement et de l’archivage des documents. Missions principales : Assurer le classement physique et numérique des dossiers (contrats, factures, documents comptable, documents RH…) Mettre en place et maintenir un système d’archivage structuré et efficace Garantir la traçabilité et la disponibilité des documents Suivre les tâches administratives courantes et les échéances Assister les équipes dans la gestion documentaire Veiller à la confidentialité des informations traitées","Profil recherché : Bac+2 minimum en gestion, administration ou équivalent Expérience souhaitée dans un poste similaire Excellente organisation et sens du détail Maîtrise des outils bureautiques (Excel, Word, gestion de fichiers) Capacité à gérer un volume important de documents Discrétion, rigueur et sens des responsabilités","Bac+2 - Bac+3 - Bac+4 - Bac+5 et plus","Etudiant, jeune diplômé - Débutant < 2 ans - Expérience entre 2 ans et 5 ans - Expérience entre 5 ans et 10 ans - Expérience > 10 ans","Non spécifié","CDI","2026-04-27","Emploi.ma | https://www.emploi.ma/offre-emploi-maroc/assistante-administrative-classement-archivage-rabat-9344857"
"Responsable Ressources Humaines H/F","TECTRA","Casablanca-Mohammedia","Intérim, recrutement","Tectra recrute un(e) Responsable Ressources Humaines H/F pour un laboratoire de renommé sur Mohammedia. Vous aurez pour missions : Piloter et structurer le département RH sur les volets stratégique et opérationnel Gérer le processus de recrutement de A à Z (définition des besoins, sourcing, entretiens, sélection) Mettre en place et suivre le système d’évaluation de la performance Développer les parcours professionnels (plans de carrière, formation) Assurer l’administration du personnel (contrats, paie, congés, dossiers RH, mise à jour des données) Veiller au respect de la législation sociale et gérer les relations sociales (conflits, négociations, représentants du personnel) Produire des reportings RH réguliers et analyser les indicateurs de performance Assurer le rôle de référent RH auprès des équipes et de la direction - Contrat : CDI+avantages sociaux - Rémunération : attractive selon le profil","Bac+5 en Ressources Humaines, gestion, droit social ou psychologie Expérience Expérience minimale de 5 ans dans une fonction RH similaire Bonne maîtrise du français et l’anglais, l’espagnol est souhaité Permis de conduire","Bac+5 et plus","Expérience entre 5 ans et 10 ans","Français (Courant), Anglais (Courant), Espagnol (Courant)","CDI","2026-04-25","Emploi.ma | https://www.emploi.ma/offre-emploi-maroc/responsable-ressources-humaines-hf-mohammedia-9329752"
"Pharmacien(ne)","AMANYS PHARMA","Rabat-Salé-Kénitra","Electricité, eau, gaz, nucléaire, énergie Industrie pharmaceutique Industrie, production, fabrication, autres Maintenance, entretien, service après vente Santé, pharmacie, hôpitaux, équipements médicaux","Nous sommes à la recherche d'un(e) Pharmacien(ne). Missions : Soutenir et coordonner les activités de qualification et de validation (IQ/OQ/PQ) des équipements, utilités, installations et procédés. Participer à la préparation, la révision et la gestion du Plan Directeur de Validation (VMP) et du Site Master File (SMF). Réaliser des tournées GMP (GMP walk-throughs) et contribuer à la revue documentaire (BMR, logbooks, déviations, CAPA, change controls). Participer aux audits internes et audits fournisseurs ; assurer le suivi des dossiers d’audit et des CAPA associées. Rédiger, maintenir et mettre à jour les documents AQ : SOP, protocoles et rapports de validation, tableaux de suivi de conformité. Soutenir la coordination des formations GMP, la gestion des enregistrements de formation et l’intégration des nouveaux employés.","Diplôme universitaire (Licence/Master) en Pharmacie, Biotechnologie, Microbiologie ou Sciences de la Vie. 3 à 4 ans d’expérience en Assurance Qualité pharmaceutique, conformité réglementaire ou validation. Bonne compréhension du cycle de vie de la validation, des principes GMP et des référentiels réglementaires (EU GMP, OMS, PIC/S). Bonnes compétences en documentation, communication et organisation. Maîtrise de MS Office ; anglais, français requis.","Bac+3 - Bac+4 - Bac+5 et plus","Expérience entre 2 ans et 5 ans","Français, Anglais","CDI","2026-04-25","Emploi.ma | https://www.emploi.ma/offre-emploi-maroc/pharmacienne-ain-aouda-9224923"
"Responsable Logistique","PROFILS RECRUTEMENT","Casablanca-Mohammedia","Intérim, recrutement","Nous recrutons pour notre client, Société basée à Casablanca, opérant dans la vente, l'installation et le service après-vente de matériels et dispositifs médicaux hospitaliers, dans le cadre de son développement un Responsable Logistique. Ce poste implique la gestion efficace de la chaîne logistique, la coordination des opérations de transport et la supervision des processus logistiques pour assurer la satisfaction des exigences de notre secteur. Missions : Planifier et organiser les activités logistiques en conformité avec les normes du secteur médical. Coordonner la gestion des stocks et assurer la disponibilité des équipements médicaux dans les délais impartis. Superviser la gestion des transports et optimiser les itinéraires pour réduire les coûts et améliorer la rapidité de livraison. Assurer la conformité réglementaire et la qualité des opérations logistiques. Collaborer avec les équipes internes et les partenaires externes pour garantir une logistique fluide et efficace.","Ce poste Responsable Logistique nécessite un professionnel expérimenté capable de superviser efficacement l'ensemble des opérations logistiques tout en garantissant le respect des normes en vigueur dans le secteur de la santé et des équipements médicaux. Profil : Niveau d’expérience requis dans le secteur de la logistique ou du transport, avec une expérience comprise entre 2 et 10 ans. Niveau d’études requis : Bac+4, Bac+5 et plus. Qualifications et compétences : Excellentes compétences en gestion d’équipe et en organisation logistique. Maîtrise des processus de gestion des stocks et de la chaîne d’approvisionnement. Capacité à analyser et optimiser les flux logistiques. Bonne connaissance des normes réglementaires du secteur médical. Compétences en communication et en résolution de problèmes.","Bac+4 - Bac+5 et plus","Expérience entre 2 ans et 5 ans - Expérience entre 5 ans et 10 ans - Expérience > 10 ans","Français (Courant), Anglais (Courant), Arabe (Courant)","CDI","2026-04-25","Emploi.ma | https://www.emploi.ma/offre-emploi-maroc/responsable-logistique-casablanca-9330890"
"Assistante Administrative et Appels d’Offres","CRIT","Casablanca-Mohammedia","Intérim, recrutement","Nous sommes à la recherche d'une Assistante Administrative et Appels d’Offres. Vos missions : Assurer la gestion administrative quotidienne (courrier, classement, suivi des dossiers) Gérer les achats et assurer le suivi des fournisseurs Assurer la gestion de l’agenda et l’organisation des rendez-vous Suivre et mettre à jour les fichiers Excel Gérer la facturation et les bons de livraison (BL) Assurer l’accueil physique et téléphonique Gérer la caisse et les opérations courantes Participer à la gestion et au suivi des appels d’offres Gestion & Appels d’offres : Effectuer la veille des appels d’offres publics et privés Analyser les dossiers de consultation et identifier les pièces requises Préparer, constituer et déposer les dossiers d’appels d’offres Garantir la conformité des documents selon les exigences du cahier des charges Coordonner avec les différents services pour la collecte des informations Assurer le suivi des dossiers administratifs et fournisseurs Veiller au respect des délais et à la bonne organisation administrative","Bac +2 / Bac +3 en gestion, administration ou équivalent Expérience minimum de 3 ans dans un poste similaire Expérience obligatoire en gestion des appels d’offres Bonne maîtrise des outils bureautiques (Word, Excel…) Bon niveau en français (écrit et oral)","Bac+2 - Bac+3","Expérience entre 2 ans et 5 ans - Expérience entre 5 ans et 10 ans","Français (Courant)","CDI","2026-04-27","Emploi.ma | https://www.emploi.ma/offre-emploi-maroc/assistante-administrative-appels-offres-casablanca-9345508"
"Manager Restaurant","TECTRA RABAT - KENITRA","Rabat-Salé-Kénitra","Intérim, recrutement","Nous recherchons un Manager Restaurant / Directeur de Restaurant pour rejoindre notre équipe. Ce poste implique la gestion quotidienne des opérations du restaurant, la supervision du personnel, et l'optimisation de la satisfaction client dans un environnement dynamique et exigeant. Missions : Assurer la gestion efficace des opérations du restaurant en respectant les normes de qualité et de service. Superviser et encadrer l'équipe pour garantir une performance optimale et un environnement de travail harmonieux. Gérer la relation avec la clientèle pour assurer leur satisfaction et fidélisation. Participer à la planification stratégique et à l'élaboration des budgets. Mettre en place des actions pour améliorer la rentabilité et l'efficacité des services.","Ce poste Manager Restaurant / Directeur de Restaurant requiert un candidat expérimenté, capable de gérer efficacement les opérations quotidiennes, de superviser les équipes et d'assurer une expérience client de qualité tout en respectant les normes de l'industrie hôtelière et de la restauration. Profil : Niveau d’expérience requis dans le management, direction générale, avec entre 2 et 10 ans d’expérience. Niveau d’études requis : Bac+2 à Bac+5 et plus. Langues exigées : anglais (bon niveau), arabe (maternelle), français (courant). Secteurs d’activité pertinents : hôtellerie, restauration, tourisme, loisirs. Qualifications et compétences : Expérience en gestion d’équipe et en management opérationnel. Compétences en Category Management et gestion commerciale. Capacités relationnelles et leadership pour motiver et encadrer les équipes. Excellentes compétences en communication et en service client. Capacité à travailler sous pression et à gérer plusieurs priorités.","Bac+2 - Bac+3 - Bac+4 - Bac+5 et plus","Expérience entre 2 ans et 5 ans - Expérience entre 5 ans et 10 ans - Expérience > 10 ans","Français (Courant), Anglais (Courant), Arabe (Courant)","Freelance","2026-04-27","Emploi.ma | https://www.emploi.ma/offre-emploi-maroc/manager-restaurant-rabat-9345283"
"Technicien Maintenance","SELHA MAROC","Casablanca-Mohammedia","Aéronautique, navale","Dans le cadre du renforcement de nos équipes, nous recrutons un Technicien Maintenance pour assurer la maintenance préventive et corrective des moyens industriels et/ou des infrastructures, tout en garantissant le respect de la politique qualité sécurité environnement définie: Établir et actualiser le planning d’intervention, tout en assurant une communication à la production Réaliser l’entretien des moyens industriels Assurer le suivi et la mise à jour des documents de maintenance Localiser, diagnostiquer les pannes et réaliser la maintenance corrective des moyens industriels Proposer des alternatives aux défaillances constatées afin d’augmenter l’efficacité des moyens industriels (taux de rendement synthétique) Gérer les stocks de pièces détachées des moyens industriels Piloter les intervenants extérieurs et s’assurer de la bonne adéquation de l’intervention par rapport au besoin Participer à la démarche qualité sécurité environnement menée par l’entreprise S’assurer du respect des normes de sécurité quant au fonctionnement et à l’usage des moyens industriels Participer aux déménagements et/ou aménagements des zones de production Gérer l'activité de la métrologie : Gérer l'activité liée à la vérification, réparation, arrivée et départ des appareils de mesure","Bac+2 / Bac+3 en électromécanique, maintenance industrielle. expérience 2 ans dans un poste similaire (milieu industriel) Solides compétences en mécanique, électricité industrielle et automatisme. Esprit d’équipe et respect des consignes de sécurité.","Bac+2","Expérience entre 2 ans et 5 ans","Français (Courant)","CDI","2026-04-27","Emploi.ma | https://www.emploi.ma/offre-emploi-maroc/technicien-maintenance-casablanca-9345276"
"Spécialiste Assurance Qualité","ATLAS PHARM","Casablanca-Mohammedia - Settat","Industrie pharmaceutique","Nous sommes à la recherche d'un Spécialiste Assurance Qualité - Docteur en Pharmacie. Missions : Mise en couvre et maintien de la politique qualité du site selon les standards du groupe. Assurer la compliance des précédés en conformité avec les BPF. Assurer la qualification des fournisseurs des composants pharmaceutiques. Gérer les déviations qualité, investigation, Change contrôle et plan d'action. Assurer un suivi des plans CAPA issues des audits internes, inspections et audits clients. Mettre en place une politique de formation selon les exigences BPF. Mise en couvre et maintien de la politique qualité du site selon les standards du groupe. Assurer la compliance des précédés en conformité avec les BPF. Assurer la qualification des fournisseurs des composants pharmaceutiques. Gérer les déviations qualité, investigation, Change contrôle et plan d'action. Assurer un suivi des plans CAPA issues des audits internes, inspections et audits clients. Mettre en place une politique de formation selon les exigences BPF.","Doctorat en pharmacie obligatoire Minimum 2 ans d’expérience en industrie pharmaceutique","Bac+5 et plus","Expérience entre 2 ans et 5 ans - Expérience entre 5 ans et 10 ans - Expérience > 10 ans","Français (Courant), Anglais (Courant)","CDI","2026-04-25","Emploi.ma | https://www.emploi.ma/offre-emploi-maroc/specialiste-assurance-qualite-docteur-pharmacie-berrechid-8749258"
"Technicien Maintenance _ Traitement des Eaux","AMANYS PHARMA","Rabat-Salé-Kénitra","Electricité, eau, gaz, nucléaire, énergie Industrie pharmaceutique Industrie, production, fabrication, autres Maintenance, entretien, service après vente Santé, pharmacie, hôpitaux, équipements médicaux","Nous sommes à la recherche d'un Technicien Maintenance _ Traitement des Eaux. Missions : Garantir le bon fonctionnement des systèmes d’eau pharmaceutiques Réaliser les contrôles qualité et assurer la traçabilité des données Appliquer les normes cGMP et les procédures internes Participer aux interventions techniques et aux projets d’amélioration continue","Bac+2 / Bac+3 en génie des procédés, maintenance industrielle ou équivalent 2 à 5 ans d’expérience en traitement des eaux (pharma ou industriel) Maîtrise des systèmes d’eau purifiée et des exigences cGMP Rigueur, esprit d’équipe et sens du détail Anglais souhaité","Bac+2 - Bac+3","Expérience entre 2 ans et 5 ans - Expérience entre 5 ans et 10 ans - Expérience > 10 ans","Français, Anglais","CDI","2026-04-25","Emploi.ma | https://www.emploi.ma/offre-emploi-maroc/technicien-maintenance-traitement-eaux-ain-aouda-9226701"
"Responsable Commercial(e) – Showroom","SKETCH DESIGN MAROC","Casablanca-Mohammedia","Industrie, production, fabrication, autres","Nous sommes à la recherche d'un(e) Responsable Commercial(e) – Showroom. Missions : Assurer l’accueil, le conseil et l’accompagnement des clients Développer et fidéliser un portefeuille clients (particuliers, architectes, décorateurs, promoteurs) Piloter l’activité commerciale du showroom et atteindre les objectifs de vente Superviser l’équipe de vente et garantir l’excellence du service client Participer à la mise en valeur du showroom (merchandising, mise en scène, image de marque) Assurer le suivi des commandes, devis et projets clients de A à Z","Expérience confirmée dans la vente, idéalement dans le luxe, l’ameublement ou le design Fort sens commercial et goût prononcé pour l’esthétique et le détail Excellentes qualités relationnelles et sens du service client Leadership, autonomie et esprit d’initiative Maîtrise des techniques de vente et de négociation La maîtrise d’une ou plusieurs langues étrangères est un atout","Bac+3 - Bac+4 - Bac+5 et plus","Expérience entre 5 ans et 10 ans","Français (Courant), Anglais (Courant)","CDI","2026-04-27","Emploi.ma | https://www.emploi.ma/offre-emploi-maroc/responsable-commerciale-showroom-casablanca-9190522"
"Assistant(e) Marketing Junior / Sénior","SERENITE LUXURY","Marrakech-Safi","Ameublement, décoration Immobilier, architecture, urbanisme","Nous développons des projets immobiliers de très haut standing intégrant des marques de luxe internationales avec une forte dimension design architecture et branding. Dans le cadre de notre développement nous recherchons un(e) Assistant(e) Marketing capable d'évoluer dans un environnement exigeant créatif et confidentiel et maîtrisant les outils d intelligence artificielle. La personne travaillera en lien direct avec la direction sur des projets à forte valeur ajoutée dans l'immobilier de luxe le design et le branding. Les missions consistent à assister la stratégie marketing et le positionnement des projets immobiliers de luxe à créer et optimiser des contenus de communication et de présentation à participer à l élaboration de plaquettes supports digitaux et éléments de storytelling à utiliser des outils d intelligence artificielle pour la génération de contenus la structuration d idées la veille créative et concurrentielle ainsi que l optimisation de supports marketing à coordonner les échanges avec les designers architectes agences et partenaires et à assurer le suivi opérationnel des projets marketing. Le profil recherché dispose d une formation ou d une expérience en marketing communication design branding ou domaine équivalent. Une très bonne maîtrise des outils d intelligence artificielle est indispensable. Une sensibilité marquée pour le luxe le design l architecture et l immobilier haut de gamme est requise. Une excellente capacité rédactionnelle en français est attendue. La maîtrise de l anglais est un atout important. La personne devra être organisée autonome créative discrète et capable de travailler sur des projets à haut niveau d exigence. Nous offrons un environnement de travail qualitatif et inspirant des projets uniques à dimension internationale une collaboration directe avec la direction une forte montée en compétences sur le luxe le branding et l usage de l intelligence artificielle ainsi qu une rémunération adaptée au profil et à l expérience. L","Nous recherchons une personne rigoureuse curieuse et créative capable d évoluer dans un environnement exigeant et confidentiel lié au luxe immobilier et au design. Le ou la candidate doit avoir une réelle sensibilité pour l esthétique le détail la cohérence de marque et les standards haut de gamme. Une formation ou une expérience en marketing communication design branding ou dans un domaine équivalent est souhaitée. La personne doit être à l aise avec les outils d intelligence artificielle et savoir les utiliser de manière intelligente pour la création de contenus l organisation des idées la veille créative et l optimisation de supports marketing. L usage de ces outils doit être fluide naturel et intégré au quotidien de travail. Une excellente maîtrise de la langue française est indispensable aussi bien à l écrit qu à l oral. La connaissance de l anglais est fortement appréciée. La personne recherchée doit être structurée autonome organisée et capable de travailler en lien direct avec la direction sur des projets à forte valeur ajoutée. Une discrétion absolue est requise ainsi qu une capacité à comprendre rapidement les enjeux d image de positionnement et de storytelling propres aux projets de luxe. Le ou la candidate doit faire preuve de fiabilité d implication et d un véritable sens des responsabilités. Une sensibilité au luxe à l immobilier haut de gamme à l architecture et au design est essentielle. Une capacité à proposer des idées à anticiper et à accompagner des projets en phase de développement est fortement appréciée.","Bac+2 - Bac+3 - Bac+4 - Bac+5 et plus","Expérience entre 2 ans et 5 ans - Expérience entre 5 ans et 10 ans - Expérience > 10 ans","Français (Courant), Anglais (Courant), Arabe (Courant)","CDI","2026-04-27","Emploi.ma | https://www.emploi.ma/offre-emploi-maroc/assistante-marketing-marrakech-9206381"
"Électricien Industriel","SOCIÉTÉ ROUANDI","Marrakech-Safi","BTP, construction","Nous sommes à la recherche d'un Électricien Industriel. Mission du poste Rattaché au Responsable de Site de la Direction d'Exploitation, l'Électricien Industriel assure le bon fonctionnement, la maintenance préventive et corrective, ainsi que le dépannage des installations électriques des équipements de production (concassage, criblage, convoyage) afin de garantir la continuité de l'exploitation de la carrière. Principales responsabilités Maintenance Électrique Assurer la maintenance préventive et corrective des installations électriques (concasseurs, cribles, convoyeurs) Réparer ou faire remplacer le matériel électrique défectueux dans les meilleurs délais Assurer la maintenance des moteurs électriques, variateurs de vitesse et systèmes de convoyage Identifier les besoins en pièces de rechange électriques et outillage spécifique Diagnostics & Interventions Localiser et diagnostiquer les pannes ou anomalies électriques dans les délais les plus courts Intervenir sur les automatismes industriels : API, variateurs de vitesse, équipements de mesure Lire et interpréter les plans et schémas électriques des installations de carrière Décider de l'arrêt d'un équipement en cas de risque électrique et valider la remise en service Documentation & Amélioration Continue Établir et suivre les plans de maintenance électrique préventive Rédiger les fiches d'intervention, rapports de pannes et documents techniques Identifier et signaler les opportunités d'amélioration des installations électriques Encadrement & Sécurité Encadrer et accompagner l'Agent de Maintenance dans ses missions Veiller au respect strict des consignes de sécurité électrique en environnement industriel Assurer le respect du règlement intérieur et des procédures HSE du site","Profil recherché Formation : Bac+2 minimum en Électrotechnique, Électromécanique, Maintenance Industrielle ou équivalent (BTS, DUT) Expérience : Minimum 2 ans en maintenance électrique industrielle, idéalement en carrières, mines ou BTP Habilitations & prérequis Habilitation électrique BT/HT - obligatoire CACES engins - apprécié Formation sécurité carrières Compétences techniques Maîtrise de l'électrotechnique industrielle : BT/HT, moteurs, variateurs, automates Lecture et interprétation de schémas électriques et plans techniques Connaissance des automatismes industriels : API, capteurs, instrumentation Qualités personnelles Grande disponibilité et mobilité - interventions d'urgence en zone carrière Capacité à prioriser les interventions selon l'impact production Rigueur dans la rédaction des documents d'intervention et de maintenance Esprit d'équipe et bonne communication avec la maintenance mécanique et les opérateurs","Bac+2 - Bac+3 - Bac+4 - Bac+5 et plus","Expérience entre 2 ans et 5 ans - Expérience entre 5 ans et 10 ans - Expérience > 10 ans","Non spécifié","Freelance","2026-04-27","Emploi.ma | https://www.emploi.ma/offre-emploi-maroc/electricien-industriel-marrakech-9345568"
"Chauffeur Livreur C","TECTRA","Casablanca-Mohammedia","Intérim, recrutement","Tectra recrute pour son client sur Casablanca un Chauffeur Livreur permis C-EC avec expérience en livraison . Carte professionnelle obligatoire Contrat intérim+avantages sociaux Rémunération : 3500 dh net","Niv bac/Bac Expérience réussie en livraison pour le compte d'un groupe d'agroalimentaire","Qualification avant bac","Expérience entre 2 ans et 5 ans","Arabe (Courant)","Freelance","2026-04-27","Emploi.ma | https://www.emploi.ma/offre-emploi-maroc/chauffeur-livreur-c-ec-casablanca-9345523"
"Technicien en Maintenance des Imprimantes","TECTRA TANGER – RECRUTEMENT","Tanger-Tétouan-Al Hoceïma","Intérim, recrutement","L’Humain est au cœur de notre métier ! TECTRA est aujourd’hui leader du conseil en Ressources Humaines au Maroc. Avec plus de 1000 clients actifs multisectoriels et une force de réseaux de 27 agences partout dans le Royaume, Tectra vous accompagne dans votre recherche d’emploi. Pour l’un de ses clients, TECTRA recherche un Technicien en Maintenance des Imprimantes, à Tanger. Missions principales : Maintenance préventive : Nettoyage, remplacement de pièces d'usure (tambours, unités de fusion), et vérification pour éviter les pannes. Maintenance corrective : Diagnostic et réparation sur site ou en atelier (mécanique et électronique). Installation et configuration : Paramétrage de systèmes d'impression connectés et mise à jour des pilotes. Support technique : Assistance aux utilisateurs et gestion des stocks de consommables","Profil recherché : Bac+2 (BTS/DUT) en maintenance, informatique ou réseaux, ou formation spécialisée. Compétences techniques : Connaissance des technologies laser et jet d'encre, réseaux informatiques (IP, partage). Marques courantes : HP, Canon, Brother, Samsung, Lexmark, Epson","Bac+2 - Bac+3 - Bac+4 - Bac+5 et plus","Expérience entre 2 ans et 5 ans","Français (Courant)","CDI","2026-04-27","Emploi.ma | https://www.emploi.ma/offre-emploi-maroc/technicien-maintenance-imprimantes-tanger-9345656"
"Specialiste Paie Senior","QUALITY TOMATO MOROCCO","Agadir","Agriculture, pêche, aquaculture","QTM est une entreprise spécialisée dans la production de tomates dans la région d’Agadir, reconnue pour son engagement en faveur de la qualité, de la durabilité et du développement des compétences de ses collaborateurs.Dans le cadre de notre expansion, nous recrutons un Responsable de Paie. Missions principales : Élaboration et gestion de la paie : Assurer la gestion complète et autonome du processus de paie, en appliquant la réglementation sociale et fiscale en vigueur et en utilisant Sage Paie pour sécuriser et optimiser la paie. Collecte, contrôle et traitement des éléments variables de paie (heures, absences, congés, primes, etc.) Établissement des bulletins de paie dans le respect de la réglementation sociale et fiscale Gestion des déclarations sociales (CNSS, AMO, autres organismes) Préparation et suivi du paiement des salaires Reporting et amélioration continue Paramétrage, contrôle et optimisation du logiciel Sage Paie lors de sa mise en place. Production des états de paie, tableaux de bord et reportings sociaux Suivi du pointage journalier Proposition d’améliorations des processus de paie et d’administration du personnel Contribution à l’optimisation des outils et procédures RH Administration du personnel Suivi des entrées et sorties du personnel Vérification des contrats de travail et des RIB Suivi des congés, absences et arrêts de travail Rôle d’interlocuteur(trice) principal(e) des salariés pour toutes les questions liées à la paie Participation aux audits internes et externes","Formation : Bac+2 ou plus en comptabilité, gestion ou équivalent. Expérience : Minimum 3 ans dans un poste similaire avec expérience confirmée en gestion de la paie. Compétences : Rigueur, précision, capacités d’analyse et de synthèse. Qualités personnelles : Adaptabilité, aisance relationnelle, sens du détail.","Bac+3 - Bac+4 - Bac+5 et plus","Expérience entre 2 ans et 5 ans - Expérience entre 5 ans et 10 ans - Expérience > 10 ans","Français, Anglais","CDI","2026-04-27","Emploi.ma | https://www.emploi.ma/offre-emploi-maroc/specialiste-paie-senior-sage-paie-chtouka-ait-baha-9345662"
